ISO-10303-21;
HEADER;
/* Generated by software containing ST-Developer
 * from STEP Tools, Inc. (www.steptools.com) 
 */

FILE_DESCRIPTION(
/* description */ (''),
/* implementation_level */ '2;1');

FILE_NAME(
/* name */ 'ICU-10201.step',
/* time_stamp */ '2024-11-14T14:05:05+02:00',
/* author */ (''),
/* organization */ (''),
/* preprocessor_version */ 'ST-DEVELOPER v20',
/* originating_system */ 'Autodesk Translation Framework v13.20.0.188',

/* authorisation */ '');

FILE_SCHEMA (('AUTOMOTIVE_DESIGN { 1 0 10303 214 3 1 1 }'));
ENDSEC;

DATA;
#10=MECHANICAL_DESIGN_GEOMETRIC_PRESENTATION_REPRESENTATION('',(#274,#275,
#276,#277,#278,#279),#7396);
#11=SHAPE_REPRESENTATION_RELATIONSHIP('SRR','None',#7403,#12);
#12=ADVANCED_BREP_SHAPE_REPRESENTATION('',(#13,#14,#15,#16),#7395);
#13=MANIFOLD_SOLID_BREP('Body1',#4689);
#14=MANIFOLD_SOLID_BREP('Body2',#4690);
#15=MANIFOLD_SOLID_BREP('Body3',#4691);
#16=MANIFOLD_SOLID_BREP('Body8',#4692);
#17=FACE_BOUND('',#526,.T.);
#18=FACE_BOUND('',#532,.T.);
#19=FACE_BOUND('',#539,.T.);
#20=FACE_BOUND('',#540,.T.);
#21=FACE_BOUND('',#598,.T.);
#22=FACE_BOUND('',#714,.T.);
#23=FACE_BOUND('',#715,.T.);
#24=FACE_BOUND('',#719,.T.);
#25=FACE_BOUND('',#720,.T.);
#26=FACE_BOUND('',#722,.T.);
#27=FACE_BOUND('',#723,.T.);
#28=FACE_BOUND('',#735,.T.);
#29=FACE_BOUND('',#736,.T.);
#30=FACE_BOUND('',#748,.T.);
#31=FACE_BOUND('',#749,.T.);
#32=FACE_BOUND('',#754,.T.);
#33=FACE_BOUND('',#755,.T.);
#34=FACE_BOUND('',#769,.T.);
#35=FACE_BOUND('',#770,.T.);
#36=FACE_BOUND('',#774,.T.);
#37=FACE_BOUND('',#776,.T.);
#38=FACE_BOUND('',#777,.T.);
#39=PLANE('',#4709);
#40=PLANE('',#4710);
#41=PLANE('',#4711);
#42=PLANE('',#4712);
#43=PLANE('',#4713);
#44=PLANE('',#4714);
#45=PLANE('',#4715);
#46=PLANE('',#4716);
#47=PLANE('',#4717);
#48=PLANE('',#4718);
#49=PLANE('',#4719);
#50=PLANE('',#4720);
#51=PLANE('',#4722);
#52=PLANE('',#4723);
#53=PLANE('',#4726);
#54=PLANE('',#4727);
#55=PLANE('',#4728);
#56=PLANE('',#4732);
#57=PLANE('',#4733);
#58=PLANE('',#4734);
#59=PLANE('',#4735);
#60=PLANE('',#4736);
#61=PLANE('',#4737);
#62=PLANE('',#4738);
#63=PLANE('',#4739);
#64=PLANE('',#4740);
#65=PLANE('',#4741);
#66=PLANE('',#4742);
#67=PLANE('',#4743);
#68=PLANE('',#4744);
#69=PLANE('',#4745);
#70=PLANE('',#4746);
#71=PLANE('',#4747);
#72=PLANE('',#4748);
#73=PLANE('',#4749);
#74=PLANE('',#4750);
#75=PLANE('',#4751);
#76=PLANE('',#4752);
#77=PLANE('',#4753);
#78=PLANE('',#4754);
#79=PLANE('',#4755);
#80=PLANE('',#4756);
#81=PLANE('',#4757);
#82=PLANE('',#4758);
#83=PLANE('',#4759);
#84=PLANE('',#4760);
#85=PLANE('',#4761);
#86=PLANE('',#4762);
#87=PLANE('',#4763);
#88=PLANE('',#4764);
#89=PLANE('',#4765);
#90=PLANE('',#4766);
#91=PLANE('',#4767);
#92=PLANE('',#4768);
#93=PLANE('',#4769);
#94=PLANE('',#4770);
#95=PLANE('',#4771);
#96=PLANE('',#4772);
#97=PLANE('',#4773);
#98=PLANE('',#4774);
#99=PLANE('',#4775);
#100=PLANE('',#4776);
#101=PLANE('',#4777);
#102=PLANE('',#4778);
#103=PLANE('',#4779);
#104=PLANE('',#4780);
#105=PLANE('',#4781);
#106=PLANE('',#4782);
#107=PLANE('',#4783);
#108=PLANE('',#4784);
#109=PLANE('',#4785);
#110=PLANE('',#4786);
#111=PLANE('',#4787);
#112=PLANE('',#4788);
#113=PLANE('',#4789);
#114=PLANE('',#4790);
#115=PLANE('',#4791);
#116=PLANE('',#4792);
#117=PLANE('',#4793);
#118=PLANE('',#4794);
#119=PLANE('',#4795);
#120=PLANE('',#4796);
#121=PLANE('',#4797);
#122=PLANE('',#4798);
#123=PLANE('',#4799);
#124=PLANE('',#4800);
#125=PLANE('',#4801);
#126=PLANE('',#4802);
#127=PLANE('',#4803);
#128=PLANE('',#4804);
#129=PLANE('',#4805);
#130=PLANE('',#4806);
#131=PLANE('',#4807);
#132=PLANE('',#4808);
#133=PLANE('',#4809);
#134=PLANE('',#4810);
#135=PLANE('',#4811);
#136=PLANE('',#4812);
#137=PLANE('',#4813);
#138=PLANE('',#4814);
#139=PLANE('',#4815);
#140=PLANE('',#4816);
#141=PLANE('',#4817);
#142=PLANE('',#4818);
#143=PLANE('',#4819);
#144=PLANE('',#4820);
#145=PLANE('',#4821);
#146=PLANE('',#4822);
#147=PLANE('',#4823);
#148=PLANE('',#4824);
#149=PLANE('',#4825);
#150=PLANE('',#4826);
#151=PLANE('',#4827);
#152=PLANE('',#4828);
#153=PLANE('',#4829);
#154=PLANE('',#4830);
#155=PLANE('',#4831);
#156=PLANE('',#4832);
#157=PLANE('',#4833);
#158=PLANE('',#4834);
#159=PLANE('',#4835);
#160=PLANE('',#4836);
#161=PLANE('',#4837);
#162=PLANE('',#4838);
#163=PLANE('',#4839);
#164=PLANE('',#4840);
#165=PLANE('',#4841);
#166=PLANE('',#4842);
#167=PLANE('',#4843);
#168=PLANE('',#4844);
#169=PLANE('',#4845);
#170=PLANE('',#4846);
#171=PLANE('',#4847);
#172=PLANE('',#4848);
#173=PLANE('',#4849);
#174=PLANE('',#4850);
#175=PLANE('',#4851);
#176=PLANE('',#4852);
#177=PLANE('',#4853);
#178=PLANE('',#4854);
#179=PLANE('',#4855);
#180=PLANE('',#4856);
#181=PLANE('',#4857);
#182=PLANE('',#4858);
#183=PLANE('',#4859);
#184=PLANE('',#4860);
#185=PLANE('',#4861);
#186=PLANE('',#4862);
#187=PLANE('',#4863);
#188=PLANE('',#4864);
#189=PLANE('',#4865);
#190=PLANE('',#4866);
#191=PLANE('',#4867);
#192=PLANE('',#4868);
#193=PLANE('',#4869);
#194=PLANE('',#4870);
#195=PLANE('',#4871);
#196=PLANE('',#4872);
#197=PLANE('',#4873);
#198=PLANE('',#4874);
#199=PLANE('',#4875);
#200=PLANE('',#4876);
#201=PLANE('',#4877);
#202=PLANE('',#4878);
#203=PLANE('',#4879);
#204=PLANE('',#4880);
#205=PLANE('',#4881);
#206=PLANE('',#4882);
#207=PLANE('',#4883);
#208=PLANE('',#4884);
#209=PLANE('',#4885);
#210=PLANE('',#4886);
#211=PLANE('',#4887);
#212=PLANE('',#4888);
#213=PLANE('',#4889);
#214=PLANE('',#4890);
#215=PLANE('',#4891);
#216=PLANE('',#4892);
#217=PLANE('',#4893);
#218=PLANE('',#4894);
#219=PLANE('',#4895);
#220=PLANE('',#4896);
#221=PLANE('',#4897);
#222=PLANE('',#4898);
#223=PLANE('',#4899);
#224=PLANE('',#4900);
#225=PLANE('',#4901);
#226=PLANE('',#4902);
#227=PLANE('',#4903);
#228=PLANE('',#4904);
#229=PLANE('',#4905);
#230=PLANE('',#4906);
#231=PLANE('',#4907);
#232=PLANE('',#4908);
#233=PLANE('',#4909);
#234=PLANE('',#4910);
#235=PLANE('',#4911);
#236=PLANE('',#4912);
#237=PLANE('',#4913);
#238=PLANE('',#4914);
#239=PLANE('',#4915);
#240=PLANE('',#4916);
#241=PLANE('',#4917);
#242=PLANE('',#4918);
#243=PLANE('',#4919);
#244=PLANE('',#4920);
#245=PLANE('',#4921);
#246=PLANE('',#4922);
#247=PLANE('',#4923);
#248=PLANE('',#4924);
#249=PLANE('',#4925);
#250=PLANE('',#4926);
#251=PLANE('',#4927);
#252=PLANE('',#4928);
#253=PLANE('',#4929);
#254=PLANE('',#4930);
#255=PLANE('',#4931);
#256=PLANE('',#4932);
#257=PLANE('',#4933);
#258=PLANE('',#4934);
#259=PLANE('',#4935);
#260=PLANE('',#4936);
#261=PLANE('',#4937);
#262=PLANE('',#4938);
#263=PLANE('',#4939);
#264=PLANE('',#4940);
#265=PLANE('',#4941);
#266=PLANE('',#4942);
#267=PLANE('',#4943);
#268=PLANE('',#4944);
#269=PLANE('',#4945);
#270=PLANE('',#4946);
#271=PLANE('',#4947);
#272=PLANE('',#4948);
#273=PLANE('',#4949);
#274=STYLED_ITEM('',(#7414),#4452);
#275=STYLED_ITEM('',(#7415),#4458);
#276=STYLED_ITEM('',(#7413),#13);
#277=STYLED_ITEM('',(#7413),#14);
#278=STYLED_ITEM('',(#7413),#15);
#279=STYLED_ITEM('',(#7415),#16);
#280=FACE_OUTER_BOUND('',#518,.T.);
#281=FACE_OUTER_BOUND('',#519,.T.);
#282=FACE_OUTER_BOUND('',#520,.T.);
#283=FACE_OUTER_BOUND('',#521,.T.);
#284=FACE_OUTER_BOUND('',#522,.T.);
#285=FACE_OUTER_BOUND('',#523,.T.);
#286=FACE_OUTER_BOUND('',#524,.T.);
#287=FACE_OUTER_BOUND('',#525,.T.);
#288=FACE_OUTER_BOUND('',#527,.T.);
#289=FACE_OUTER_BOUND('',#528,.T.);
#290=FACE_OUTER_BOUND('',#529,.T.);
#291=FACE_OUTER_BOUND('',#530,.T.);
#292=FACE_OUTER_BOUND('',#531,.T.);
#293=FACE_OUTER_BOUND('',#533,.T.);
#294=FACE_OUTER_BOUND('',#534,.T.);
#295=FACE_OUTER_BOUND('',#535,.T.);
#296=FACE_OUTER_BOUND('',#536,.T.);
#297=FACE_OUTER_BOUND('',#537,.T.);
#298=FACE_OUTER_BOUND('',#538,.T.);
#299=FACE_OUTER_BOUND('',#541,.T.);
#300=FACE_OUTER_BOUND('',#542,.T.);
#301=FACE_OUTER_BOUND('',#543,.T.);
#302=FACE_OUTER_BOUND('',#544,.T.);
#303=FACE_OUTER_BOUND('',#545,.T.);
#304=FACE_OUTER_BOUND('',#546,.T.);
#305=FACE_OUTER_BOUND('',#547,.T.);
#306=FACE_OUTER_BOUND('',#548,.T.);
#307=FACE_OUTER_BOUND('',#549,.T.);
#308=FACE_OUTER_BOUND('',#550,.T.);
#309=FACE_OUTER_BOUND('',#551,.T.);
#310=FACE_OUTER_BOUND('',#552,.T.);
#311=FACE_OUTER_BOUND('',#553,.T.);
#312=FACE_OUTER_BOUND('',#554,.T.);
#313=FACE_OUTER_BOUND('',#555,.T.);
#314=FACE_OUTER_BOUND('',#556,.T.);
#315=FACE_OUTER_BOUND('',#557,.T.);
#316=FACE_OUTER_BOUND('',#558,.T.);
#317=FACE_OUTER_BOUND('',#559,.T.);
#318=FACE_OUTER_BOUND('',#560,.T.);
#319=FACE_OUTER_BOUND('',#561,.T.);
#320=FACE_OUTER_BOUND('',#562,.T.);
#321=FACE_OUTER_BOUND('',#563,.T.);
#322=FACE_OUTER_BOUND('',#564,.T.);
#323=FACE_OUTER_BOUND('',#565,.T.);
#324=FACE_OUTER_BOUND('',#566,.T.);
#325=FACE_OUTER_BOUND('',#567,.T.);
#326=FACE_OUTER_BOUND('',#568,.T.);
#327=FACE_OUTER_BOUND('',#569,.T.);
#328=FACE_OUTER_BOUND('',#570,.T.);
#329=FACE_OUTER_BOUND('',#571,.T.);
#330=FACE_OUTER_BOUND('',#572,.T.);
#331=FACE_OUTER_BOUND('',#573,.T.);
#332=FACE_OUTER_BOUND('',#574,.T.);
#333=FACE_OUTER_BOUND('',#575,.T.);
#334=FACE_OUTER_BOUND('',#576,.T.);
#335=FACE_OUTER_BOUND('',#577,.T.);
#336=FACE_OUTER_BOUND('',#578,.T.);
#337=FACE_OUTER_BOUND('',#579,.T.);
#338=FACE_OUTER_BOUND('',#580,.T.);
#339=FACE_OUTER_BOUND('',#581,.T.);
#340=FACE_OUTER_BOUND('',#582,.T.);
#341=FACE_OUTER_BOUND('',#583,.T.);
#342=FACE_OUTER_BOUND('',#584,.T.);
#343=FACE_OUTER_BOUND('',#585,.T.);
#344=FACE_OUTER_BOUND('',#586,.T.);
#345=FACE_OUTER_BOUND('',#587,.T.);
#346=FACE_OUTER_BOUND('',#588,.T.);
#347=FACE_OUTER_BOUND('',#589,.T.);
#348=FACE_OUTER_BOUND('',#590,.T.);
#349=FACE_OUTER_BOUND('',#591,.T.);
#350=FACE_OUTER_BOUND('',#592,.T.);
#351=FACE_OUTER_BOUND('',#593,.T.);
#352=FACE_OUTER_BOUND('',#594,.T.);
#353=FACE_OUTER_BOUND('',#595,.T.);
#354=FACE_OUTER_BOUND('',#596,.T.);
#355=FACE_OUTER_BOUND('',#597,.T.);
#356=FACE_OUTER_BOUND('',#599,.T.);
#357=FACE_OUTER_BOUND('',#600,.T.);
#358=FACE_OUTER_BOUND('',#601,.T.);
#359=FACE_OUTER_BOUND('',#602,.T.);
#360=FACE_OUTER_BOUND('',#603,.T.);
#361=FACE_OUTER_BOUND('',#604,.T.);
#362=FACE_OUTER_BOUND('',#605,.T.);
#363=FACE_OUTER_BOUND('',#606,.T.);
#364=FACE_OUTER_BOUND('',#607,.T.);
#365=FACE_OUTER_BOUND('',#608,.T.);
#366=FACE_OUTER_BOUND('',#609,.T.);
#367=FACE_OUTER_BOUND('',#610,.T.);
#368=FACE_OUTER_BOUND('',#611,.T.);
#369=FACE_OUTER_BOUND('',#612,.T.);
#370=FACE_OUTER_BOUND('',#613,.T.);
#371=FACE_OUTER_BOUND('',#614,.T.);
#372=FACE_OUTER_BOUND('',#615,.T.);
#373=FACE_OUTER_BOUND('',#616,.T.);
#374=FACE_OUTER_BOUND('',#617,.T.);
#375=FACE_OUTER_BOUND('',#618,.T.);
#376=FACE_OUTER_BOUND('',#619,.T.);
#377=FACE_OUTER_BOUND('',#620,.T.);
#378=FACE_OUTER_BOUND('',#621,.T.);
#379=FACE_OUTER_BOUND('',#622,.T.);
#380=FACE_OUTER_BOUND('',#623,.T.);
#381=FACE_OUTER_BOUND('',#624,.T.);
#382=FACE_OUTER_BOUND('',#625,.T.);
#383=FACE_OUTER_BOUND('',#626,.T.);
#384=FACE_OUTER_BOUND('',#627,.T.);
#385=FACE_OUTER_BOUND('',#628,.T.);
#386=FACE_OUTER_BOUND('',#629,.T.);
#387=FACE_OUTER_BOUND('',#630,.T.);
#388=FACE_OUTER_BOUND('',#631,.T.);
#389=FACE_OUTER_BOUND('',#632,.T.);
#390=FACE_OUTER_BOUND('',#633,.T.);
#391=FACE_OUTER_BOUND('',#634,.T.);
#392=FACE_OUTER_BOUND('',#635,.T.);
#393=FACE_OUTER_BOUND('',#636,.T.);
#394=FACE_OUTER_BOUND('',#637,.T.);
#395=FACE_OUTER_BOUND('',#638,.T.);
#396=FACE_OUTER_BOUND('',#639,.T.);
#397=FACE_OUTER_BOUND('',#640,.T.);
#398=FACE_OUTER_BOUND('',#641,.T.);
#399=FACE_OUTER_BOUND('',#642,.T.);
#400=FACE_OUTER_BOUND('',#643,.T.);
#401=FACE_OUTER_BOUND('',#644,.T.);
#402=FACE_OUTER_BOUND('',#645,.T.);
#403=FACE_OUTER_BOUND('',#646,.T.);
#404=FACE_OUTER_BOUND('',#647,.T.);
#405=FACE_OUTER_BOUND('',#648,.T.);
#406=FACE_OUTER_BOUND('',#649,.T.);
#407=FACE_OUTER_BOUND('',#650,.T.);
#408=FACE_OUTER_BOUND('',#651,.T.);
#409=FACE_OUTER_BOUND('',#652,.T.);
#410=FACE_OUTER_BOUND('',#653,.T.);
#411=FACE_OUTER_BOUND('',#654,.T.);
#412=FACE_OUTER_BOUND('',#655,.T.);
#413=FACE_OUTER_BOUND('',#656,.T.);
#414=FACE_OUTER_BOUND('',#657,.T.);
#415=FACE_OUTER_BOUND('',#658,.T.);
#416=FACE_OUTER_BOUND('',#659,.T.);
#417=FACE_OUTER_BOUND('',#660,.T.);
#418=FACE_OUTER_BOUND('',#661,.T.);
#419=FACE_OUTER_BOUND('',#662,.T.);
#420=FACE_OUTER_BOUND('',#663,.T.);
#421=FACE_OUTER_BOUND('',#664,.T.);
#422=FACE_OUTER_BOUND('',#665,.T.);
#423=FACE_OUTER_BOUND('',#666,.T.);
#424=FACE_OUTER_BOUND('',#667,.T.);
#425=FACE_OUTER_BOUND('',#668,.T.);
#426=FACE_OUTER_BOUND('',#669,.T.);
#427=FACE_OUTER_BOUND('',#670,.T.);
#428=FACE_OUTER_BOUND('',#671,.T.);
#429=FACE_OUTER_BOUND('',#672,.T.);
#430=FACE_OUTER_BOUND('',#673,.T.);
#431=FACE_OUTER_BOUND('',#674,.T.);
#432=FACE_OUTER_BOUND('',#675,.T.);
#433=FACE_OUTER_BOUND('',#676,.T.);
#434=FACE_OUTER_BOUND('',#677,.T.);
#435=FACE_OUTER_BOUND('',#678,.T.);
#436=FACE_OUTER_BOUND('',#679,.T.);
#437=FACE_OUTER_BOUND('',#680,.T.);
#438=FACE_OUTER_BOUND('',#681,.T.);
#439=FACE_OUTER_BOUND('',#682,.T.);
#440=FACE_OUTER_BOUND('',#683,.T.);
#441=FACE_OUTER_BOUND('',#684,.T.);
#442=FACE_OUTER_BOUND('',#685,.T.);
#443=FACE_OUTER_BOUND('',#686,.T.);
#444=FACE_OUTER_BOUND('',#687,.T.);
#445=FACE_OUTER_BOUND('',#688,.T.);
#446=FACE_OUTER_BOUND('',#689,.T.);
#447=FACE_OUTER_BOUND('',#690,.T.);
#448=FACE_OUTER_BOUND('',#691,.T.);
#449=FACE_OUTER_BOUND('',#692,.T.);
#450=FACE_OUTER_BOUND('',#693,.T.);
#451=FACE_OUTER_BOUND('',#694,.T.);
#452=FACE_OUTER_BOUND('',#695,.T.);
#453=FACE_OUTER_BOUND('',#696,.T.);
#454=FACE_OUTER_BOUND('',#697,.T.);
#455=FACE_OUTER_BOUND('',#698,.T.);
#456=FACE_OUTER_BOUND('',#699,.T.);
#457=FACE_OUTER_BOUND('',#700,.T.);
#458=FACE_OUTER_BOUND('',#701,.T.);
#459=FACE_OUTER_BOUND('',#702,.T.);
#460=FACE_OUTER_BOUND('',#703,.T.);
#461=FACE_OUTER_BOUND('',#704,.T.);
#462=FACE_OUTER_BOUND('',#705,.T.);
#463=FACE_OUTER_BOUND('',#706,.T.);
#464=FACE_OUTER_BOUND('',#707,.T.);
#465=FACE_OUTER_BOUND('',#708,.T.);
#466=FACE_OUTER_BOUND('',#709,.T.);
#467=FACE_OUTER_BOUND('',#710,.T.);
#468=FACE_OUTER_BOUND('',#711,.T.);
#469=FACE_OUTER_BOUND('',#712,.T.);
#470=FACE_OUTER_BOUND('',#713,.T.);
#471=FACE_OUTER_BOUND('',#716,.T.);
#472=FACE_OUTER_BOUND('',#717,.T.);
#473=FACE_OUTER_BOUND('',#718,.T.);
#474=FACE_OUTER_BOUND('',#721,.T.);
#475=FACE_OUTER_BOUND('',#724,.T.);
#476=FACE_OUTER_BOUND('',#725,.T.);
#477=FACE_OUTER_BOUND('',#726,.T.);
#478=FACE_OUTER_BOUND('',#727,.T.);
#479=FACE_OUTER_BOUND('',#728,.T.);
#480=FACE_OUTER_BOUND('',#729,.T.);
#481=FACE_OUTER_BOUND('',#730,.T.);
#482=FACE_OUTER_BOUND('',#731,.T.);
#483=FACE_OUTER_BOUND('',#732,.T.);
#484=FACE_OUTER_BOUND('',#733,.T.);
#485=FACE_OUTER_BOUND('',#734,.T.);
#486=FACE_OUTER_BOUND('',#737,.T.);
#487=FACE_OUTER_BOUND('',#738,.T.);
#488=FACE_OUTER_BOUND('',#739,.T.);
#489=FACE_OUTER_BOUND('',#740,.T.);
#490=FACE_OUTER_BOUND('',#741,.T.);
#491=FACE_OUTER_BOUND('',#742,.T.);
#492=FACE_OUTER_BOUND('',#743,.T.);
#493=FACE_OUTER_BOUND('',#744,.T.);
#494=FACE_OUTER_BOUND('',#745,.T.);
#495=FACE_OUTER_BOUND('',#746,.T.);
#496=FACE_OUTER_BOUND('',#747,.T.);
#497=FACE_OUTER_BOUND('',#750,.T.);
#498=FACE_OUTER_BOUND('',#751,.T.);
#499=FACE_OUTER_BOUND('',#752,.T.);
#500=FACE_OUTER_BOUND('',#753,.T.);
#501=FACE_OUTER_BOUND('',#756,.T.);
#502=FACE_OUTER_BOUND('',#757,.T.);
#503=FACE_OUTER_BOUND('',#758,.T.);
#504=FACE_OUTER_BOUND('',#759,.T.);
#505=FACE_OUTER_BOUND('',#760,.T.);
#506=FACE_OUTER_BOUND('',#761,.T.);
#507=FACE_OUTER_BOUND('',#762,.T.);
#508=FACE_OUTER_BOUND('',#763,.T.);
#509=FACE_OUTER_BOUND('',#764,.T.);
#510=FACE_OUTER_BOUND('',#765,.T.);
#511=FACE_OUTER_BOUND('',#766,.T.);
#512=FACE_OUTER_BOUND('',#767,.T.);
#513=FACE_OUTER_BOUND('',#768,.T.);
#514=FACE_OUTER_BOUND('',#771,.T.);
#515=FACE_OUTER_BOUND('',#772,.T.);
#516=FACE_OUTER_BOUND('',#773,.T.);
#517=FACE_OUTER_BOUND('',#775,.T.);
#518=EDGE_LOOP('',(#3144,#3145,#3146,#3147));
#519=EDGE_LOOP('',(#3148));
#520=EDGE_LOOP('',(#3149,#3150,#3151,#3152));
#521=EDGE_LOOP('',(#3153,#3154,#3155,#3156));
#522=EDGE_LOOP('',(#3157,#3158,#3159,#3160));
#523=EDGE_LOOP('',(#3161,#3162,#3163,#3164));
#524=EDGE_LOOP('',(#3165,#3166,#3167,#3168));
#525=EDGE_LOOP('',(#3169,#3170,#3171,#3172));
#526=EDGE_LOOP('',(#3173));
#527=EDGE_LOOP('',(#3174,#3175,#3176,#3177));
#528=EDGE_LOOP('',(#3178,#3179,#3180,#3181));
#529=EDGE_LOOP('',(#3182,#3183,#3184,#3185));
#530=EDGE_LOOP('',(#3186,#3187,#3188));
#531=EDGE_LOOP('',(#3189,#3190,#3191,#3192));
#532=EDGE_LOOP('',(#3193));
#533=EDGE_LOOP('',(#3194,#3195,#3196,#3197));
#534=EDGE_LOOP('',(#3198,#3199,#3200,#3201));
#535=EDGE_LOOP('',(#3202,#3203,#3204,#3205));
#536=EDGE_LOOP('',(#3206,#3207,#3208,#3209));
#537=EDGE_LOOP('',(#3210,#3211,#3212,#3213));
#538=EDGE_LOOP('',(#3214,#3215,#3216,#3217));
#539=EDGE_LOOP('',(#3218,#3219,#3220));
#540=EDGE_LOOP('',(#3221));
#541=EDGE_LOOP('',(#3222,#3223,#3224,#3225));
#542=EDGE_LOOP('',(#3226));
#543=EDGE_LOOP('',(#3227,#3228,#3229,#3230));
#544=EDGE_LOOP('',(#3231,#3232,#3233,#3234));
#545=EDGE_LOOP('',(#3235,#3236,#3237,#3238));
#546=EDGE_LOOP('',(#3239,#3240,#3241,#3242));
#547=EDGE_LOOP('',(#3243,#3244,#3245,#3246));
#548=EDGE_LOOP('',(#3247,#3248,#3249,#3250));
#549=EDGE_LOOP('',(#3251,#3252,#3253,#3254));
#550=EDGE_LOOP('',(#3255,#3256,#3257,#3258));
#551=EDGE_LOOP('',(#3259,#3260,#3261,#3262));
#552=EDGE_LOOP('',(#3263,#3264,#3265,#3266));
#553=EDGE_LOOP('',(#3267,#3268,#3269,#3270));
#554=EDGE_LOOP('',(#3271,#3272,#3273,#3274));
#555=EDGE_LOOP('',(#3275,#3276,#3277,#3278));
#556=EDGE_LOOP('',(#3279,#3280,#3281,#3282));
#557=EDGE_LOOP('',(#3283,#3284,#3285,#3286));
#558=EDGE_LOOP('',(#3287,#3288,#3289,#3290));
#559=EDGE_LOOP('',(#3291,#3292,#3293,#3294));
#560=EDGE_LOOP('',(#3295,#3296,#3297,#3298));
#561=EDGE_LOOP('',(#3299,#3300,#3301,#3302));
#562=EDGE_LOOP('',(#3303,#3304,#3305,#3306));
#563=EDGE_LOOP('',(#3307,#3308,#3309,#3310));
#564=EDGE_LOOP('',(#3311,#3312,#3313,#3314));
#565=EDGE_LOOP('',(#3315,#3316,#3317,#3318));
#566=EDGE_LOOP('',(#3319,#3320,#3321,#3322));
#567=EDGE_LOOP('',(#3323,#3324,#3325,#3326));
#568=EDGE_LOOP('',(#3327,#3328,#3329,#3330));
#569=EDGE_LOOP('',(#3331,#3332,#3333,#3334));
#570=EDGE_LOOP('',(#3335,#3336,#3337,#3338));
#571=EDGE_LOOP('',(#3339,#3340,#3341,#3342));
#572=EDGE_LOOP('',(#3343,#3344,#3345,#3346));
#573=EDGE_LOOP('',(#3347,#3348,#3349,#3350));
#574=EDGE_LOOP('',(#3351,#3352,#3353,#3354));
#575=EDGE_LOOP('',(#3355,#3356,#3357,#3358));
#576=EDGE_LOOP('',(#3359,#3360,#3361,#3362));
#577=EDGE_LOOP('',(#3363,#3364,#3365,#3366));
#578=EDGE_LOOP('',(#3367,#3368,#3369,#3370));
#579=EDGE_LOOP('',(#3371,#3372,#3373,#3374));
#580=EDGE_LOOP('',(#3375,#3376,#3377,#3378));
#581=EDGE_LOOP('',(#3379,#3380,#3381,#3382));
#582=EDGE_LOOP('',(#3383,#3384,#3385,#3386));
#583=EDGE_LOOP('',(#3387,#3388,#3389,#3390));
#584=EDGE_LOOP('',(#3391,#3392,#3393,#3394));
#585=EDGE_LOOP('',(#3395,#3396,#3397,#3398));
#586=EDGE_LOOP('',(#3399,#3400,#3401,#3402));
#587=EDGE_LOOP('',(#3403,#3404,#3405,#3406));
#588=EDGE_LOOP('',(#3407,#3408,#3409,#3410));
#589=EDGE_LOOP('',(#3411,#3412,#3413,#3414));
#590=EDGE_LOOP('',(#3415,#3416,#3417,#3418));
#591=EDGE_LOOP('',(#3419,#3420,#3421,#3422));
#592=EDGE_LOOP('',(#3423,#3424,#3425,#3426));
#593=EDGE_LOOP('',(#3427,#3428,#3429,#3430));
#594=EDGE_LOOP('',(#3431,#3432,#3433,#3434));
#595=EDGE_LOOP('',(#3435,#3436,#3437,#3438));
#596=EDGE_LOOP('',(#3439,#3440,#3441,#3442));
#597=EDGE_LOOP('',(#3443,#3444,#3445,#3446,#3447,#3448,#3449,#3450,#3451,
#3452,#3453,#3454,#3455,#3456,#3457,#3458,#3459,#3460,#3461,#3462,#3463,
#3464,#3465,#3466,#3467,#3468,#3469,#3470,#3471,#3472,#3473,#3474,#3475,
#3476,#3477,#3478,#3479,#3480,#3481,#3482,#3483,#3484,#3485,#3486,#3487,
#3488,#3489,#3490,#3491,#3492,#3493,#3494,#3495,#3496,#3497,#3498,#3499,
#3500,#3501,#3502));
#598=EDGE_LOOP('',(#3503));
#599=EDGE_LOOP('',(#3504,#3505,#3506,#3507));
#600=EDGE_LOOP('',(#3508,#3509,#3510,#3511));
#601=EDGE_LOOP('',(#3512,#3513,#3514,#3515));
#602=EDGE_LOOP('',(#3516,#3517,#3518,#3519,#3520,#3521,#3522,#3523,#3524,
#3525,#3526,#3527,#3528,#3529,#3530,#3531,#3532,#3533,#3534,#3535,#3536,
#3537,#3538,#3539,#3540,#3541,#3542,#3543,#3544,#3545,#3546,#3547,#3548,
#3549,#3550,#3551,#3552,#3553,#3554,#3555,#3556,#3557,#3558,#3559,#3560,
#3561,#3562,#3563,#3564,#3565,#3566,#3567,#3568,#3569,#3570,#3571,#3572,
#3573,#3574,#3575));
#603=EDGE_LOOP('',(#3576,#3577,#3578,#3579));
#604=EDGE_LOOP('',(#3580,#3581,#3582,#3583));
#605=EDGE_LOOP('',(#3584,#3585,#3586,#3587));
#606=EDGE_LOOP('',(#3588,#3589,#3590,#3591));
#607=EDGE_LOOP('',(#3592,#3593,#3594,#3595));
#608=EDGE_LOOP('',(#3596,#3597,#3598,#3599,#3600));
#609=EDGE_LOOP('',(#3601,#3602,#3603,#3604,#3605));
#610=EDGE_LOOP('',(#3606,#3607,#3608,#3609));
#611=EDGE_LOOP('',(#3610,#3611,#3612,#3613));
#612=EDGE_LOOP('',(#3614,#3615,#3616,#3617));
#613=EDGE_LOOP('',(#3618,#3619,#3620,#3621,#3622,#3623));
#614=EDGE_LOOP('',(#3624,#3625,#3626,#3627));
#615=EDGE_LOOP('',(#3628,#3629,#3630,#3631));
#616=EDGE_LOOP('',(#3632,#3633,#3634,#3635,#3636));
#617=EDGE_LOOP('',(#3637,#3638,#3639,#3640,#3641));
#618=EDGE_LOOP('',(#3642,#3643,#3644,#3645));
#619=EDGE_LOOP('',(#3646,#3647,#3648,#3649));
#620=EDGE_LOOP('',(#3650,#3651,#3652,#3653));
#621=EDGE_LOOP('',(#3654,#3655,#3656,#3657));
#622=EDGE_LOOP('',(#3658,#3659,#3660,#3661));
#623=EDGE_LOOP('',(#3662,#3663,#3664,#3665,#3666));
#624=EDGE_LOOP('',(#3667,#3668,#3669,#3670,#3671));
#625=EDGE_LOOP('',(#3672,#3673,#3674,#3675));
#626=EDGE_LOOP('',(#3676,#3677,#3678,#3679));
#627=EDGE_LOOP('',(#3680,#3681,#3682,#3683,#3684,#3685));
#628=EDGE_LOOP('',(#3686,#3687,#3688,#3689));
#629=EDGE_LOOP('',(#3690,#3691,#3692,#3693));
#630=EDGE_LOOP('',(#3694,#3695,#3696,#3697,#3698));
#631=EDGE_LOOP('',(#3699,#3700,#3701,#3702,#3703));
#632=EDGE_LOOP('',(#3704,#3705,#3706,#3707));
#633=EDGE_LOOP('',(#3708,#3709,#3710,#3711));
#634=EDGE_LOOP('',(#3712,#3713,#3714,#3715));
#635=EDGE_LOOP('',(#3716,#3717,#3718,#3719));
#636=EDGE_LOOP('',(#3720,#3721,#3722,#3723,#3724));
#637=EDGE_LOOP('',(#3725,#3726,#3727,#3728,#3729));
#638=EDGE_LOOP('',(#3730,#3731,#3732,#3733));
#639=EDGE_LOOP('',(#3734,#3735,#3736,#3737));
#640=EDGE_LOOP('',(#3738,#3739,#3740,#3741));
#641=EDGE_LOOP('',(#3742,#3743,#3744,#3745));
#642=EDGE_LOOP('',(#3746,#3747,#3748,#3749));
#643=EDGE_LOOP('',(#3750,#3751,#3752,#3753,#3754));
#644=EDGE_LOOP('',(#3755,#3756,#3757,#3758,#3759));
#645=EDGE_LOOP('',(#3760,#3761,#3762,#3763));
#646=EDGE_LOOP('',(#3764,#3765,#3766,#3767));
#647=EDGE_LOOP('',(#3768,#3769,#3770,#3771));
#648=EDGE_LOOP('',(#3772,#3773,#3774,#3775));
#649=EDGE_LOOP('',(#3776,#3777,#3778,#3779));
#650=EDGE_LOOP('',(#3780,#3781,#3782,#3783,#3784));
#651=EDGE_LOOP('',(#3785,#3786,#3787,#3788,#3789));
#652=EDGE_LOOP('',(#3790,#3791,#3792,#3793));
#653=EDGE_LOOP('',(#3794,#3795,#3796,#3797));
#654=EDGE_LOOP('',(#3798,#3799,#3800,#3801));
#655=EDGE_LOOP('',(#3802,#3803,#3804,#3805));
#656=EDGE_LOOP('',(#3806,#3807,#3808,#3809));
#657=EDGE_LOOP('',(#3810,#3811,#3812,#3813,#3814));
#658=EDGE_LOOP('',(#3815,#3816,#3817,#3818,#3819));
#659=EDGE_LOOP('',(#3820,#3821,#3822,#3823));
#660=EDGE_LOOP('',(#3824,#3825,#3826,#3827));
#661=EDGE_LOOP('',(#3828,#3829,#3830,#3831,#3832,#3833));
#662=EDGE_LOOP('',(#3834,#3835,#3836,#3837));
#663=EDGE_LOOP('',(#3838,#3839,#3840,#3841));
#664=EDGE_LOOP('',(#3842,#3843,#3844,#3845,#3846));
#665=EDGE_LOOP('',(#3847,#3848,#3849,#3850,#3851));
#666=EDGE_LOOP('',(#3852,#3853,#3854,#3855));
#667=EDGE_LOOP('',(#3856,#3857,#3858,#3859));
#668=EDGE_LOOP('',(#3860,#3861,#3862,#3863));
#669=EDGE_LOOP('',(#3864,#3865,#3866,#3867));
#670=EDGE_LOOP('',(#3868,#3869,#3870,#3871));
#671=EDGE_LOOP('',(#3872,#3873,#3874,#3875,#3876));
#672=EDGE_LOOP('',(#3877,#3878,#3879,#3880,#3881));
#673=EDGE_LOOP('',(#3882,#3883,#3884,#3885));
#674=EDGE_LOOP('',(#3886,#3887,#3888,#3889));
#675=EDGE_LOOP('',(#3890,#3891,#3892,#3893));
#676=EDGE_LOOP('',(#3894,#3895,#3896,#3897));
#677=EDGE_LOOP('',(#3898,#3899,#3900,#3901));
#678=EDGE_LOOP('',(#3902,#3903,#3904,#3905,#3906));
#679=EDGE_LOOP('',(#3907,#3908,#3909,#3910,#3911));
#680=EDGE_LOOP('',(#3912,#3913,#3914,#3915));
#681=EDGE_LOOP('',(#3916,#3917,#3918,#3919));
#682=EDGE_LOOP('',(#3920,#3921,#3922,#3923));
#683=EDGE_LOOP('',(#3924,#3925,#3926,#3927));
#684=EDGE_LOOP('',(#3928,#3929,#3930,#3931));
#685=EDGE_LOOP('',(#3932,#3933,#3934,#3935,#3936));
#686=EDGE_LOOP('',(#3937,#3938,#3939,#3940,#3941));
#687=EDGE_LOOP('',(#3942,#3943,#3944,#3945));
#688=EDGE_LOOP('',(#3946,#3947,#3948,#3949));
#689=EDGE_LOOP('',(#3950,#3951,#3952,#3953));
#690=EDGE_LOOP('',(#3954,#3955,#3956,#3957));
#691=EDGE_LOOP('',(#3958,#3959,#3960,#3961));
#692=EDGE_LOOP('',(#3962,#3963,#3964,#3965,#3966));
#693=EDGE_LOOP('',(#3967,#3968,#3969,#3970,#3971));
#694=EDGE_LOOP('',(#3972,#3973,#3974,#3975));
#695=EDGE_LOOP('',(#3976,#3977,#3978,#3979));
#696=EDGE_LOOP('',(#3980,#3981,#3982,#3983));
#697=EDGE_LOOP('',(#3984,#3985,#3986,#3987));
#698=EDGE_LOOP('',(#3988,#3989,#3990,#3991));
#699=EDGE_LOOP('',(#3992,#3993,#3994,#3995,#3996));
#700=EDGE_LOOP('',(#3997,#3998,#3999,#4000,#4001));
#701=EDGE_LOOP('',(#4002,#4003,#4004,#4005));
#702=EDGE_LOOP('',(#4006,#4007,#4008,#4009));
#703=EDGE_LOOP('',(#4010,#4011,#4012,#4013));
#704=EDGE_LOOP('',(#4014,#4015,#4016,#4017));
#705=EDGE_LOOP('',(#4018,#4019,#4020,#4021));
#706=EDGE_LOOP('',(#4022,#4023,#4024,#4025));
#707=EDGE_LOOP('',(#4026,#4027,#4028,#4029));
#708=EDGE_LOOP('',(#4030,#4031,#4032,#4033));
#709=EDGE_LOOP('',(#4034,#4035,#4036,#4037));
#710=EDGE_LOOP('',(#4038,#4039,#4040,#4041));
#711=EDGE_LOOP('',(#4042,#4043,#4044,#4045));
#712=EDGE_LOOP('',(#4046,#4047,#4048,#4049));
#713=EDGE_LOOP('',(#4050,#4051,#4052,#4053,#4054,#4055,#4056,#4057,#4058,
#4059,#4060,#4061,#4062,#4063,#4064,#4065,#4066,#4067));
#714=EDGE_LOOP('',(#4068,#4069,#4070,#4071));
#715=EDGE_LOOP('',(#4072,#4073,#4074,#4075));
#716=EDGE_LOOP('',(#4076,#4077,#4078,#4079,#4080,#4081));
#717=EDGE_LOOP('',(#4082,#4083,#4084,#4085,#4086,#4087));
#718=EDGE_LOOP('',(#4088,#4089,#4090,#4091,#4092,#4093,#4094,#4095,#4096,
#4097,#4098,#4099,#4100,#4101,#4102,#4103,#4104,#4105,#4106,#4107));
#719=EDGE_LOOP('',(#4108,#4109,#4110,#4111));
#720=EDGE_LOOP('',(#4112,#4113,#4114,#4115));
#721=EDGE_LOOP('',(#4116,#4117,#4118,#4119,#4120,#4121,#4122,#4123,#4124,
#4125,#4126,#4127,#4128,#4129,#4130,#4131,#4132,#4133,#4134,#4135));
#722=EDGE_LOOP('',(#4136,#4137,#4138,#4139));
#723=EDGE_LOOP('',(#4140,#4141,#4142,#4143));
#724=EDGE_LOOP('',(#4144,#4145,#4146,#4147));
#725=EDGE_LOOP('',(#4148,#4149,#4150,#4151));
#726=EDGE_LOOP('',(#4152,#4153,#4154,#4155));
#727=EDGE_LOOP('',(#4156,#4157,#4158,#4159));
#728=EDGE_LOOP('',(#4160,#4161,#4162,#4163));
#729=EDGE_LOOP('',(#4164,#4165,#4166,#4167));
#730=EDGE_LOOP('',(#4168,#4169,#4170,#4171));
#731=EDGE_LOOP('',(#4172,#4173,#4174,#4175));
#732=EDGE_LOOP('',(#4176,#4177,#4178,#4179));
#733=EDGE_LOOP('',(#4180,#4181,#4182,#4183));
#734=EDGE_LOOP('',(#4184,#4185,#4186,#4187,#4188,#4189,#4190,#4191,#4192,
#4193,#4194,#4195,#4196,#4197,#4198,#4199,#4200,#4201));
#735=EDGE_LOOP('',(#4202,#4203,#4204,#4205));
#736=EDGE_LOOP('',(#4206,#4207,#4208,#4209));
#737=EDGE_LOOP('',(#4210,#4211,#4212,#4213,#4214,#4215));
#738=EDGE_LOOP('',(#4216,#4217,#4218,#4219));
#739=EDGE_LOOP('',(#4220,#4221,#4222,#4223));
#740=EDGE_LOOP('',(#4224,#4225,#4226,#4227));
#741=EDGE_LOOP('',(#4228,#4229,#4230,#4231));
#742=EDGE_LOOP('',(#4232,#4233,#4234,#4235));
#743=EDGE_LOOP('',(#4236,#4237,#4238,#4239));
#744=EDGE_LOOP('',(#4240,#4241,#4242,#4243));
#745=EDGE_LOOP('',(#4244,#4245,#4246,#4247));
#746=EDGE_LOOP('',(#4248,#4249,#4250,#4251));
#747=EDGE_LOOP('',(#4252,#4253,#4254,#4255,#4256,#4257,#4258,#4259,#4260,
#4261,#4262,#4263,#4264,#4265,#4266,#4267,#4268,#4269));
#748=EDGE_LOOP('',(#4270,#4271,#4272,#4273));
#749=EDGE_LOOP('',(#4274,#4275,#4276,#4277));
#750=EDGE_LOOP('',(#4278,#4279,#4280,#4281));
#751=EDGE_LOOP('',(#4282,#4283,#4284,#4285,#4286,#4287));
#752=EDGE_LOOP('',(#4288,#4289,#4290,#4291,#4292,#4293));
#753=EDGE_LOOP('',(#4294,#4295,#4296,#4297,#4298,#4299,#4300,#4301,#4302,
#4303,#4304,#4305,#4306,#4307,#4308,#4309,#4310,#4311,#4312,#4313));
#754=EDGE_LOOP('',(#4314,#4315,#4316,#4317));
#755=EDGE_LOOP('',(#4318,#4319,#4320,#4321));
#756=EDGE_LOOP('',(#4322,#4323,#4324,#4325,#4326,#4327));
#757=EDGE_LOOP('',(#4328,#4329,#4330,#4331,#4332,#4333));
#758=EDGE_LOOP('',(#4334,#4335,#4336,#4337));
#759=EDGE_LOOP('',(#4338,#4339,#4340,#4341));
#760=EDGE_LOOP('',(#4342,#4343,#4344,#4345));
#761=EDGE_LOOP('',(#4346,#4347,#4348,#4349));
#762=EDGE_LOOP('',(#4350,#4351,#4352,#4353));
#763=EDGE_LOOP('',(#4354,#4355,#4356,#4357));
#764=EDGE_LOOP('',(#4358,#4359,#4360,#4361));
#765=EDGE_LOOP('',(#4362,#4363,#4364,#4365));
#766=EDGE_LOOP('',(#4366,#4367,#4368,#4369));
#767=EDGE_LOOP('',(#4370,#4371,#4372,#4373,#4374,#4375));
#768=EDGE_LOOP('',(#4376,#4377,#4378,#4379,#4380,#4381,#4382,#4383,#4384,
#4385,#4386,#4387,#4388,#4389,#4390,#4391,#4392,#4393));
#769=EDGE_LOOP('',(#4394,#4395,#4396,#4397));
#770=EDGE_LOOP('',(#4398,#4399,#4400,#4401));
#771=EDGE_LOOP('',(#4402,#4403,#4404,#4405,#4406,#4407));
#772=EDGE_LOOP('',(#4408,#4409,#4410,#4411));
#773=EDGE_LOOP('',(#4412,#4413,#4414,#4415));
#774=EDGE_LOOP('',(#4416,#4417,#4418,#4419));
#775=EDGE_LOOP('',(#4420,#4421,#4422,#4423,#4424,#4425,#4426,#4427,#4428,
#4429,#4430,#4431,#4432,#4433,#4434,#4435,#4436,#4437,#4438,#4439));
#776=EDGE_LOOP('',(#4440,#4441,#4442,#4443));
#777=EDGE_LOOP('',(#4444,#4445,#4446,#4447));
#778=LINE('',#6091,#1424);
#779=LINE('',#6097,#1425);
#780=LINE('',#6099,#1426);
#781=LINE('',#6101,#1427);
#782=LINE('',#6102,#1428);
#783=LINE('',#6105,#1429);
#784=LINE('',#6107,#1430);
#785=LINE('',#6108,#1431);
#786=LINE('',#6111,#1432);
#787=LINE('',#6113,#1433);
#788=LINE('',#6114,#1434);
#789=LINE('',#6116,#1435);
#790=LINE('',#6117,#1436);
#791=LINE('',#6123,#1437);
#792=LINE('',#6125,#1438);
#793=LINE('',#6127,#1439);
#794=LINE('',#6128,#1440);
#795=LINE('',#6131,#1441);
#796=LINE('',#6133,#1442);
#797=LINE('',#6134,#1443);
#798=LINE('',#6136,#1444);
#799=LINE('',#6137,#1445);
#800=LINE('',#6142,#1446);
#801=LINE('',#6144,#1447);
#802=LINE('',#6146,#1448);
#803=LINE('',#6147,#1449);
#804=LINE('',#6152,#1450);
#805=LINE('',#6154,#1451);
#806=LINE('',#6155,#1452);
#807=LINE('',#6158,#1453);
#808=LINE('',#6159,#1454);
#809=LINE('',#6163,#1455);
#810=LINE('',#6166,#1456);
#811=LINE('',#6167,#1457);
#812=LINE('',#6169,#1458);
#813=LINE('',#6175,#1459);
#814=LINE('',#6181,#1460);
#815=LINE('',#6183,#1461);
#816=LINE('',#6185,#1462);
#817=LINE('',#6186,#1463);
#818=LINE('',#6189,#1464);
#819=LINE('',#6191,#1465);
#820=LINE('',#6192,#1466);
#821=LINE('',#6195,#1467);
#822=LINE('',#6197,#1468);
#823=LINE('',#6198,#1469);
#824=LINE('',#6202,#1470);
#825=LINE('',#6204,#1471);
#826=LINE('',#6206,#1472);
#827=LINE('',#6207,#1473);
#828=LINE('',#6210,#1474);
#829=LINE('',#6212,#1475);
#830=LINE('',#6213,#1476);
#831=LINE('',#6216,#1477);
#832=LINE('',#6218,#1478);
#833=LINE('',#6219,#1479);
#834=LINE('',#6223,#1480);
#835=LINE('',#6225,#1481);
#836=LINE('',#6227,#1482);
#837=LINE('',#6228,#1483);
#838=LINE('',#6231,#1484);
#839=LINE('',#6233,#1485);
#840=LINE('',#6234,#1486);
#841=LINE('',#6237,#1487);
#842=LINE('',#6239,#1488);
#843=LINE('',#6240,#1489);
#844=LINE('',#6244,#1490);
#845=LINE('',#6246,#1491);
#846=LINE('',#6248,#1492);
#847=LINE('',#6249,#1493);
#848=LINE('',#6252,#1494);
#849=LINE('',#6254,#1495);
#850=LINE('',#6255,#1496);
#851=LINE('',#6258,#1497);
#852=LINE('',#6260,#1498);
#853=LINE('',#6261,#1499);
#854=LINE('',#6265,#1500);
#855=LINE('',#6267,#1501);
#856=LINE('',#6269,#1502);
#857=LINE('',#6270,#1503);
#858=LINE('',#6273,#1504);
#859=LINE('',#6275,#1505);
#860=LINE('',#6276,#1506);
#861=LINE('',#6279,#1507);
#862=LINE('',#6281,#1508);
#863=LINE('',#6282,#1509);
#864=LINE('',#6286,#1510);
#865=LINE('',#6288,#1511);
#866=LINE('',#6290,#1512);
#867=LINE('',#6291,#1513);
#868=LINE('',#6294,#1514);
#869=LINE('',#6296,#1515);
#870=LINE('',#6297,#1516);
#871=LINE('',#6300,#1517);
#872=LINE('',#6302,#1518);
#873=LINE('',#6303,#1519);
#874=LINE('',#6307,#1520);
#875=LINE('',#6309,#1521);
#876=LINE('',#6311,#1522);
#877=LINE('',#6312,#1523);
#878=LINE('',#6315,#1524);
#879=LINE('',#6317,#1525);
#880=LINE('',#6318,#1526);
#881=LINE('',#6321,#1527);
#882=LINE('',#6323,#1528);
#883=LINE('',#6324,#1529);
#884=LINE('',#6328,#1530);
#885=LINE('',#6330,#1531);
#886=LINE('',#6332,#1532);
#887=LINE('',#6333,#1533);
#888=LINE('',#6336,#1534);
#889=LINE('',#6338,#1535);
#890=LINE('',#6339,#1536);
#891=LINE('',#6342,#1537);
#892=LINE('',#6344,#1538);
#893=LINE('',#6345,#1539);
#894=LINE('',#6349,#1540);
#895=LINE('',#6351,#1541);
#896=LINE('',#6353,#1542);
#897=LINE('',#6354,#1543);
#898=LINE('',#6357,#1544);
#899=LINE('',#6359,#1545);
#900=LINE('',#6360,#1546);
#901=LINE('',#6363,#1547);
#902=LINE('',#6365,#1548);
#903=LINE('',#6366,#1549);
#904=LINE('',#6370,#1550);
#905=LINE('',#6372,#1551);
#906=LINE('',#6374,#1552);
#907=LINE('',#6375,#1553);
#908=LINE('',#6378,#1554);
#909=LINE('',#6380,#1555);
#910=LINE('',#6381,#1556);
#911=LINE('',#6384,#1557);
#912=LINE('',#6386,#1558);
#913=LINE('',#6387,#1559);
#914=LINE('',#6391,#1560);
#915=LINE('',#6393,#1561);
#916=LINE('',#6395,#1562);
#917=LINE('',#6396,#1563);
#918=LINE('',#6399,#1564);
#919=LINE('',#6401,#1565);
#920=LINE('',#6402,#1566);
#921=LINE('',#6405,#1567);
#922=LINE('',#6407,#1568);
#923=LINE('',#6408,#1569);
#924=LINE('',#6412,#1570);
#925=LINE('',#6414,#1571);
#926=LINE('',#6416,#1572);
#927=LINE('',#6417,#1573);
#928=LINE('',#6420,#1574);
#929=LINE('',#6422,#1575);
#930=LINE('',#6423,#1576);
#931=LINE('',#6426,#1577);
#932=LINE('',#6428,#1578);
#933=LINE('',#6429,#1579);
#934=LINE('',#6433,#1580);
#935=LINE('',#6435,#1581);
#936=LINE('',#6437,#1582);
#937=LINE('',#6438,#1583);
#938=LINE('',#6441,#1584);
#939=LINE('',#6443,#1585);
#940=LINE('',#6444,#1586);
#941=LINE('',#6447,#1587);
#942=LINE('',#6449,#1588);
#943=LINE('',#6450,#1589);
#944=LINE('',#6454,#1590);
#945=LINE('',#6456,#1591);
#946=LINE('',#6458,#1592);
#947=LINE('',#6459,#1593);
#948=LINE('',#6462,#1594);
#949=LINE('',#6464,#1595);
#950=LINE('',#6465,#1596);
#951=LINE('',#6468,#1597);
#952=LINE('',#6470,#1598);
#953=LINE('',#6471,#1599);
#954=LINE('',#6474,#1600);
#955=LINE('',#6476,#1601);
#956=LINE('',#6477,#1602);
#957=LINE('',#6480,#1603);
#958=LINE('',#6482,#1604);
#959=LINE('',#6483,#1605);
#960=LINE('',#6485,#1606);
#961=LINE('',#6486,#1607);
#962=LINE('',#6488,#1608);
#963=LINE('',#6489,#1609);
#964=LINE('',#6492,#1610);
#965=LINE('',#6494,#1611);
#966=LINE('',#6495,#1612);
#967=LINE('',#6497,#1613);
#968=LINE('',#6498,#1614);
#969=LINE('',#6500,#1615);
#970=LINE('',#6501,#1616);
#971=LINE('',#6503,#1617);
#972=LINE('',#6504,#1618);
#973=LINE('',#6506,#1619);
#974=LINE('',#6507,#1620);
#975=LINE('',#6509,#1621);
#976=LINE('',#6510,#1622);
#977=LINE('',#6513,#1623);
#978=LINE('',#6515,#1624);
#979=LINE('',#6516,#1625);
#980=LINE('',#6518,#1626);
#981=LINE('',#6519,#1627);
#982=LINE('',#6521,#1628);
#983=LINE('',#6522,#1629);
#984=LINE('',#6523,#1630);
#985=LINE('',#6524,#1631);
#986=LINE('',#6525,#1632);
#987=LINE('',#6526,#1633);
#988=LINE('',#6528,#1634);
#989=LINE('',#6530,#1635);
#990=LINE('',#6532,#1636);
#991=LINE('',#6534,#1637);
#992=LINE('',#6535,#1638);
#993=LINE('',#6536,#1639);
#994=LINE('',#6543,#1640);
#995=LINE('',#6545,#1641);
#996=LINE('',#6547,#1642);
#997=LINE('',#6548,#1643);
#998=LINE('',#6552,#1644);
#999=LINE('',#6554,#1645);
#1000=LINE('',#6556,#1646);
#1001=LINE('',#6557,#1647);
#1002=LINE('',#6560,#1648);
#1003=LINE('',#6561,#1649);
#1004=LINE('',#6562,#1650);
#1005=LINE('',#6565,#1651);
#1006=LINE('',#6566,#1652);
#1007=LINE('',#6567,#1653);
#1008=LINE('',#6569,#1654);
#1009=LINE('',#6573,#1655);
#1010=LINE('',#6575,#1656);
#1011=LINE('',#6576,#1657);
#1012=LINE('',#6579,#1658);
#1013=LINE('',#6581,#1659);
#1014=LINE('',#6583,#1660);
#1015=LINE('',#6585,#1661);
#1016=LINE('',#6586,#1662);
#1017=LINE('',#6589,#1663);
#1018=LINE('',#6591,#1664);
#1019=LINE('',#6593,#1665);
#1020=LINE('',#6594,#1666);
#1021=LINE('',#6598,#1667);
#1022=LINE('',#6600,#1668);
#1023=LINE('',#6601,#1669);
#1024=LINE('',#6602,#1670);
#1025=LINE('',#6605,#1671);
#1026=LINE('',#6606,#1672);
#1027=LINE('',#6607,#1673);
#1028=LINE('',#6610,#1674);
#1029=LINE('',#6611,#1675);
#1030=LINE('',#6613,#1676);
#1031=LINE('',#6617,#1677);
#1032=LINE('',#6619,#1678);
#1033=LINE('',#6620,#1679);
#1034=LINE('',#6623,#1680);
#1035=LINE('',#6625,#1681);
#1036=LINE('',#6627,#1682);
#1037=LINE('',#6628,#1683);
#1038=LINE('',#6632,#1684);
#1039=LINE('',#6634,#1685);
#1040=LINE('',#6635,#1686);
#1041=LINE('',#6636,#1687);
#1042=LINE('',#6639,#1688);
#1043=LINE('',#6640,#1689);
#1044=LINE('',#6641,#1690);
#1045=LINE('',#6644,#1691);
#1046=LINE('',#6645,#1692);
#1047=LINE('',#6647,#1693);
#1048=LINE('',#6651,#1694);
#1049=LINE('',#6653,#1695);
#1050=LINE('',#6655,#1696);
#1051=LINE('',#6657,#1697);
#1052=LINE('',#6658,#1698);
#1053=LINE('',#6661,#1699);
#1054=LINE('',#6663,#1700);
#1055=LINE('',#6665,#1701);
#1056=LINE('',#6666,#1702);
#1057=LINE('',#6670,#1703);
#1058=LINE('',#6672,#1704);
#1059=LINE('',#6673,#1705);
#1060=LINE('',#6674,#1706);
#1061=LINE('',#6677,#1707);
#1062=LINE('',#6678,#1708);
#1063=LINE('',#6679,#1709);
#1064=LINE('',#6682,#1710);
#1065=LINE('',#6683,#1711);
#1066=LINE('',#6685,#1712);
#1067=LINE('',#6690,#1713);
#1068=LINE('',#6692,#1714);
#1069=LINE('',#6694,#1715);
#1070=LINE('',#6695,#1716);
#1071=LINE('',#6699,#1717);
#1072=LINE('',#6701,#1718);
#1073=LINE('',#6703,#1719);
#1074=LINE('',#6704,#1720);
#1075=LINE('',#6707,#1721);
#1076=LINE('',#6708,#1722);
#1077=LINE('',#6709,#1723);
#1078=LINE('',#6712,#1724);
#1079=LINE('',#6713,#1725);
#1080=LINE('',#6714,#1726);
#1081=LINE('',#6716,#1727);
#1082=LINE('',#6719,#1728);
#1083=LINE('',#6720,#1729);
#1084=LINE('',#6724,#1730);
#1085=LINE('',#6726,#1731);
#1086=LINE('',#6728,#1732);
#1087=LINE('',#6729,#1733);
#1088=LINE('',#6733,#1734);
#1089=LINE('',#6735,#1735);
#1090=LINE('',#6737,#1736);
#1091=LINE('',#6738,#1737);
#1092=LINE('',#6741,#1738);
#1093=LINE('',#6742,#1739);
#1094=LINE('',#6743,#1740);
#1095=LINE('',#6746,#1741);
#1096=LINE('',#6747,#1742);
#1097=LINE('',#6748,#1743);
#1098=LINE('',#6750,#1744);
#1099=LINE('',#6753,#1745);
#1100=LINE('',#6754,#1746);
#1101=LINE('',#6758,#1747);
#1102=LINE('',#6760,#1748);
#1103=LINE('',#6762,#1749);
#1104=LINE('',#6763,#1750);
#1105=LINE('',#6767,#1751);
#1106=LINE('',#6769,#1752);
#1107=LINE('',#6771,#1753);
#1108=LINE('',#6772,#1754);
#1109=LINE('',#6775,#1755);
#1110=LINE('',#6776,#1756);
#1111=LINE('',#6777,#1757);
#1112=LINE('',#6780,#1758);
#1113=LINE('',#6781,#1759);
#1114=LINE('',#6782,#1760);
#1115=LINE('',#6784,#1761);
#1116=LINE('',#6787,#1762);
#1117=LINE('',#6788,#1763);
#1118=LINE('',#6792,#1764);
#1119=LINE('',#6794,#1765);
#1120=LINE('',#6796,#1766);
#1121=LINE('',#6797,#1767);
#1122=LINE('',#6801,#1768);
#1123=LINE('',#6803,#1769);
#1124=LINE('',#6805,#1770);
#1125=LINE('',#6806,#1771);
#1126=LINE('',#6809,#1772);
#1127=LINE('',#6810,#1773);
#1128=LINE('',#6811,#1774);
#1129=LINE('',#6814,#1775);
#1130=LINE('',#6815,#1776);
#1131=LINE('',#6816,#1777);
#1132=LINE('',#6818,#1778);
#1133=LINE('',#6822,#1779);
#1134=LINE('',#6823,#1780);
#1135=LINE('',#6825,#1781);
#1136=LINE('',#6826,#1782);
#1137=LINE('',#6830,#1783);
#1138=LINE('',#6832,#1784);
#1139=LINE('',#6834,#1785);
#1140=LINE('',#6835,#1786);
#1141=LINE('',#6839,#1787);
#1142=LINE('',#6841,#1788);
#1143=LINE('',#6843,#1789);
#1144=LINE('',#6844,#1790);
#1145=LINE('',#6847,#1791);
#1146=LINE('',#6848,#1792);
#1147=LINE('',#6849,#1793);
#1148=LINE('',#6852,#1794);
#1149=LINE('',#6853,#1795);
#1150=LINE('',#6854,#1796);
#1151=LINE('',#6856,#1797);
#1152=LINE('',#6859,#1798);
#1153=LINE('',#6860,#1799);
#1154=LINE('',#6864,#1800);
#1155=LINE('',#6866,#1801);
#1156=LINE('',#6868,#1802);
#1157=LINE('',#6869,#1803);
#1158=LINE('',#6873,#1804);
#1159=LINE('',#6875,#1805);
#1160=LINE('',#6877,#1806);
#1161=LINE('',#6878,#1807);
#1162=LINE('',#6881,#1808);
#1163=LINE('',#6882,#1809);
#1164=LINE('',#6883,#1810);
#1165=LINE('',#6886,#1811);
#1166=LINE('',#6887,#1812);
#1167=LINE('',#6888,#1813);
#1168=LINE('',#6890,#1814);
#1169=LINE('',#6893,#1815);
#1170=LINE('',#6894,#1816);
#1171=LINE('',#6897,#1817);
#1172=LINE('',#6899,#1818);
#1173=LINE('',#6901,#1819);
#1174=LINE('',#6902,#1820);
#1175=LINE('',#6906,#1821);
#1176=LINE('',#6907,#1822);
#1177=LINE('',#6909,#1823);
#1178=LINE('',#6910,#1824);
#1179=LINE('',#6913,#1825);
#1180=LINE('',#6914,#1826);
#1181=LINE('',#6915,#1827);
#1182=LINE('',#6918,#1828);
#1183=LINE('',#6919,#1829);
#1184=LINE('',#6921,#1830);
#1185=LINE('',#6925,#1831);
#1186=LINE('',#6927,#1832);
#1187=LINE('',#6928,#1833);
#1188=LINE('',#6931,#1834);
#1189=LINE('',#6933,#1835);
#1190=LINE('',#6935,#1836);
#1191=LINE('',#6936,#1837);
#1192=LINE('',#6940,#1838);
#1193=LINE('',#6941,#1839);
#1194=LINE('',#6943,#1840);
#1195=LINE('',#6944,#1841);
#1196=LINE('',#6947,#1842);
#1197=LINE('',#6948,#1843);
#1198=LINE('',#6949,#1844);
#1199=LINE('',#6952,#1845);
#1200=LINE('',#6953,#1846);
#1201=LINE('',#6955,#1847);
#1202=LINE('',#6959,#1848);
#1203=LINE('',#6961,#1849);
#1204=LINE('',#6962,#1850);
#1205=LINE('',#6965,#1851);
#1206=LINE('',#6967,#1852);
#1207=LINE('',#6969,#1853);
#1208=LINE('',#6970,#1854);
#1209=LINE('',#6973,#1855);
#1210=LINE('',#6975,#1856);
#1211=LINE('',#6977,#1857);
#1212=LINE('',#6978,#1858);
#1213=LINE('',#6981,#1859);
#1214=LINE('',#6982,#1860);
#1215=LINE('',#6985,#1861);
#1216=LINE('',#6986,#1862);
#1217=LINE('',#6987,#1863);
#1218=LINE('',#6989,#1864);
#1219=LINE('',#6993,#1865);
#1220=LINE('',#6995,#1866);
#1221=LINE('',#6996,#1867);
#1222=LINE('',#6999,#1868);
#1223=LINE('',#7001,#1869);
#1224=LINE('',#7003,#1870);
#1225=LINE('',#7004,#1871);
#1226=LINE('',#7007,#1872);
#1227=LINE('',#7009,#1873);
#1228=LINE('',#7011,#1874);
#1229=LINE('',#7012,#1875);
#1230=LINE('',#7015,#1876);
#1231=LINE('',#7016,#1877);
#1232=LINE('',#7019,#1878);
#1233=LINE('',#7020,#1879);
#1234=LINE('',#7021,#1880);
#1235=LINE('',#7023,#1881);
#1236=LINE('',#7028,#1882);
#1237=LINE('',#7030,#1883);
#1238=LINE('',#7032,#1884);
#1239=LINE('',#7033,#1885);
#1240=LINE('',#7036,#1886);
#1241=LINE('',#7038,#1887);
#1242=LINE('',#7039,#1888);
#1243=LINE('',#7042,#1889);
#1244=LINE('',#7044,#1890);
#1245=LINE('',#7045,#1891);
#1246=LINE('',#7047,#1892);
#1247=LINE('',#7048,#1893);
#1248=LINE('',#7052,#1894);
#1249=LINE('',#7054,#1895);
#1250=LINE('',#7056,#1896);
#1251=LINE('',#7057,#1897);
#1252=LINE('',#7060,#1898);
#1253=LINE('',#7062,#1899);
#1254=LINE('',#7063,#1900);
#1255=LINE('',#7066,#1901);
#1256=LINE('',#7068,#1902);
#1257=LINE('',#7069,#1903);
#1258=LINE('',#7071,#1904);
#1259=LINE('',#7072,#1905);
#1260=LINE('',#7076,#1906);
#1261=LINE('',#7078,#1907);
#1262=LINE('',#7080,#1908);
#1263=LINE('',#7081,#1909);
#1264=LINE('',#7085,#1910);
#1265=LINE('',#7087,#1911);
#1266=LINE('',#7089,#1912);
#1267=LINE('',#7090,#1913);
#1268=LINE('',#7094,#1914);
#1269=LINE('',#7095,#1915);
#1270=LINE('',#7097,#1916);
#1271=LINE('',#7099,#1917);
#1272=LINE('',#7101,#1918);
#1273=LINE('',#7103,#1919);
#1274=LINE('',#7104,#1920);
#1275=LINE('',#7106,#1921);
#1276=LINE('',#7107,#1922);
#1277=LINE('',#7108,#1923);
#1278=LINE('',#7111,#1924);
#1279=LINE('',#7113,#1925);
#1280=LINE('',#7115,#1926);
#1281=LINE('',#7116,#1927);
#1282=LINE('',#7119,#1928);
#1283=LINE('',#7121,#1929);
#1284=LINE('',#7123,#1930);
#1285=LINE('',#7124,#1931);
#1286=LINE('',#7127,#1932);
#1287=LINE('',#7128,#1933);
#1288=LINE('',#7130,#1934);
#1289=LINE('',#7132,#1935);
#1290=LINE('',#7134,#1936);
#1291=LINE('',#7136,#1937);
#1292=LINE('',#7138,#1938);
#1293=LINE('',#7139,#1939);
#1294=LINE('',#7142,#1940);
#1295=LINE('',#7144,#1941);
#1296=LINE('',#7146,#1942);
#1297=LINE('',#7147,#1943);
#1298=LINE('',#7150,#1944);
#1299=LINE('',#7152,#1945);
#1300=LINE('',#7154,#1946);
#1301=LINE('',#7155,#1947);
#1302=LINE('',#7157,#1948);
#1303=LINE('',#7159,#1949);
#1304=LINE('',#7161,#1950);
#1305=LINE('',#7163,#1951);
#1306=LINE('',#7165,#1952);
#1307=LINE('',#7167,#1953);
#1308=LINE('',#7168,#1954);
#1309=LINE('',#7170,#1955);
#1310=LINE('',#7171,#1956);
#1311=LINE('',#7174,#1957);
#1312=LINE('',#7176,#1958);
#1313=LINE('',#7178,#1959);
#1314=LINE('',#7179,#1960);
#1315=LINE('',#7182,#1961);
#1316=LINE('',#7184,#1962);
#1317=LINE('',#7186,#1963);
#1318=LINE('',#7187,#1964);
#1319=LINE('',#7191,#1965);
#1320=LINE('',#7193,#1966);
#1321=LINE('',#7195,#1967);
#1322=LINE('',#7196,#1968);
#1323=LINE('',#7199,#1969);
#1324=LINE('',#7201,#1970);
#1325=LINE('',#7202,#1971);
#1326=LINE('',#7205,#1972);
#1327=LINE('',#7207,#1973);
#1328=LINE('',#7208,#1974);
#1329=LINE('',#7210,#1975);
#1330=LINE('',#7211,#1976);
#1331=LINE('',#7215,#1977);
#1332=LINE('',#7217,#1978);
#1333=LINE('',#7219,#1979);
#1334=LINE('',#7220,#1980);
#1335=LINE('',#7223,#1981);
#1336=LINE('',#7225,#1982);
#1337=LINE('',#7226,#1983);
#1338=LINE('',#7229,#1984);
#1339=LINE('',#7231,#1985);
#1340=LINE('',#7232,#1986);
#1341=LINE('',#7234,#1987);
#1342=LINE('',#7235,#1988);
#1343=LINE('',#7239,#1989);
#1344=LINE('',#7241,#1990);
#1345=LINE('',#7243,#1991);
#1346=LINE('',#7244,#1992);
#1347=LINE('',#7248,#1993);
#1348=LINE('',#7250,#1994);
#1349=LINE('',#7252,#1995);
#1350=LINE('',#7253,#1996);
#1351=LINE('',#7255,#1997);
#1352=LINE('',#7256,#1998);
#1353=LINE('',#7257,#1999);
#1354=LINE('',#7258,#2000);
#1355=LINE('',#7259,#2001);
#1356=LINE('',#7263,#2002);
#1357=LINE('',#7264,#2003);
#1358=LINE('',#7265,#2004);
#1359=LINE('',#7269,#2005);
#1360=LINE('',#7270,#2006);
#1361=LINE('',#7271,#2007);
#1362=LINE('',#7274,#2008);
#1363=LINE('',#7275,#2009);
#1364=LINE('',#7278,#2010);
#1365=LINE('',#7279,#2011);
#1366=LINE('',#7281,#2012);
#1367=LINE('',#7285,#2013);
#1368=LINE('',#7286,#2014);
#1369=LINE('',#7287,#2015);
#1370=LINE('',#7290,#2016);
#1371=LINE('',#7291,#2017);
#1372=LINE('',#7294,#2018);
#1373=LINE('',#7295,#2019);
#1374=LINE('',#7297,#2020);
#1375=LINE('',#7300,#2021);
#1376=LINE('',#7301,#2022);
#1377=LINE('',#7304,#2023);
#1378=LINE('',#7305,#2024);
#1379=LINE('',#7307,#2025);
#1380=LINE('',#7308,#2026);
#1381=LINE('',#7310,#2027);
#1382=LINE('',#7312,#2028);
#1383=LINE('',#7314,#2029);
#1384=LINE('',#7315,#2030);
#1385=LINE('',#7318,#2031);
#1386=LINE('',#7319,#2032);
#1387=LINE('',#7321,#2033);
#1388=LINE('',#7324,#2034);
#1389=LINE('',#7325,#2035);
#1390=LINE('',#7328,#2036);
#1391=LINE('',#7329,#2037);
#1392=LINE('',#7330,#2038);
#1393=LINE('',#7331,#2039);
#1394=LINE('',#7336,#2040);
#1395=LINE('',#7337,#2041);
#1396=LINE('',#7338,#2042);
#1397=LINE('',#7342,#2043);
#1398=LINE('',#7343,#2044);
#1399=LINE('',#7344,#2045);
#1400=LINE('',#7347,#2046);
#1401=LINE('',#7348,#2047);
#1402=LINE('',#7351,#2048);
#1403=LINE('',#7352,#2049);
#1404=LINE('',#7354,#2050);
#1405=LINE('',#7358,#2051);
#1406=LINE('',#7359,#2052);
#1407=LINE('',#7360,#2053);
#1408=LINE('',#7363,#2054);
#1409=LINE('',#7364,#2055);
#1410=LINE('',#7367,#2056);
#1411=LINE('',#7368,#2057);
#1412=LINE('',#7370,#2058);
#1413=LINE('',#7373,#2059);
#1414=LINE('',#7374,#2060);
#1415=LINE('',#7376,#2061);
#1416=LINE('',#7379,#2062);
#1417=LINE('',#7381,#2063);
#1418=LINE('',#7382,#2064);
#1419=LINE('',#7383,#2065);
#1420=LINE('',#7386,#2066);
#1421=LINE('',#7387,#2067);
#1422=LINE('',#7389,#2068);
#1423=LINE('',#7391,#2069);
#1424=VECTOR('',#4956,0.25);
#1425=VECTOR('',#4963,10.);
#1426=VECTOR('',#4964,10.);
#1427=VECTOR('',#4965,10.);
#1428=VECTOR('',#4966,10.);
#1429=VECTOR('',#4969,10.);
#1430=VECTOR('',#4970,10.);
#1431=VECTOR('',#4971,10.);
#1432=VECTOR('',#4974,10.);
#1433=VECTOR('',#4975,10.);
#1434=VECTOR('',#4976,10.);
#1435=VECTOR('',#4979,10.);
#1436=VECTOR('',#4980,10.);
#1437=VECTOR('',#4987,10.);
#1438=VECTOR('',#4988,10.);
#1439=VECTOR('',#4989,10.);
#1440=VECTOR('',#4990,10.);
#1441=VECTOR('',#4993,10.);
#1442=VECTOR('',#4994,10.);
#1443=VECTOR('',#4995,10.);
#1444=VECTOR('',#4998,10.);
#1445=VECTOR('',#4999,10.);
#1446=VECTOR('',#5004,10.);
#1447=VECTOR('',#5005,10.);
#1448=VECTOR('',#5006,10.);
#1449=VECTOR('',#5007,10.);
#1450=VECTOR('',#5012,10.);
#1451=VECTOR('',#5013,10.);
#1452=VECTOR('',#5014,10.);
#1453=VECTOR('',#5017,10.);
#1454=VECTOR('',#5018,10.);
#1455=VECTOR('',#5023,0.375);
#1456=VECTOR('',#5026,10.);
#1457=VECTOR('',#5027,10.);
#1458=VECTOR('',#5030,10.);
#1459=VECTOR('',#5037,0.0750000000000001);
#1460=VECTOR('',#5044,10.);
#1461=VECTOR('',#5045,10.);
#1462=VECTOR('',#5046,10.);
#1463=VECTOR('',#5047,10.);
#1464=VECTOR('',#5050,10.);
#1465=VECTOR('',#5051,10.);
#1466=VECTOR('',#5052,10.);
#1467=VECTOR('',#5055,10.);
#1468=VECTOR('',#5056,10.);
#1469=VECTOR('',#5057,10.);
#1470=VECTOR('',#5060,10.);
#1471=VECTOR('',#5061,10.);
#1472=VECTOR('',#5062,10.);
#1473=VECTOR('',#5063,10.);
#1474=VECTOR('',#5066,10.);
#1475=VECTOR('',#5067,10.);
#1476=VECTOR('',#5068,10.);
#1477=VECTOR('',#5071,10.);
#1478=VECTOR('',#5072,10.);
#1479=VECTOR('',#5073,10.);
#1480=VECTOR('',#5076,10.);
#1481=VECTOR('',#5077,10.);
#1482=VECTOR('',#5078,10.);
#1483=VECTOR('',#5079,10.);
#1484=VECTOR('',#5082,10.);
#1485=VECTOR('',#5083,10.);
#1486=VECTOR('',#5084,10.);
#1487=VECTOR('',#5087,10.);
#1488=VECTOR('',#5088,10.);
#1489=VECTOR('',#5089,10.);
#1490=VECTOR('',#5092,10.);
#1491=VECTOR('',#5093,10.);
#1492=VECTOR('',#5094,10.);
#1493=VECTOR('',#5095,10.);
#1494=VECTOR('',#5098,10.);
#1495=VECTOR('',#5099,10.);
#1496=VECTOR('',#5100,10.);
#1497=VECTOR('',#5103,10.);
#1498=VECTOR('',#5104,10.);
#1499=VECTOR('',#5105,10.);
#1500=VECTOR('',#5108,10.);
#1501=VECTOR('',#5109,10.);
#1502=VECTOR('',#5110,10.);
#1503=VECTOR('',#5111,10.);
#1504=VECTOR('',#5114,10.);
#1505=VECTOR('',#5115,10.);
#1506=VECTOR('',#5116,10.);
#1507=VECTOR('',#5119,10.);
#1508=VECTOR('',#5120,10.);
#1509=VECTOR('',#5121,10.);
#1510=VECTOR('',#5124,10.);
#1511=VECTOR('',#5125,10.);
#1512=VECTOR('',#5126,10.);
#1513=VECTOR('',#5127,10.);
#1514=VECTOR('',#5130,10.);
#1515=VECTOR('',#5131,10.);
#1516=VECTOR('',#5132,10.);
#1517=VECTOR('',#5135,10.);
#1518=VECTOR('',#5136,10.);
#1519=VECTOR('',#5137,10.);
#1520=VECTOR('',#5140,10.);
#1521=VECTOR('',#5141,10.);
#1522=VECTOR('',#5142,10.);
#1523=VECTOR('',#5143,10.);
#1524=VECTOR('',#5146,10.);
#1525=VECTOR('',#5147,10.);
#1526=VECTOR('',#5148,10.);
#1527=VECTOR('',#5151,10.);
#1528=VECTOR('',#5152,10.);
#1529=VECTOR('',#5153,10.);
#1530=VECTOR('',#5156,10.);
#1531=VECTOR('',#5157,10.);
#1532=VECTOR('',#5158,10.);
#1533=VECTOR('',#5159,10.);
#1534=VECTOR('',#5162,10.);
#1535=VECTOR('',#5163,10.);
#1536=VECTOR('',#5164,10.);
#1537=VECTOR('',#5167,10.);
#1538=VECTOR('',#5168,10.);
#1539=VECTOR('',#5169,10.);
#1540=VECTOR('',#5172,10.);
#1541=VECTOR('',#5173,10.);
#1542=VECTOR('',#5174,10.);
#1543=VECTOR('',#5175,10.);
#1544=VECTOR('',#5178,10.);
#1545=VECTOR('',#5179,10.);
#1546=VECTOR('',#5180,10.);
#1547=VECTOR('',#5183,10.);
#1548=VECTOR('',#5184,10.);
#1549=VECTOR('',#5185,10.);
#1550=VECTOR('',#5188,10.);
#1551=VECTOR('',#5189,10.);
#1552=VECTOR('',#5190,10.);
#1553=VECTOR('',#5191,10.);
#1554=VECTOR('',#5194,10.);
#1555=VECTOR('',#5195,10.);
#1556=VECTOR('',#5196,10.);
#1557=VECTOR('',#5199,10.);
#1558=VECTOR('',#5200,10.);
#1559=VECTOR('',#5201,10.);
#1560=VECTOR('',#5204,10.);
#1561=VECTOR('',#5205,10.);
#1562=VECTOR('',#5206,10.);
#1563=VECTOR('',#5207,10.);
#1564=VECTOR('',#5210,10.);
#1565=VECTOR('',#5211,10.);
#1566=VECTOR('',#5212,10.);
#1567=VECTOR('',#5215,10.);
#1568=VECTOR('',#5216,10.);
#1569=VECTOR('',#5217,10.);
#1570=VECTOR('',#5220,10.);
#1571=VECTOR('',#5221,10.);
#1572=VECTOR('',#5222,10.);
#1573=VECTOR('',#5223,10.);
#1574=VECTOR('',#5226,10.);
#1575=VECTOR('',#5227,10.);
#1576=VECTOR('',#5228,10.);
#1577=VECTOR('',#5231,10.);
#1578=VECTOR('',#5232,10.);
#1579=VECTOR('',#5233,10.);
#1580=VECTOR('',#5236,10.);
#1581=VECTOR('',#5237,10.);
#1582=VECTOR('',#5238,10.);
#1583=VECTOR('',#5239,10.);
#1584=VECTOR('',#5242,10.);
#1585=VECTOR('',#5243,10.);
#1586=VECTOR('',#5244,10.);
#1587=VECTOR('',#5247,10.);
#1588=VECTOR('',#5248,10.);
#1589=VECTOR('',#5249,10.);
#1590=VECTOR('',#5252,10.);
#1591=VECTOR('',#5253,10.);
#1592=VECTOR('',#5254,10.);
#1593=VECTOR('',#5255,10.);
#1594=VECTOR('',#5258,10.);
#1595=VECTOR('',#5259,10.);
#1596=VECTOR('',#5260,10.);
#1597=VECTOR('',#5263,10.);
#1598=VECTOR('',#5264,10.);
#1599=VECTOR('',#5265,10.);
#1600=VECTOR('',#5268,10.);
#1601=VECTOR('',#5269,10.);
#1602=VECTOR('',#5270,10.);
#1603=VECTOR('',#5273,10.);
#1604=VECTOR('',#5274,10.);
#1605=VECTOR('',#5275,10.);
#1606=VECTOR('',#5278,10.);
#1607=VECTOR('',#5279,10.);
#1608=VECTOR('',#5282,10.);
#1609=VECTOR('',#5283,10.);
#1610=VECTOR('',#5286,10.);
#1611=VECTOR('',#5287,10.);
#1612=VECTOR('',#5288,10.);
#1613=VECTOR('',#5291,10.);
#1614=VECTOR('',#5292,10.);
#1615=VECTOR('',#5295,10.);
#1616=VECTOR('',#5296,10.);
#1617=VECTOR('',#5299,10.);
#1618=VECTOR('',#5300,10.);
#1619=VECTOR('',#5303,10.);
#1620=VECTOR('',#5304,10.);
#1621=VECTOR('',#5307,10.);
#1622=VECTOR('',#5308,10.);
#1623=VECTOR('',#5311,10.);
#1624=VECTOR('',#5312,10.);
#1625=VECTOR('',#5313,10.);
#1626=VECTOR('',#5316,10.);
#1627=VECTOR('',#5317,10.);
#1628=VECTOR('',#5320,10.);
#1629=VECTOR('',#5321,10.);
#1630=VECTOR('',#5322,10.);
#1631=VECTOR('',#5323,10.);
#1632=VECTOR('',#5324,10.);
#1633=VECTOR('',#5325,10.);
#1634=VECTOR('',#5328,10.);
#1635=VECTOR('',#5331,10.);
#1636=VECTOR('',#5334,10.);
#1637=VECTOR('',#5337,10.);
#1638=VECTOR('',#5338,10.);
#1639=VECTOR('',#5339,10.);
#1640=VECTOR('',#5348,10.);
#1641=VECTOR('',#5349,10.);
#1642=VECTOR('',#5350,10.);
#1643=VECTOR('',#5351,10.);
#1644=VECTOR('',#5354,10.);
#1645=VECTOR('',#5355,10.);
#1646=VECTOR('',#5356,10.);
#1647=VECTOR('',#5357,10.);
#1648=VECTOR('',#5360,10.);
#1649=VECTOR('',#5361,10.);
#1650=VECTOR('',#5362,10.);
#1651=VECTOR('',#5365,10.);
#1652=VECTOR('',#5366,10.);
#1653=VECTOR('',#5367,10.);
#1654=VECTOR('',#5370,10.);
#1655=VECTOR('',#5375,10.);
#1656=VECTOR('',#5376,10.);
#1657=VECTOR('',#5377,10.);
#1658=VECTOR('',#5380,10.);
#1659=VECTOR('',#5381,10.);
#1660=VECTOR('',#5382,10.);
#1661=VECTOR('',#5383,10.);
#1662=VECTOR('',#5384,10.);
#1663=VECTOR('',#5387,10.);
#1664=VECTOR('',#5388,10.);
#1665=VECTOR('',#5389,10.);
#1666=VECTOR('',#5390,10.);
#1667=VECTOR('',#5393,10.);
#1668=VECTOR('',#5394,10.);
#1669=VECTOR('',#5395,10.);
#1670=VECTOR('',#5396,10.);
#1671=VECTOR('',#5399,10.);
#1672=VECTOR('',#5400,10.);
#1673=VECTOR('',#5401,10.);
#1674=VECTOR('',#5404,10.);
#1675=VECTOR('',#5405,10.);
#1676=VECTOR('',#5408,10.);
#1677=VECTOR('',#5413,10.);
#1678=VECTOR('',#5414,10.);
#1679=VECTOR('',#5415,10.);
#1680=VECTOR('',#5418,10.);
#1681=VECTOR('',#5419,10.);
#1682=VECTOR('',#5420,10.);
#1683=VECTOR('',#5421,10.);
#1684=VECTOR('',#5424,10.);
#1685=VECTOR('',#5425,10.);
#1686=VECTOR('',#5426,10.);
#1687=VECTOR('',#5427,10.);
#1688=VECTOR('',#5430,10.);
#1689=VECTOR('',#5431,10.);
#1690=VECTOR('',#5432,10.);
#1691=VECTOR('',#5435,10.);
#1692=VECTOR('',#5436,10.);
#1693=VECTOR('',#5439,10.);
#1694=VECTOR('',#5444,10.);
#1695=VECTOR('',#5445,10.);
#1696=VECTOR('',#5446,10.);
#1697=VECTOR('',#5447,10.);
#1698=VECTOR('',#5448,10.);
#1699=VECTOR('',#5451,10.);
#1700=VECTOR('',#5452,10.);
#1701=VECTOR('',#5453,10.);
#1702=VECTOR('',#5454,10.);
#1703=VECTOR('',#5457,10.);
#1704=VECTOR('',#5458,10.);
#1705=VECTOR('',#5459,10.);
#1706=VECTOR('',#5460,10.);
#1707=VECTOR('',#5463,10.);
#1708=VECTOR('',#5464,10.);
#1709=VECTOR('',#5465,10.);
#1710=VECTOR('',#5468,10.);
#1711=VECTOR('',#5469,10.);
#1712=VECTOR('',#5472,10.);
#1713=VECTOR('',#5477,10.);
#1714=VECTOR('',#5478,10.);
#1715=VECTOR('',#5479,10.);
#1716=VECTOR('',#5480,10.);
#1717=VECTOR('',#5483,10.);
#1718=VECTOR('',#5484,10.);
#1719=VECTOR('',#5485,10.);
#1720=VECTOR('',#5486,10.);
#1721=VECTOR('',#5489,10.);
#1722=VECTOR('',#5490,10.);
#1723=VECTOR('',#5491,10.);
#1724=VECTOR('',#5494,10.);
#1725=VECTOR('',#5495,10.);
#1726=VECTOR('',#5496,10.);
#1727=VECTOR('',#5499,10.);
#1728=VECTOR('',#5504,10.);
#1729=VECTOR('',#5505,10.);
#1730=VECTOR('',#5508,10.);
#1731=VECTOR('',#5509,10.);
#1732=VECTOR('',#5510,10.);
#1733=VECTOR('',#5511,10.);
#1734=VECTOR('',#5514,10.);
#1735=VECTOR('',#5515,10.);
#1736=VECTOR('',#5516,10.);
#1737=VECTOR('',#5517,10.);
#1738=VECTOR('',#5520,10.);
#1739=VECTOR('',#5521,10.);
#1740=VECTOR('',#5522,10.);
#1741=VECTOR('',#5525,10.);
#1742=VECTOR('',#5526,10.);
#1743=VECTOR('',#5527,10.);
#1744=VECTOR('',#5530,10.);
#1745=VECTOR('',#5535,10.);
#1746=VECTOR('',#5536,10.);
#1747=VECTOR('',#5539,10.);
#1748=VECTOR('',#5540,10.);
#1749=VECTOR('',#5541,10.);
#1750=VECTOR('',#5542,10.);
#1751=VECTOR('',#5545,10.);
#1752=VECTOR('',#5546,10.);
#1753=VECTOR('',#5547,10.);
#1754=VECTOR('',#5548,10.);
#1755=VECTOR('',#5551,10.);
#1756=VECTOR('',#5552,10.);
#1757=VECTOR('',#5553,10.);
#1758=VECTOR('',#5556,10.);
#1759=VECTOR('',#5557,10.);
#1760=VECTOR('',#5558,10.);
#1761=VECTOR('',#5561,10.);
#1762=VECTOR('',#5566,10.);
#1763=VECTOR('',#5567,10.);
#1764=VECTOR('',#5570,10.);
#1765=VECTOR('',#5571,10.);
#1766=VECTOR('',#5572,10.);
#1767=VECTOR('',#5573,10.);
#1768=VECTOR('',#5576,10.);
#1769=VECTOR('',#5577,10.);
#1770=VECTOR('',#5578,10.);
#1771=VECTOR('',#5579,10.);
#1772=VECTOR('',#5582,10.);
#1773=VECTOR('',#5583,10.);
#1774=VECTOR('',#5584,10.);
#1775=VECTOR('',#5587,10.);
#1776=VECTOR('',#5588,10.);
#1777=VECTOR('',#5589,10.);
#1778=VECTOR('',#5592,10.);
#1779=VECTOR('',#5597,10.);
#1780=VECTOR('',#5598,10.);
#1781=VECTOR('',#5599,10.);
#1782=VECTOR('',#5600,10.);
#1783=VECTOR('',#5603,10.);
#1784=VECTOR('',#5604,10.);
#1785=VECTOR('',#5605,10.);
#1786=VECTOR('',#5606,10.);
#1787=VECTOR('',#5609,10.);
#1788=VECTOR('',#5610,10.);
#1789=VECTOR('',#5611,10.);
#1790=VECTOR('',#5612,10.);
#1791=VECTOR('',#5615,10.);
#1792=VECTOR('',#5616,10.);
#1793=VECTOR('',#5617,10.);
#1794=VECTOR('',#5620,10.);
#1795=VECTOR('',#5621,10.);
#1796=VECTOR('',#5622,10.);
#1797=VECTOR('',#5625,10.);
#1798=VECTOR('',#5630,10.);
#1799=VECTOR('',#5631,10.);
#1800=VECTOR('',#5634,10.);
#1801=VECTOR('',#5635,10.);
#1802=VECTOR('',#5636,10.);
#1803=VECTOR('',#5637,10.);
#1804=VECTOR('',#5640,10.);
#1805=VECTOR('',#5641,10.);
#1806=VECTOR('',#5642,10.);
#1807=VECTOR('',#5643,10.);
#1808=VECTOR('',#5646,10.);
#1809=VECTOR('',#5647,10.);
#1810=VECTOR('',#5648,10.);
#1811=VECTOR('',#5651,10.);
#1812=VECTOR('',#5652,10.);
#1813=VECTOR('',#5653,10.);
#1814=VECTOR('',#5656,10.);
#1815=VECTOR('',#5661,10.);
#1816=VECTOR('',#5662,10.);
#1817=VECTOR('',#5665,10.);
#1818=VECTOR('',#5666,10.);
#1819=VECTOR('',#5667,10.);
#1820=VECTOR('',#5668,10.);
#1821=VECTOR('',#5671,10.);
#1822=VECTOR('',#5672,10.);
#1823=VECTOR('',#5673,10.);
#1824=VECTOR('',#5674,10.);
#1825=VECTOR('',#5677,10.);
#1826=VECTOR('',#5678,10.);
#1827=VECTOR('',#5679,10.);
#1828=VECTOR('',#5682,10.);
#1829=VECTOR('',#5683,10.);
#1830=VECTOR('',#5686,10.);
#1831=VECTOR('',#5691,10.);
#1832=VECTOR('',#5692,10.);
#1833=VECTOR('',#5693,10.);
#1834=VECTOR('',#5696,10.);
#1835=VECTOR('',#5697,10.);
#1836=VECTOR('',#5698,10.);
#1837=VECTOR('',#5699,10.);
#1838=VECTOR('',#5702,10.);
#1839=VECTOR('',#5703,10.);
#1840=VECTOR('',#5704,10.);
#1841=VECTOR('',#5705,10.);
#1842=VECTOR('',#5708,10.);
#1843=VECTOR('',#5709,10.);
#1844=VECTOR('',#5710,10.);
#1845=VECTOR('',#5713,10.);
#1846=VECTOR('',#5714,10.);
#1847=VECTOR('',#5717,10.);
#1848=VECTOR('',#5722,10.);
#1849=VECTOR('',#5723,10.);
#1850=VECTOR('',#5724,10.);
#1851=VECTOR('',#5727,10.);
#1852=VECTOR('',#5728,10.);
#1853=VECTOR('',#5729,10.);
#1854=VECTOR('',#5730,10.);
#1855=VECTOR('',#5733,10.);
#1856=VECTOR('',#5734,10.);
#1857=VECTOR('',#5735,10.);
#1858=VECTOR('',#5736,10.);
#1859=VECTOR('',#5739,10.);
#1860=VECTOR('',#5740,10.);
#1861=VECTOR('',#5743,10.);
#1862=VECTOR('',#5744,10.);
#1863=VECTOR('',#5745,10.);
#1864=VECTOR('',#5748,10.);
#1865=VECTOR('',#5753,10.);
#1866=VECTOR('',#5754,10.);
#1867=VECTOR('',#5755,10.);
#1868=VECTOR('',#5758,10.);
#1869=VECTOR('',#5759,10.);
#1870=VECTOR('',#5760,10.);
#1871=VECTOR('',#5761,10.);
#1872=VECTOR('',#5764,10.);
#1873=VECTOR('',#5765,10.);
#1874=VECTOR('',#5766,10.);
#1875=VECTOR('',#5767,10.);
#1876=VECTOR('',#5770,10.);
#1877=VECTOR('',#5771,10.);
#1878=VECTOR('',#5774,10.);
#1879=VECTOR('',#5775,10.);
#1880=VECTOR('',#5776,10.);
#1881=VECTOR('',#5779,10.);
#1882=VECTOR('',#5784,10.);
#1883=VECTOR('',#5785,10.);
#1884=VECTOR('',#5786,10.);
#1885=VECTOR('',#5787,10.);
#1886=VECTOR('',#5790,10.);
#1887=VECTOR('',#5791,10.);
#1888=VECTOR('',#5792,10.);
#1889=VECTOR('',#5795,10.);
#1890=VECTOR('',#5796,10.);
#1891=VECTOR('',#5797,10.);
#1892=VECTOR('',#5800,10.);
#1893=VECTOR('',#5801,10.);
#1894=VECTOR('',#5804,10.);
#1895=VECTOR('',#5805,10.);
#1896=VECTOR('',#5806,10.);
#1897=VECTOR('',#5807,10.);
#1898=VECTOR('',#5810,10.);
#1899=VECTOR('',#5811,10.);
#1900=VECTOR('',#5812,10.);
#1901=VECTOR('',#5815,10.);
#1902=VECTOR('',#5816,10.);
#1903=VECTOR('',#5817,10.);
#1904=VECTOR('',#5820,10.);
#1905=VECTOR('',#5821,10.);
#1906=VECTOR('',#5824,10.);
#1907=VECTOR('',#5825,10.);
#1908=VECTOR('',#5826,10.);
#1909=VECTOR('',#5827,10.);
#1910=VECTOR('',#5830,10.);
#1911=VECTOR('',#5831,10.);
#1912=VECTOR('',#5832,10.);
#1913=VECTOR('',#5833,10.);
#1914=VECTOR('',#5836,10.);
#1915=VECTOR('',#5837,10.);
#1916=VECTOR('',#5838,10.);
#1917=VECTOR('',#5839,10.);
#1918=VECTOR('',#5840,10.);
#1919=VECTOR('',#5841,10.);
#1920=VECTOR('',#5842,10.);
#1921=VECTOR('',#5843,10.);
#1922=VECTOR('',#5844,10.);
#1923=VECTOR('',#5845,10.);
#1924=VECTOR('',#5848,10.);
#1925=VECTOR('',#5849,10.);
#1926=VECTOR('',#5850,10.);
#1927=VECTOR('',#5851,10.);
#1928=VECTOR('',#5854,10.);
#1929=VECTOR('',#5855,10.);
#1930=VECTOR('',#5856,10.);
#1931=VECTOR('',#5857,10.);
#1932=VECTOR('',#5860,10.);
#1933=VECTOR('',#5861,10.);
#1934=VECTOR('',#5862,10.);
#1935=VECTOR('',#5863,10.);
#1936=VECTOR('',#5864,10.);
#1937=VECTOR('',#5865,10.);
#1938=VECTOR('',#5866,10.);
#1939=VECTOR('',#5867,10.);
#1940=VECTOR('',#5868,10.);
#1941=VECTOR('',#5869,10.);
#1942=VECTOR('',#5870,10.);
#1943=VECTOR('',#5871,10.);
#1944=VECTOR('',#5872,10.);
#1945=VECTOR('',#5873,10.);
#1946=VECTOR('',#5874,10.);
#1947=VECTOR('',#5875,10.);
#1948=VECTOR('',#5878,10.);
#1949=VECTOR('',#5879,10.);
#1950=VECTOR('',#5880,10.);
#1951=VECTOR('',#5881,10.);
#1952=VECTOR('',#5882,10.);
#1953=VECTOR('',#5883,10.);
#1954=VECTOR('',#5884,10.);
#1955=VECTOR('',#5885,10.);
#1956=VECTOR('',#5886,10.);
#1957=VECTOR('',#5887,10.);
#1958=VECTOR('',#5888,10.);
#1959=VECTOR('',#5889,10.);
#1960=VECTOR('',#5890,10.);
#1961=VECTOR('',#5891,10.);
#1962=VECTOR('',#5892,10.);
#1963=VECTOR('',#5893,10.);
#1964=VECTOR('',#5894,10.);
#1965=VECTOR('',#5897,10.);
#1966=VECTOR('',#5898,10.);
#1967=VECTOR('',#5899,10.);
#1968=VECTOR('',#5900,10.);
#1969=VECTOR('',#5903,10.);
#1970=VECTOR('',#5904,10.);
#1971=VECTOR('',#5905,10.);
#1972=VECTOR('',#5908,10.);
#1973=VECTOR('',#5909,10.);
#1974=VECTOR('',#5910,10.);
#1975=VECTOR('',#5913,10.);
#1976=VECTOR('',#5914,10.);
#1977=VECTOR('',#5917,10.);
#1978=VECTOR('',#5918,10.);
#1979=VECTOR('',#5919,10.);
#1980=VECTOR('',#5920,10.);
#1981=VECTOR('',#5923,10.);
#1982=VECTOR('',#5924,10.);
#1983=VECTOR('',#5925,10.);
#1984=VECTOR('',#5928,10.);
#1985=VECTOR('',#5929,10.);
#1986=VECTOR('',#5930,10.);
#1987=VECTOR('',#5933,10.);
#1988=VECTOR('',#5934,10.);
#1989=VECTOR('',#5937,10.);
#1990=VECTOR('',#5938,10.);
#1991=VECTOR('',#5939,10.);
#1992=VECTOR('',#5940,10.);
#1993=VECTOR('',#5943,10.);
#1994=VECTOR('',#5944,10.);
#1995=VECTOR('',#5945,10.);
#1996=VECTOR('',#5946,10.);
#1997=VECTOR('',#5949,10.);
#1998=VECTOR('',#5950,10.);
#1999=VECTOR('',#5951,10.);
#2000=VECTOR('',#5952,10.);
#2001=VECTOR('',#5953,10.);
#2002=VECTOR('',#5956,10.);
#2003=VECTOR('',#5957,10.);
#2004=VECTOR('',#5958,10.);
#2005=VECTOR('',#5961,10.);
#2006=VECTOR('',#5962,10.);
#2007=VECTOR('',#5963,10.);
#2008=VECTOR('',#5966,10.);
#2009=VECTOR('',#5967,10.);
#2010=VECTOR('',#5970,10.);
#2011=VECTOR('',#5971,10.);
#2012=VECTOR('',#5974,10.);
#2013=VECTOR('',#5977,10.);
#2014=VECTOR('',#5978,10.);
#2015=VECTOR('',#5979,10.);
#2016=VECTOR('',#5982,10.);
#2017=VECTOR('',#5983,10.);
#2018=VECTOR('',#5986,10.);
#2019=VECTOR('',#5987,10.);
#2020=VECTOR('',#5990,10.);
#2021=VECTOR('',#5993,10.);
#2022=VECTOR('',#5994,10.);
#2023=VECTOR('',#5997,10.);
#2024=VECTOR('',#5998,10.);
#2025=VECTOR('',#5999,10.);
#2026=VECTOR('',#6000,10.);
#2027=VECTOR('',#6001,10.);
#2028=VECTOR('',#6002,10.);
#2029=VECTOR('',#6003,10.);
#2030=VECTOR('',#6004,10.);
#2031=VECTOR('',#6007,10.);
#2032=VECTOR('',#6008,10.);
#2033=VECTOR('',#6011,10.);
#2034=VECTOR('',#6014,10.);
#2035=VECTOR('',#6015,10.);
#2036=VECTOR('',#6018,10.);
#2037=VECTOR('',#6019,10.);
#2038=VECTOR('',#6020,10.);
#2039=VECTOR('',#6021,10.);
#2040=VECTOR('',#6026,10.);
#2041=VECTOR('',#6027,10.);
#2042=VECTOR('',#6028,10.);
#2043=VECTOR('',#6031,10.);
#2044=VECTOR('',#6032,10.);
#2045=VECTOR('',#6033,10.);
#2046=VECTOR('',#6036,10.);
#2047=VECTOR('',#6037,10.);
#2048=VECTOR('',#6040,10.);
#2049=VECTOR('',#6041,10.);
#2050=VECTOR('',#6044,10.);
#2051=VECTOR('',#6047,10.);
#2052=VECTOR('',#6048,10.);
#2053=VECTOR('',#6049,10.);
#2054=VECTOR('',#6052,10.);
#2055=VECTOR('',#6053,10.);
#2056=VECTOR('',#6056,10.);
#2057=VECTOR('',#6057,10.);
#2058=VECTOR('',#6060,10.);
#2059=VECTOR('',#6063,10.);
#2060=VECTOR('',#6064,10.);
#2061=VECTOR('',#6067,10.);
#2062=VECTOR('',#6070,10.);
#2063=VECTOR('',#6071,10.);
#2064=VECTOR('',#6072,10.);
#2065=VECTOR('',#6073,10.);
#2066=VECTOR('',#6076,10.);
#2067=VECTOR('',#6077,10.);
#2068=VECTOR('',#6080,10.);
#2069=VECTOR('',#6083,10.);
#2070=CIRCLE('',#4707,0.25);
#2071=CIRCLE('',#4708,0.25);
#2072=CIRCLE('',#4721,0.375);
#2073=CIRCLE('',#4725,0.375);
#2074=CIRCLE('',#4730,0.0750000000000001);
#2075=CIRCLE('',#4731,0.0750000000000001);
#2076=VERTEX_POINT('',#6088);
#2077=VERTEX_POINT('',#6090);
#2078=VERTEX_POINT('',#6095);
#2079=VERTEX_POINT('',#6096);
#2080=VERTEX_POINT('',#6098);
#2081=VERTEX_POINT('',#6100);
#2082=VERTEX_POINT('',#6104);
#2083=VERTEX_POINT('',#6106);
#2084=VERTEX_POINT('',#6110);
#2085=VERTEX_POINT('',#6112);
#2086=VERTEX_POINT('',#6121);
#2087=VERTEX_POINT('',#6122);
#2088=VERTEX_POINT('',#6124);
#2089=VERTEX_POINT('',#6126);
#2090=VERTEX_POINT('',#6130);
#2091=VERTEX_POINT('',#6132);
#2092=VERTEX_POINT('',#6140);
#2093=VERTEX_POINT('',#6141);
#2094=VERTEX_POINT('',#6143);
#2095=VERTEX_POINT('',#6145);
#2096=VERTEX_POINT('',#6148);
#2097=VERTEX_POINT('',#6151);
#2098=VERTEX_POINT('',#6153);
#2099=VERTEX_POINT('',#6157);
#2100=VERTEX_POINT('',#6161);
#2101=VERTEX_POINT('',#6165);
#2102=VERTEX_POINT('',#6172);
#2103=VERTEX_POINT('',#6174);
#2104=VERTEX_POINT('',#6179);
#2105=VERTEX_POINT('',#6180);
#2106=VERTEX_POINT('',#6182);
#2107=VERTEX_POINT('',#6184);
#2108=VERTEX_POINT('',#6188);
#2109=VERTEX_POINT('',#6190);
#2110=VERTEX_POINT('',#6194);
#2111=VERTEX_POINT('',#6196);
#2112=VERTEX_POINT('',#6200);
#2113=VERTEX_POINT('',#6201);
#2114=VERTEX_POINT('',#6203);
#2115=VERTEX_POINT('',#6205);
#2116=VERTEX_POINT('',#6209);
#2117=VERTEX_POINT('',#6211);
#2118=VERTEX_POINT('',#6215);
#2119=VERTEX_POINT('',#6217);
#2120=VERTEX_POINT('',#6221);
#2121=VERTEX_POINT('',#6222);
#2122=VERTEX_POINT('',#6224);
#2123=VERTEX_POINT('',#6226);
#2124=VERTEX_POINT('',#6230);
#2125=VERTEX_POINT('',#6232);
#2126=VERTEX_POINT('',#6236);
#2127=VERTEX_POINT('',#6238);
#2128=VERTEX_POINT('',#6242);
#2129=VERTEX_POINT('',#6243);
#2130=VERTEX_POINT('',#6245);
#2131=VERTEX_POINT('',#6247);
#2132=VERTEX_POINT('',#6251);
#2133=VERTEX_POINT('',#6253);
#2134=VERTEX_POINT('',#6257);
#2135=VERTEX_POINT('',#6259);
#2136=VERTEX_POINT('',#6263);
#2137=VERTEX_POINT('',#6264);
#2138=VERTEX_POINT('',#6266);
#2139=VERTEX_POINT('',#6268);
#2140=VERTEX_POINT('',#6272);
#2141=VERTEX_POINT('',#6274);
#2142=VERTEX_POINT('',#6278);
#2143=VERTEX_POINT('',#6280);
#2144=VERTEX_POINT('',#6284);
#2145=VERTEX_POINT('',#6285);
#2146=VERTEX_POINT('',#6287);
#2147=VERTEX_POINT('',#6289);
#2148=VERTEX_POINT('',#6293);
#2149=VERTEX_POINT('',#6295);
#2150=VERTEX_POINT('',#6299);
#2151=VERTEX_POINT('',#6301);
#2152=VERTEX_POINT('',#6305);
#2153=VERTEX_POINT('',#6306);
#2154=VERTEX_POINT('',#6308);
#2155=VERTEX_POINT('',#6310);
#2156=VERTEX_POINT('',#6314);
#2157=VERTEX_POINT('',#6316);
#2158=VERTEX_POINT('',#6320);
#2159=VERTEX_POINT('',#6322);
#2160=VERTEX_POINT('',#6326);
#2161=VERTEX_POINT('',#6327);
#2162=VERTEX_POINT('',#6329);
#2163=VERTEX_POINT('',#6331);
#2164=VERTEX_POINT('',#6335);
#2165=VERTEX_POINT('',#6337);
#2166=VERTEX_POINT('',#6341);
#2167=VERTEX_POINT('',#6343);
#2168=VERTEX_POINT('',#6347);
#2169=VERTEX_POINT('',#6348);
#2170=VERTEX_POINT('',#6350);
#2171=VERTEX_POINT('',#6352);
#2172=VERTEX_POINT('',#6356);
#2173=VERTEX_POINT('',#6358);
#2174=VERTEX_POINT('',#6362);
#2175=VERTEX_POINT('',#6364);
#2176=VERTEX_POINT('',#6368);
#2177=VERTEX_POINT('',#6369);
#2178=VERTEX_POINT('',#6371);
#2179=VERTEX_POINT('',#6373);
#2180=VERTEX_POINT('',#6377);
#2181=VERTEX_POINT('',#6379);
#2182=VERTEX_POINT('',#6383);
#2183=VERTEX_POINT('',#6385);
#2184=VERTEX_POINT('',#6389);
#2185=VERTEX_POINT('',#6390);
#2186=VERTEX_POINT('',#6392);
#2187=VERTEX_POINT('',#6394);
#2188=VERTEX_POINT('',#6398);
#2189=VERTEX_POINT('',#6400);
#2190=VERTEX_POINT('',#6404);
#2191=VERTEX_POINT('',#6406);
#2192=VERTEX_POINT('',#6410);
#2193=VERTEX_POINT('',#6411);
#2194=VERTEX_POINT('',#6413);
#2195=VERTEX_POINT('',#6415);
#2196=VERTEX_POINT('',#6419);
#2197=VERTEX_POINT('',#6421);
#2198=VERTEX_POINT('',#6425);
#2199=VERTEX_POINT('',#6427);
#2200=VERTEX_POINT('',#6431);
#2201=VERTEX_POINT('',#6432);
#2202=VERTEX_POINT('',#6434);
#2203=VERTEX_POINT('',#6436);
#2204=VERTEX_POINT('',#6440);
#2205=VERTEX_POINT('',#6442);
#2206=VERTEX_POINT('',#6446);
#2207=VERTEX_POINT('',#6448);
#2208=VERTEX_POINT('',#6452);
#2209=VERTEX_POINT('',#6453);
#2210=VERTEX_POINT('',#6455);
#2211=VERTEX_POINT('',#6457);
#2212=VERTEX_POINT('',#6461);
#2213=VERTEX_POINT('',#6463);
#2214=VERTEX_POINT('',#6467);
#2215=VERTEX_POINT('',#6469);
#2216=VERTEX_POINT('',#6473);
#2217=VERTEX_POINT('',#6475);
#2218=VERTEX_POINT('',#6479);
#2219=VERTEX_POINT('',#6481);
#2220=VERTEX_POINT('',#6491);
#2221=VERTEX_POINT('',#6493);
#2222=VERTEX_POINT('',#6512);
#2223=VERTEX_POINT('',#6514);
#2224=VERTEX_POINT('',#6541);
#2225=VERTEX_POINT('',#6542);
#2226=VERTEX_POINT('',#6544);
#2227=VERTEX_POINT('',#6546);
#2228=VERTEX_POINT('',#6550);
#2229=VERTEX_POINT('',#6551);
#2230=VERTEX_POINT('',#6553);
#2231=VERTEX_POINT('',#6555);
#2232=VERTEX_POINT('',#6559);
#2233=VERTEX_POINT('',#6564);
#2234=VERTEX_POINT('',#6572);
#2235=VERTEX_POINT('',#6574);
#2236=VERTEX_POINT('',#6578);
#2237=VERTEX_POINT('',#6580);
#2238=VERTEX_POINT('',#6582);
#2239=VERTEX_POINT('',#6584);
#2240=VERTEX_POINT('',#6588);
#2241=VERTEX_POINT('',#6590);
#2242=VERTEX_POINT('',#6592);
#2243=VERTEX_POINT('',#6596);
#2244=VERTEX_POINT('',#6597);
#2245=VERTEX_POINT('',#6599);
#2246=VERTEX_POINT('',#6604);
#2247=VERTEX_POINT('',#6609);
#2248=VERTEX_POINT('',#6616);
#2249=VERTEX_POINT('',#6618);
#2250=VERTEX_POINT('',#6622);
#2251=VERTEX_POINT('',#6624);
#2252=VERTEX_POINT('',#6626);
#2253=VERTEX_POINT('',#6630);
#2254=VERTEX_POINT('',#6631);
#2255=VERTEX_POINT('',#6633);
#2256=VERTEX_POINT('',#6638);
#2257=VERTEX_POINT('',#6643);
#2258=VERTEX_POINT('',#6650);
#2259=VERTEX_POINT('',#6652);
#2260=VERTEX_POINT('',#6654);
#2261=VERTEX_POINT('',#6656);
#2262=VERTEX_POINT('',#6660);
#2263=VERTEX_POINT('',#6662);
#2264=VERTEX_POINT('',#6664);
#2265=VERTEX_POINT('',#6668);
#2266=VERTEX_POINT('',#6669);
#2267=VERTEX_POINT('',#6671);
#2268=VERTEX_POINT('',#6676);
#2269=VERTEX_POINT('',#6681);
#2270=VERTEX_POINT('',#6688);
#2271=VERTEX_POINT('',#6689);
#2272=VERTEX_POINT('',#6691);
#2273=VERTEX_POINT('',#6693);
#2274=VERTEX_POINT('',#6697);
#2275=VERTEX_POINT('',#6698);
#2276=VERTEX_POINT('',#6700);
#2277=VERTEX_POINT('',#6702);
#2278=VERTEX_POINT('',#6706);
#2279=VERTEX_POINT('',#6711);
#2280=VERTEX_POINT('',#6722);
#2281=VERTEX_POINT('',#6723);
#2282=VERTEX_POINT('',#6725);
#2283=VERTEX_POINT('',#6727);
#2284=VERTEX_POINT('',#6731);
#2285=VERTEX_POINT('',#6732);
#2286=VERTEX_POINT('',#6734);
#2287=VERTEX_POINT('',#6736);
#2288=VERTEX_POINT('',#6740);
#2289=VERTEX_POINT('',#6745);
#2290=VERTEX_POINT('',#6756);
#2291=VERTEX_POINT('',#6757);
#2292=VERTEX_POINT('',#6759);
#2293=VERTEX_POINT('',#6761);
#2294=VERTEX_POINT('',#6765);
#2295=VERTEX_POINT('',#6766);
#2296=VERTEX_POINT('',#6768);
#2297=VERTEX_POINT('',#6770);
#2298=VERTEX_POINT('',#6774);
#2299=VERTEX_POINT('',#6779);
#2300=VERTEX_POINT('',#6790);
#2301=VERTEX_POINT('',#6791);
#2302=VERTEX_POINT('',#6793);
#2303=VERTEX_POINT('',#6795);
#2304=VERTEX_POINT('',#6799);
#2305=VERTEX_POINT('',#6800);
#2306=VERTEX_POINT('',#6802);
#2307=VERTEX_POINT('',#6804);
#2308=VERTEX_POINT('',#6808);
#2309=VERTEX_POINT('',#6813);
#2310=VERTEX_POINT('',#6821);
#2311=VERTEX_POINT('',#6824);
#2312=VERTEX_POINT('',#6828);
#2313=VERTEX_POINT('',#6829);
#2314=VERTEX_POINT('',#6831);
#2315=VERTEX_POINT('',#6833);
#2316=VERTEX_POINT('',#6837);
#2317=VERTEX_POINT('',#6838);
#2318=VERTEX_POINT('',#6840);
#2319=VERTEX_POINT('',#6842);
#2320=VERTEX_POINT('',#6846);
#2321=VERTEX_POINT('',#6851);
#2322=VERTEX_POINT('',#6862);
#2323=VERTEX_POINT('',#6863);
#2324=VERTEX_POINT('',#6865);
#2325=VERTEX_POINT('',#6867);
#2326=VERTEX_POINT('',#6871);
#2327=VERTEX_POINT('',#6872);
#2328=VERTEX_POINT('',#6874);
#2329=VERTEX_POINT('',#6876);
#2330=VERTEX_POINT('',#6880);
#2331=VERTEX_POINT('',#6885);
#2332=VERTEX_POINT('',#6896);
#2333=VERTEX_POINT('',#6898);
#2334=VERTEX_POINT('',#6900);
#2335=VERTEX_POINT('',#6904);
#2336=VERTEX_POINT('',#6905);
#2337=VERTEX_POINT('',#6908);
#2338=VERTEX_POINT('',#6912);
#2339=VERTEX_POINT('',#6917);
#2340=VERTEX_POINT('',#6924);
#2341=VERTEX_POINT('',#6926);
#2342=VERTEX_POINT('',#6930);
#2343=VERTEX_POINT('',#6932);
#2344=VERTEX_POINT('',#6934);
#2345=VERTEX_POINT('',#6938);
#2346=VERTEX_POINT('',#6939);
#2347=VERTEX_POINT('',#6942);
#2348=VERTEX_POINT('',#6946);
#2349=VERTEX_POINT('',#6951);
#2350=VERTEX_POINT('',#6958);
#2351=VERTEX_POINT('',#6960);
#2352=VERTEX_POINT('',#6964);
#2353=VERTEX_POINT('',#6966);
#2354=VERTEX_POINT('',#6968);
#2355=VERTEX_POINT('',#6972);
#2356=VERTEX_POINT('',#6974);
#2357=VERTEX_POINT('',#6976);
#2358=VERTEX_POINT('',#6980);
#2359=VERTEX_POINT('',#6984);
#2360=VERTEX_POINT('',#6992);
#2361=VERTEX_POINT('',#6994);
#2362=VERTEX_POINT('',#6998);
#2363=VERTEX_POINT('',#7000);
#2364=VERTEX_POINT('',#7002);
#2365=VERTEX_POINT('',#7006);
#2366=VERTEX_POINT('',#7008);
#2367=VERTEX_POINT('',#7010);
#2368=VERTEX_POINT('',#7014);
#2369=VERTEX_POINT('',#7018);
#2370=VERTEX_POINT('',#7026);
#2371=VERTEX_POINT('',#7027);
#2372=VERTEX_POINT('',#7029);
#2373=VERTEX_POINT('',#7031);
#2374=VERTEX_POINT('',#7035);
#2375=VERTEX_POINT('',#7037);
#2376=VERTEX_POINT('',#7041);
#2377=VERTEX_POINT('',#7043);
#2378=VERTEX_POINT('',#7050);
#2379=VERTEX_POINT('',#7051);
#2380=VERTEX_POINT('',#7053);
#2381=VERTEX_POINT('',#7055);
#2382=VERTEX_POINT('',#7059);
#2383=VERTEX_POINT('',#7061);
#2384=VERTEX_POINT('',#7065);
#2385=VERTEX_POINT('',#7067);
#2386=VERTEX_POINT('',#7074);
#2387=VERTEX_POINT('',#7075);
#2388=VERTEX_POINT('',#7077);
#2389=VERTEX_POINT('',#7079);
#2390=VERTEX_POINT('',#7083);
#2391=VERTEX_POINT('',#7084);
#2392=VERTEX_POINT('',#7086);
#2393=VERTEX_POINT('',#7088);
#2394=VERTEX_POINT('',#7092);
#2395=VERTEX_POINT('',#7093);
#2396=VERTEX_POINT('',#7096);
#2397=VERTEX_POINT('',#7098);
#2398=VERTEX_POINT('',#7100);
#2399=VERTEX_POINT('',#7102);
#2400=VERTEX_POINT('',#7105);
#2401=VERTEX_POINT('',#7110);
#2402=VERTEX_POINT('',#7112);
#2403=VERTEX_POINT('',#7114);
#2404=VERTEX_POINT('',#7118);
#2405=VERTEX_POINT('',#7120);
#2406=VERTEX_POINT('',#7122);
#2407=VERTEX_POINT('',#7126);
#2408=VERTEX_POINT('',#7129);
#2409=VERTEX_POINT('',#7131);
#2410=VERTEX_POINT('',#7133);
#2411=VERTEX_POINT('',#7135);
#2412=VERTEX_POINT('',#7137);
#2413=VERTEX_POINT('',#7140);
#2414=VERTEX_POINT('',#7141);
#2415=VERTEX_POINT('',#7143);
#2416=VERTEX_POINT('',#7145);
#2417=VERTEX_POINT('',#7148);
#2418=VERTEX_POINT('',#7149);
#2419=VERTEX_POINT('',#7151);
#2420=VERTEX_POINT('',#7153);
#2421=VERTEX_POINT('',#7158);
#2422=VERTEX_POINT('',#7160);
#2423=VERTEX_POINT('',#7162);
#2424=VERTEX_POINT('',#7164);
#2425=VERTEX_POINT('',#7166);
#2426=VERTEX_POINT('',#7169);
#2427=VERTEX_POINT('',#7172);
#2428=VERTEX_POINT('',#7173);
#2429=VERTEX_POINT('',#7175);
#2430=VERTEX_POINT('',#7177);
#2431=VERTEX_POINT('',#7180);
#2432=VERTEX_POINT('',#7181);
#2433=VERTEX_POINT('',#7183);
#2434=VERTEX_POINT('',#7185);
#2435=VERTEX_POINT('',#7189);
#2436=VERTEX_POINT('',#7190);
#2437=VERTEX_POINT('',#7192);
#2438=VERTEX_POINT('',#7194);
#2439=VERTEX_POINT('',#7198);
#2440=VERTEX_POINT('',#7200);
#2441=VERTEX_POINT('',#7204);
#2442=VERTEX_POINT('',#7206);
#2443=VERTEX_POINT('',#7213);
#2444=VERTEX_POINT('',#7214);
#2445=VERTEX_POINT('',#7216);
#2446=VERTEX_POINT('',#7218);
#2447=VERTEX_POINT('',#7222);
#2448=VERTEX_POINT('',#7224);
#2449=VERTEX_POINT('',#7228);
#2450=VERTEX_POINT('',#7230);
#2451=VERTEX_POINT('',#7237);
#2452=VERTEX_POINT('',#7238);
#2453=VERTEX_POINT('',#7240);
#2454=VERTEX_POINT('',#7242);
#2455=VERTEX_POINT('',#7246);
#2456=VERTEX_POINT('',#7247);
#2457=VERTEX_POINT('',#7249);
#2458=VERTEX_POINT('',#7251);
#2459=VERTEX_POINT('',#7261);
#2460=VERTEX_POINT('',#7262);
#2461=VERTEX_POINT('',#7267);
#2462=VERTEX_POINT('',#7268);
#2463=VERTEX_POINT('',#7273);
#2464=VERTEX_POINT('',#7277);
#2465=VERTEX_POINT('',#7283);
#2466=VERTEX_POINT('',#7284);
#2467=VERTEX_POINT('',#7289);
#2468=VERTEX_POINT('',#7293);
#2469=VERTEX_POINT('',#7299);
#2470=VERTEX_POINT('',#7303);
#2471=VERTEX_POINT('',#7306);
#2472=VERTEX_POINT('',#7309);
#2473=VERTEX_POINT('',#7311);
#2474=VERTEX_POINT('',#7313);
#2475=VERTEX_POINT('',#7317);
#2476=VERTEX_POINT('',#7323);
#2477=VERTEX_POINT('',#7327);
#2478=VERTEX_POINT('',#7334);
#2479=VERTEX_POINT('',#7335);
#2480=VERTEX_POINT('',#7340);
#2481=VERTEX_POINT('',#7341);
#2482=VERTEX_POINT('',#7346);
#2483=VERTEX_POINT('',#7350);
#2484=VERTEX_POINT('',#7356);
#2485=VERTEX_POINT('',#7357);
#2486=VERTEX_POINT('',#7362);
#2487=VERTEX_POINT('',#7366);
#2488=VERTEX_POINT('',#7372);
#2489=VERTEX_POINT('',#7378);
#2490=VERTEX_POINT('',#7380);
#2491=VERTEX_POINT('',#7385);
#2492=EDGE_CURVE('',#2076,#2076,#2070,.T.);
#2493=EDGE_CURVE('',#2076,#2077,#778,.T.);
#2494=EDGE_CURVE('',#2077,#2077,#2071,.T.);
#2495=EDGE_CURVE('',#2078,#2079,#779,.F.);
#2496=EDGE_CURVE('',#2078,#2080,#780,.T.);
#2497=EDGE_CURVE('',#2081,#2080,#781,.F.);
#2498=EDGE_CURVE('',#2081,#2079,#782,.T.);
#2499=EDGE_CURVE('',#2082,#2078,#783,.F.);
#2500=EDGE_CURVE('',#2082,#2083,#784,.T.);
#2501=EDGE_CURVE('',#2080,#2083,#785,.F.);
#2502=EDGE_CURVE('',#2084,#2082,#786,.F.);
#2503=EDGE_CURVE('',#2084,#2085,#787,.T.);
#2504=EDGE_CURVE('',#2083,#2085,#788,.F.);
#2505=EDGE_CURVE('',#2079,#2084,#789,.F.);
#2506=EDGE_CURVE('',#2085,#2081,#790,.F.);
#2507=EDGE_CURVE('',#2086,#2087,#791,.T.);
#2508=EDGE_CURVE('',#2086,#2088,#792,.T.);
#2509=EDGE_CURVE('',#2088,#2089,#793,.T.);
#2510=EDGE_CURVE('',#2087,#2089,#794,.T.);
#2511=EDGE_CURVE('',#2090,#2086,#795,.T.);
#2512=EDGE_CURVE('',#2090,#2091,#796,.T.);
#2513=EDGE_CURVE('',#2091,#2088,#797,.T.);
#2514=EDGE_CURVE('',#2087,#2090,#798,.T.);
#2515=EDGE_CURVE('',#2089,#2091,#799,.T.);
#2516=EDGE_CURVE('',#2092,#2093,#800,.T.);
#2517=EDGE_CURVE('',#2094,#2092,#801,.T.);
#2518=EDGE_CURVE('',#2095,#2094,#802,.T.);
#2519=EDGE_CURVE('',#2093,#2095,#803,.T.);
#2520=EDGE_CURVE('',#2096,#2096,#2072,.T.);
#2521=EDGE_CURVE('',#2094,#2097,#804,.T.);
#2522=EDGE_CURVE('',#2098,#2097,#805,.T.);
#2523=EDGE_CURVE('',#2095,#2098,#806,.T.);
#2524=EDGE_CURVE('',#2092,#2099,#807,.T.);
#2525=EDGE_CURVE('',#2097,#2099,#808,.T.);
#2526=EDGE_CURVE('',#2100,#2100,#2073,.T.);
#2527=EDGE_CURVE('',#2100,#2096,#809,.T.);
#2528=EDGE_CURVE('',#2101,#2093,#810,.T.);
#2529=EDGE_CURVE('',#2099,#2101,#811,.T.);
#2530=EDGE_CURVE('',#2101,#2098,#812,.T.);
#2531=EDGE_CURVE('',#2102,#2102,#2074,.T.);
#2532=EDGE_CURVE('',#2102,#2103,#813,.T.);
#2533=EDGE_CURVE('',#2103,#2103,#2075,.T.);
#2534=EDGE_CURVE('',#2104,#2105,#814,.T.);
#2535=EDGE_CURVE('',#2106,#2104,#815,.T.);
#2536=EDGE_CURVE('',#2107,#2106,#816,.T.);
#2537=EDGE_CURVE('',#2107,#2105,#817,.T.);
#2538=EDGE_CURVE('',#2105,#2108,#818,.T.);
#2539=EDGE_CURVE('',#2109,#2107,#819,.T.);
#2540=EDGE_CURVE('',#2108,#2109,#820,.T.);
#2541=EDGE_CURVE('',#2110,#2104,#821,.T.);
#2542=EDGE_CURVE('',#2111,#2110,#822,.T.);
#2543=EDGE_CURVE('',#2106,#2111,#823,.T.);
#2544=EDGE_CURVE('',#2112,#2113,#824,.T.);
#2545=EDGE_CURVE('',#2114,#2112,#825,.T.);
#2546=EDGE_CURVE('',#2115,#2114,#826,.T.);
#2547=EDGE_CURVE('',#2115,#2113,#827,.T.);
#2548=EDGE_CURVE('',#2113,#2116,#828,.T.);
#2549=EDGE_CURVE('',#2117,#2115,#829,.T.);
#2550=EDGE_CURVE('',#2117,#2116,#830,.T.);
#2551=EDGE_CURVE('',#2116,#2118,#831,.T.);
#2552=EDGE_CURVE('',#2119,#2117,#832,.T.);
#2553=EDGE_CURVE('',#2118,#2119,#833,.T.);
#2554=EDGE_CURVE('',#2120,#2121,#834,.T.);
#2555=EDGE_CURVE('',#2122,#2120,#835,.T.);
#2556=EDGE_CURVE('',#2123,#2122,#836,.T.);
#2557=EDGE_CURVE('',#2123,#2121,#837,.T.);
#2558=EDGE_CURVE('',#2121,#2124,#838,.T.);
#2559=EDGE_CURVE('',#2125,#2123,#839,.T.);
#2560=EDGE_CURVE('',#2125,#2124,#840,.T.);
#2561=EDGE_CURVE('',#2124,#2126,#841,.T.);
#2562=EDGE_CURVE('',#2127,#2125,#842,.T.);
#2563=EDGE_CURVE('',#2126,#2127,#843,.T.);
#2564=EDGE_CURVE('',#2128,#2129,#844,.T.);
#2565=EDGE_CURVE('',#2130,#2128,#845,.T.);
#2566=EDGE_CURVE('',#2131,#2130,#846,.T.);
#2567=EDGE_CURVE('',#2131,#2129,#847,.T.);
#2568=EDGE_CURVE('',#2129,#2132,#848,.T.);
#2569=EDGE_CURVE('',#2133,#2131,#849,.T.);
#2570=EDGE_CURVE('',#2132,#2133,#850,.T.);
#2571=EDGE_CURVE('',#2134,#2128,#851,.T.);
#2572=EDGE_CURVE('',#2135,#2134,#852,.T.);
#2573=EDGE_CURVE('',#2130,#2135,#853,.T.);
#2574=EDGE_CURVE('',#2136,#2137,#854,.T.);
#2575=EDGE_CURVE('',#2138,#2136,#855,.T.);
#2576=EDGE_CURVE('',#2139,#2138,#856,.T.);
#2577=EDGE_CURVE('',#2139,#2137,#857,.T.);
#2578=EDGE_CURVE('',#2137,#2140,#858,.T.);
#2579=EDGE_CURVE('',#2141,#2139,#859,.T.);
#2580=EDGE_CURVE('',#2140,#2141,#860,.T.);
#2581=EDGE_CURVE('',#2142,#2136,#861,.T.);
#2582=EDGE_CURVE('',#2143,#2142,#862,.T.);
#2583=EDGE_CURVE('',#2138,#2143,#863,.T.);
#2584=EDGE_CURVE('',#2144,#2145,#864,.T.);
#2585=EDGE_CURVE('',#2146,#2144,#865,.T.);
#2586=EDGE_CURVE('',#2147,#2146,#866,.T.);
#2587=EDGE_CURVE('',#2147,#2145,#867,.T.);
#2588=EDGE_CURVE('',#2145,#2148,#868,.T.);
#2589=EDGE_CURVE('',#2149,#2147,#869,.T.);
#2590=EDGE_CURVE('',#2148,#2149,#870,.T.);
#2591=EDGE_CURVE('',#2150,#2144,#871,.T.);
#2592=EDGE_CURVE('',#2151,#2150,#872,.T.);
#2593=EDGE_CURVE('',#2146,#2151,#873,.T.);
#2594=EDGE_CURVE('',#2152,#2153,#874,.T.);
#2595=EDGE_CURVE('',#2154,#2152,#875,.T.);
#2596=EDGE_CURVE('',#2155,#2154,#876,.T.);
#2597=EDGE_CURVE('',#2155,#2153,#877,.T.);
#2598=EDGE_CURVE('',#2153,#2156,#878,.T.);
#2599=EDGE_CURVE('',#2157,#2155,#879,.T.);
#2600=EDGE_CURVE('',#2156,#2157,#880,.T.);
#2601=EDGE_CURVE('',#2158,#2152,#881,.T.);
#2602=EDGE_CURVE('',#2159,#2158,#882,.T.);
#2603=EDGE_CURVE('',#2154,#2159,#883,.T.);
#2604=EDGE_CURVE('',#2160,#2161,#884,.T.);
#2605=EDGE_CURVE('',#2162,#2160,#885,.T.);
#2606=EDGE_CURVE('',#2163,#2162,#886,.T.);
#2607=EDGE_CURVE('',#2163,#2161,#887,.T.);
#2608=EDGE_CURVE('',#2161,#2164,#888,.T.);
#2609=EDGE_CURVE('',#2165,#2163,#889,.T.);
#2610=EDGE_CURVE('',#2164,#2165,#890,.T.);
#2611=EDGE_CURVE('',#2166,#2160,#891,.T.);
#2612=EDGE_CURVE('',#2167,#2166,#892,.T.);
#2613=EDGE_CURVE('',#2162,#2167,#893,.T.);
#2614=EDGE_CURVE('',#2168,#2169,#894,.T.);
#2615=EDGE_CURVE('',#2170,#2168,#895,.T.);
#2616=EDGE_CURVE('',#2171,#2170,#896,.T.);
#2617=EDGE_CURVE('',#2171,#2169,#897,.T.);
#2618=EDGE_CURVE('',#2169,#2172,#898,.T.);
#2619=EDGE_CURVE('',#2173,#2171,#899,.T.);
#2620=EDGE_CURVE('',#2172,#2173,#900,.T.);
#2621=EDGE_CURVE('',#2174,#2168,#901,.T.);
#2622=EDGE_CURVE('',#2175,#2174,#902,.T.);
#2623=EDGE_CURVE('',#2170,#2175,#903,.T.);
#2624=EDGE_CURVE('',#2176,#2177,#904,.T.);
#2625=EDGE_CURVE('',#2178,#2176,#905,.T.);
#2626=EDGE_CURVE('',#2179,#2178,#906,.T.);
#2627=EDGE_CURVE('',#2179,#2177,#907,.T.);
#2628=EDGE_CURVE('',#2177,#2180,#908,.T.);
#2629=EDGE_CURVE('',#2181,#2179,#909,.T.);
#2630=EDGE_CURVE('',#2180,#2181,#910,.T.);
#2631=EDGE_CURVE('',#2182,#2176,#911,.T.);
#2632=EDGE_CURVE('',#2183,#2182,#912,.T.);
#2633=EDGE_CURVE('',#2178,#2183,#913,.T.);
#2634=EDGE_CURVE('',#2184,#2185,#914,.T.);
#2635=EDGE_CURVE('',#2186,#2184,#915,.T.);
#2636=EDGE_CURVE('',#2187,#2186,#916,.T.);
#2637=EDGE_CURVE('',#2187,#2185,#917,.T.);
#2638=EDGE_CURVE('',#2185,#2188,#918,.T.);
#2639=EDGE_CURVE('',#2189,#2187,#919,.T.);
#2640=EDGE_CURVE('',#2189,#2188,#920,.T.);
#2641=EDGE_CURVE('',#2188,#2190,#921,.T.);
#2642=EDGE_CURVE('',#2191,#2189,#922,.T.);
#2643=EDGE_CURVE('',#2190,#2191,#923,.T.);
#2644=EDGE_CURVE('',#2192,#2193,#924,.T.);
#2645=EDGE_CURVE('',#2194,#2192,#925,.T.);
#2646=EDGE_CURVE('',#2195,#2194,#926,.T.);
#2647=EDGE_CURVE('',#2195,#2193,#927,.T.);
#2648=EDGE_CURVE('',#2193,#2196,#928,.T.);
#2649=EDGE_CURVE('',#2197,#2195,#929,.T.);
#2650=EDGE_CURVE('',#2197,#2196,#930,.T.);
#2651=EDGE_CURVE('',#2196,#2198,#931,.T.);
#2652=EDGE_CURVE('',#2199,#2197,#932,.T.);
#2653=EDGE_CURVE('',#2198,#2199,#933,.T.);
#2654=EDGE_CURVE('',#2200,#2201,#934,.T.);
#2655=EDGE_CURVE('',#2202,#2200,#935,.T.);
#2656=EDGE_CURVE('',#2203,#2202,#936,.T.);
#2657=EDGE_CURVE('',#2203,#2201,#937,.T.);
#2658=EDGE_CURVE('',#2201,#2204,#938,.T.);
#2659=EDGE_CURVE('',#2205,#2203,#939,.T.);
#2660=EDGE_CURVE('',#2204,#2205,#940,.T.);
#2661=EDGE_CURVE('',#2206,#2200,#941,.T.);
#2662=EDGE_CURVE('',#2207,#2206,#942,.T.);
#2663=EDGE_CURVE('',#2202,#2207,#943,.T.);
#2664=EDGE_CURVE('',#2208,#2209,#944,.T.);
#2665=EDGE_CURVE('',#2210,#2208,#945,.T.);
#2666=EDGE_CURVE('',#2211,#2210,#946,.T.);
#2667=EDGE_CURVE('',#2211,#2209,#947,.T.);
#2668=EDGE_CURVE('',#2209,#2212,#948,.T.);
#2669=EDGE_CURVE('',#2213,#2211,#949,.T.);
#2670=EDGE_CURVE('',#2212,#2213,#950,.T.);
#2671=EDGE_CURVE('',#2214,#2208,#951,.T.);
#2672=EDGE_CURVE('',#2215,#2214,#952,.T.);
#2673=EDGE_CURVE('',#2210,#2215,#953,.T.);
#2674=EDGE_CURVE('',#2157,#2216,#954,.T.);
#2675=EDGE_CURVE('',#2217,#2216,#955,.T.);
#2676=EDGE_CURVE('',#2156,#2217,#956,.T.);
#2677=EDGE_CURVE('',#2218,#2174,#957,.T.);
#2678=EDGE_CURVE('',#2218,#2219,#958,.T.);
#2679=EDGE_CURVE('',#2219,#2175,#959,.T.);
#2680=EDGE_CURVE('',#2149,#2167,#960,.T.);
#2681=EDGE_CURVE('',#2148,#2166,#961,.T.);
#2682=EDGE_CURVE('',#2164,#2158,#962,.T.);
#2683=EDGE_CURVE('',#2165,#2159,#963,.T.);
#2684=EDGE_CURVE('',#2133,#2220,#964,.T.);
#2685=EDGE_CURVE('',#2221,#2220,#965,.T.);
#2686=EDGE_CURVE('',#2132,#2221,#966,.T.);
#2687=EDGE_CURVE('',#2141,#2183,#967,.T.);
#2688=EDGE_CURVE('',#2140,#2182,#968,.T.);
#2689=EDGE_CURVE('',#2217,#2142,#969,.T.);
#2690=EDGE_CURVE('',#2216,#2143,#970,.T.);
#2691=EDGE_CURVE('',#2221,#2184,#971,.T.);
#2692=EDGE_CURVE('',#2220,#2186,#972,.T.);
#2693=EDGE_CURVE('',#2127,#2194,#973,.T.);
#2694=EDGE_CURVE('',#2126,#2192,#974,.T.);
#2695=EDGE_CURVE('',#2190,#2120,#975,.T.);
#2696=EDGE_CURVE('',#2191,#2122,#976,.T.);
#2697=EDGE_CURVE('',#2119,#2222,#977,.T.);
#2698=EDGE_CURVE('',#2222,#2223,#978,.T.);
#2699=EDGE_CURVE('',#2118,#2223,#979,.T.);
#2700=EDGE_CURVE('',#2198,#2112,#980,.T.);
#2701=EDGE_CURVE('',#2199,#2114,#981,.T.);
#2702=EDGE_CURVE('',#2108,#2214,#982,.T.);
#2703=EDGE_CURVE('',#2212,#2218,#983,.T.);
#2704=EDGE_CURVE('',#2172,#2150,#984,.T.);
#2705=EDGE_CURVE('',#2180,#2134,#985,.T.);
#2706=EDGE_CURVE('',#2223,#2206,#986,.T.);
#2707=EDGE_CURVE('',#2204,#2110,#987,.T.);
#2708=EDGE_CURVE('',#2213,#2219,#988,.T.);
#2709=EDGE_CURVE('',#2109,#2215,#989,.T.);
#2710=EDGE_CURVE('',#2222,#2207,#990,.T.);
#2711=EDGE_CURVE('',#2205,#2111,#991,.T.);
#2712=EDGE_CURVE('',#2181,#2135,#992,.T.);
#2713=EDGE_CURVE('',#2173,#2151,#993,.T.);
#2714=EDGE_CURVE('',#2224,#2225,#994,.T.);
#2715=EDGE_CURVE('',#2226,#2224,#995,.T.);
#2716=EDGE_CURVE('',#2226,#2227,#996,.T.);
#2717=EDGE_CURVE('',#2227,#2225,#997,.T.);
#2718=EDGE_CURVE('',#2228,#2229,#998,.T.);
#2719=EDGE_CURVE('',#2230,#2229,#999,.T.);
#2720=EDGE_CURVE('',#2231,#2230,#1000,.T.);
#2721=EDGE_CURVE('',#2231,#2228,#1001,.T.);
#2722=EDGE_CURVE('',#2232,#2227,#1002,.T.);
#2723=EDGE_CURVE('',#2229,#2232,#1003,.T.);
#2724=EDGE_CURVE('',#2225,#2228,#1004,.T.);
#2725=EDGE_CURVE('',#2233,#2230,#1005,.T.);
#2726=EDGE_CURVE('',#2226,#2233,#1006,.T.);
#2727=EDGE_CURVE('',#2231,#2224,#1007,.T.);
#2728=EDGE_CURVE('',#2232,#2233,#1008,.T.);
#2729=EDGE_CURVE('',#2228,#2234,#1009,.T.);
#2730=EDGE_CURVE('',#2234,#2235,#1010,.T.);
#2731=EDGE_CURVE('',#2225,#2235,#1011,.T.);
#2732=EDGE_CURVE('',#2236,#2224,#1012,.T.);
#2733=EDGE_CURVE('',#2237,#2236,#1013,.T.);
#2734=EDGE_CURVE('',#2237,#2238,#1014,.T.);
#2735=EDGE_CURVE('',#2238,#2239,#1015,.T.);
#2736=EDGE_CURVE('',#2239,#2231,#1016,.T.);
#2737=EDGE_CURVE('',#2235,#2240,#1017,.T.);
#2738=EDGE_CURVE('',#2241,#2235,#1018,.T.);
#2739=EDGE_CURVE('',#2241,#2242,#1019,.T.);
#2740=EDGE_CURVE('',#2242,#2240,#1020,.T.);
#2741=EDGE_CURVE('',#2243,#2244,#1021,.T.);
#2742=EDGE_CURVE('',#2245,#2244,#1022,.T.);
#2743=EDGE_CURVE('',#2234,#2245,#1023,.T.);
#2744=EDGE_CURVE('',#2234,#2243,#1024,.T.);
#2745=EDGE_CURVE('',#2246,#2242,#1025,.T.);
#2746=EDGE_CURVE('',#2244,#2246,#1026,.T.);
#2747=EDGE_CURVE('',#2240,#2243,#1027,.T.);
#2748=EDGE_CURVE('',#2247,#2245,#1028,.T.);
#2749=EDGE_CURVE('',#2241,#2247,#1029,.T.);
#2750=EDGE_CURVE('',#2246,#2247,#1030,.T.);
#2751=EDGE_CURVE('',#2243,#2248,#1031,.T.);
#2752=EDGE_CURVE('',#2248,#2249,#1032,.T.);
#2753=EDGE_CURVE('',#2240,#2249,#1033,.T.);
#2754=EDGE_CURVE('',#2249,#2250,#1034,.T.);
#2755=EDGE_CURVE('',#2251,#2249,#1035,.T.);
#2756=EDGE_CURVE('',#2251,#2252,#1036,.T.);
#2757=EDGE_CURVE('',#2252,#2250,#1037,.T.);
#2758=EDGE_CURVE('',#2253,#2254,#1038,.T.);
#2759=EDGE_CURVE('',#2255,#2254,#1039,.T.);
#2760=EDGE_CURVE('',#2248,#2255,#1040,.T.);
#2761=EDGE_CURVE('',#2248,#2253,#1041,.T.);
#2762=EDGE_CURVE('',#2256,#2252,#1042,.T.);
#2763=EDGE_CURVE('',#2254,#2256,#1043,.T.);
#2764=EDGE_CURVE('',#2250,#2253,#1044,.T.);
#2765=EDGE_CURVE('',#2257,#2255,#1045,.T.);
#2766=EDGE_CURVE('',#2251,#2257,#1046,.T.);
#2767=EDGE_CURVE('',#2256,#2257,#1047,.T.);
#2768=EDGE_CURVE('',#2253,#2258,#1048,.T.);
#2769=EDGE_CURVE('',#2258,#2259,#1049,.T.);
#2770=EDGE_CURVE('',#2259,#2260,#1050,.T.);
#2771=EDGE_CURVE('',#2261,#2260,#1051,.T.);
#2772=EDGE_CURVE('',#2250,#2261,#1052,.T.);
#2773=EDGE_CURVE('',#2260,#2262,#1053,.T.);
#2774=EDGE_CURVE('',#2263,#2260,#1054,.T.);
#2775=EDGE_CURVE('',#2263,#2264,#1055,.T.);
#2776=EDGE_CURVE('',#2264,#2262,#1056,.T.);
#2777=EDGE_CURVE('',#2265,#2266,#1057,.T.);
#2778=EDGE_CURVE('',#2267,#2266,#1058,.T.);
#2779=EDGE_CURVE('',#2259,#2267,#1059,.T.);
#2780=EDGE_CURVE('',#2259,#2265,#1060,.T.);
#2781=EDGE_CURVE('',#2268,#2264,#1061,.T.);
#2782=EDGE_CURVE('',#2266,#2268,#1062,.T.);
#2783=EDGE_CURVE('',#2262,#2265,#1063,.T.);
#2784=EDGE_CURVE('',#2269,#2267,#1064,.T.);
#2785=EDGE_CURVE('',#2263,#2269,#1065,.T.);
#2786=EDGE_CURVE('',#2268,#2269,#1066,.T.);
#2787=EDGE_CURVE('',#2270,#2271,#1067,.T.);
#2788=EDGE_CURVE('',#2272,#2270,#1068,.T.);
#2789=EDGE_CURVE('',#2272,#2273,#1069,.T.);
#2790=EDGE_CURVE('',#2273,#2271,#1070,.T.);
#2791=EDGE_CURVE('',#2274,#2275,#1071,.T.);
#2792=EDGE_CURVE('',#2276,#2275,#1072,.T.);
#2793=EDGE_CURVE('',#2277,#2276,#1073,.T.);
#2794=EDGE_CURVE('',#2277,#2274,#1074,.T.);
#2795=EDGE_CURVE('',#2278,#2273,#1075,.T.);
#2796=EDGE_CURVE('',#2275,#2278,#1076,.T.);
#2797=EDGE_CURVE('',#2271,#2274,#1077,.T.);
#2798=EDGE_CURVE('',#2279,#2276,#1078,.T.);
#2799=EDGE_CURVE('',#2272,#2279,#1079,.T.);
#2800=EDGE_CURVE('',#2277,#2270,#1080,.T.);
#2801=EDGE_CURVE('',#2278,#2279,#1081,.T.);
#2802=EDGE_CURVE('',#2265,#2277,#1082,.T.);
#2803=EDGE_CURVE('',#2262,#2270,#1083,.T.);
#2804=EDGE_CURVE('',#2280,#2281,#1084,.T.);
#2805=EDGE_CURVE('',#2282,#2280,#1085,.T.);
#2806=EDGE_CURVE('',#2283,#2282,#1086,.T.);
#2807=EDGE_CURVE('',#2283,#2281,#1087,.T.);
#2808=EDGE_CURVE('',#2284,#2285,#1088,.T.);
#2809=EDGE_CURVE('',#2284,#2286,#1089,.T.);
#2810=EDGE_CURVE('',#2286,#2287,#1090,.T.);
#2811=EDGE_CURVE('',#2287,#2285,#1091,.T.);
#2812=EDGE_CURVE('',#2288,#2282,#1092,.T.);
#2813=EDGE_CURVE('',#2284,#2280,#1093,.T.);
#2814=EDGE_CURVE('',#2285,#2288,#1094,.T.);
#2815=EDGE_CURVE('',#2289,#2287,#1095,.T.);
#2816=EDGE_CURVE('',#2281,#2286,#1096,.T.);
#2817=EDGE_CURVE('',#2283,#2289,#1097,.T.);
#2818=EDGE_CURVE('',#2288,#2289,#1098,.T.);
#2819=EDGE_CURVE('',#2274,#2284,#1099,.T.);
#2820=EDGE_CURVE('',#2271,#2280,#1100,.T.);
#2821=EDGE_CURVE('',#2290,#2291,#1101,.T.);
#2822=EDGE_CURVE('',#2292,#2290,#1102,.T.);
#2823=EDGE_CURVE('',#2293,#2292,#1103,.T.);
#2824=EDGE_CURVE('',#2293,#2291,#1104,.T.);
#2825=EDGE_CURVE('',#2294,#2295,#1105,.T.);
#2826=EDGE_CURVE('',#2294,#2296,#1106,.T.);
#2827=EDGE_CURVE('',#2296,#2297,#1107,.T.);
#2828=EDGE_CURVE('',#2297,#2295,#1108,.T.);
#2829=EDGE_CURVE('',#2298,#2292,#1109,.T.);
#2830=EDGE_CURVE('',#2294,#2290,#1110,.T.);
#2831=EDGE_CURVE('',#2295,#2298,#1111,.T.);
#2832=EDGE_CURVE('',#2299,#2297,#1112,.T.);
#2833=EDGE_CURVE('',#2291,#2296,#1113,.T.);
#2834=EDGE_CURVE('',#2293,#2299,#1114,.T.);
#2835=EDGE_CURVE('',#2298,#2299,#1115,.T.);
#2836=EDGE_CURVE('',#2286,#2294,#1116,.T.);
#2837=EDGE_CURVE('',#2281,#2290,#1117,.T.);
#2838=EDGE_CURVE('',#2300,#2301,#1118,.T.);
#2839=EDGE_CURVE('',#2302,#2300,#1119,.T.);
#2840=EDGE_CURVE('',#2303,#2302,#1120,.T.);
#2841=EDGE_CURVE('',#2303,#2301,#1121,.T.);
#2842=EDGE_CURVE('',#2304,#2305,#1122,.T.);
#2843=EDGE_CURVE('',#2304,#2306,#1123,.T.);
#2844=EDGE_CURVE('',#2306,#2307,#1124,.T.);
#2845=EDGE_CURVE('',#2307,#2305,#1125,.T.);
#2846=EDGE_CURVE('',#2308,#2302,#1126,.T.);
#2847=EDGE_CURVE('',#2304,#2300,#1127,.T.);
#2848=EDGE_CURVE('',#2305,#2308,#1128,.T.);
#2849=EDGE_CURVE('',#2309,#2307,#1129,.T.);
#2850=EDGE_CURVE('',#2301,#2306,#1130,.T.);
#2851=EDGE_CURVE('',#2303,#2309,#1131,.T.);
#2852=EDGE_CURVE('',#2308,#2309,#1132,.T.);
#2853=EDGE_CURVE('',#2296,#2310,#1133,.T.);
#2854=EDGE_CURVE('',#2310,#2304,#1134,.T.);
#2855=EDGE_CURVE('',#2311,#2300,#1135,.T.);
#2856=EDGE_CURVE('',#2291,#2311,#1136,.T.);
#2857=EDGE_CURVE('',#2312,#2313,#1137,.T.);
#2858=EDGE_CURVE('',#2314,#2312,#1138,.T.);
#2859=EDGE_CURVE('',#2315,#2314,#1139,.T.);
#2860=EDGE_CURVE('',#2315,#2313,#1140,.T.);
#2861=EDGE_CURVE('',#2316,#2317,#1141,.T.);
#2862=EDGE_CURVE('',#2316,#2318,#1142,.T.);
#2863=EDGE_CURVE('',#2318,#2319,#1143,.T.);
#2864=EDGE_CURVE('',#2319,#2317,#1144,.T.);
#2865=EDGE_CURVE('',#2320,#2314,#1145,.T.);
#2866=EDGE_CURVE('',#2316,#2312,#1146,.T.);
#2867=EDGE_CURVE('',#2317,#2320,#1147,.T.);
#2868=EDGE_CURVE('',#2321,#2319,#1148,.T.);
#2869=EDGE_CURVE('',#2313,#2318,#1149,.T.);
#2870=EDGE_CURVE('',#2315,#2321,#1150,.T.);
#2871=EDGE_CURVE('',#2320,#2321,#1151,.T.);
#2872=EDGE_CURVE('',#2306,#2316,#1152,.T.);
#2873=EDGE_CURVE('',#2301,#2312,#1153,.T.);
#2874=EDGE_CURVE('',#2322,#2323,#1154,.T.);
#2875=EDGE_CURVE('',#2324,#2322,#1155,.T.);
#2876=EDGE_CURVE('',#2325,#2324,#1156,.T.);
#2877=EDGE_CURVE('',#2325,#2323,#1157,.T.);
#2878=EDGE_CURVE('',#2326,#2327,#1158,.T.);
#2879=EDGE_CURVE('',#2326,#2328,#1159,.T.);
#2880=EDGE_CURVE('',#2328,#2329,#1160,.T.);
#2881=EDGE_CURVE('',#2329,#2327,#1161,.T.);
#2882=EDGE_CURVE('',#2330,#2324,#1162,.T.);
#2883=EDGE_CURVE('',#2326,#2322,#1163,.T.);
#2884=EDGE_CURVE('',#2327,#2330,#1164,.T.);
#2885=EDGE_CURVE('',#2331,#2329,#1165,.T.);
#2886=EDGE_CURVE('',#2323,#2328,#1166,.T.);
#2887=EDGE_CURVE('',#2325,#2331,#1167,.T.);
#2888=EDGE_CURVE('',#2330,#2331,#1168,.T.);
#2889=EDGE_CURVE('',#2318,#2326,#1169,.T.);
#2890=EDGE_CURVE('',#2313,#2322,#1170,.T.);
#2891=EDGE_CURVE('',#2332,#2237,#1171,.T.);
#2892=EDGE_CURVE('',#2333,#2332,#1172,.T.);
#2893=EDGE_CURVE('',#2334,#2333,#1173,.T.);
#2894=EDGE_CURVE('',#2334,#2237,#1174,.T.);
#2895=EDGE_CURVE('',#2335,#2336,#1175,.T.);
#2896=EDGE_CURVE('',#2335,#2238,#1176,.T.);
#2897=EDGE_CURVE('',#2238,#2337,#1177,.T.);
#2898=EDGE_CURVE('',#2337,#2336,#1178,.T.);
#2899=EDGE_CURVE('',#2338,#2333,#1179,.T.);
#2900=EDGE_CURVE('',#2335,#2332,#1180,.T.);
#2901=EDGE_CURVE('',#2336,#2338,#1181,.T.);
#2902=EDGE_CURVE('',#2339,#2337,#1182,.T.);
#2903=EDGE_CURVE('',#2334,#2339,#1183,.T.);
#2904=EDGE_CURVE('',#2338,#2339,#1184,.T.);
#2905=EDGE_CURVE('',#2340,#2332,#1185,.T.);
#2906=EDGE_CURVE('',#2340,#2341,#1186,.T.);
#2907=EDGE_CURVE('',#2341,#2335,#1187,.T.);
#2908=EDGE_CURVE('',#2342,#2340,#1188,.T.);
#2909=EDGE_CURVE('',#2343,#2342,#1189,.T.);
#2910=EDGE_CURVE('',#2344,#2343,#1190,.T.);
#2911=EDGE_CURVE('',#2344,#2340,#1191,.T.);
#2912=EDGE_CURVE('',#2345,#2346,#1192,.T.);
#2913=EDGE_CURVE('',#2345,#2341,#1193,.T.);
#2914=EDGE_CURVE('',#2341,#2347,#1194,.T.);
#2915=EDGE_CURVE('',#2347,#2346,#1195,.T.);
#2916=EDGE_CURVE('',#2348,#2343,#1196,.T.);
#2917=EDGE_CURVE('',#2345,#2342,#1197,.T.);
#2918=EDGE_CURVE('',#2346,#2348,#1198,.T.);
#2919=EDGE_CURVE('',#2349,#2347,#1199,.T.);
#2920=EDGE_CURVE('',#2344,#2349,#1200,.T.);
#2921=EDGE_CURVE('',#2348,#2349,#1201,.T.);
#2922=EDGE_CURVE('',#2350,#2342,#1202,.T.);
#2923=EDGE_CURVE('',#2350,#2351,#1203,.T.);
#2924=EDGE_CURVE('',#2351,#2345,#1204,.T.);
#2925=EDGE_CURVE('',#2352,#2350,#1205,.T.);
#2926=EDGE_CURVE('',#2353,#2352,#1206,.T.);
#2927=EDGE_CURVE('',#2353,#2354,#1207,.T.);
#2928=EDGE_CURVE('',#2354,#2350,#1208,.T.);
#2929=EDGE_CURVE('',#2351,#2355,#1209,.T.);
#2930=EDGE_CURVE('',#2356,#2355,#1210,.T.);
#2931=EDGE_CURVE('',#2357,#2356,#1211,.T.);
#2932=EDGE_CURVE('',#2357,#2351,#1212,.T.);
#2933=EDGE_CURVE('',#2358,#2354,#1213,.T.);
#2934=EDGE_CURVE('',#2355,#2358,#1214,.T.);
#2935=EDGE_CURVE('',#2359,#2356,#1215,.T.);
#2936=EDGE_CURVE('',#2353,#2359,#1216,.T.);
#2937=EDGE_CURVE('',#2357,#2352,#1217,.T.);
#2938=EDGE_CURVE('',#2358,#2359,#1218,.T.);
#2939=EDGE_CURVE('',#2360,#2352,#1219,.T.);
#2940=EDGE_CURVE('',#2360,#2361,#1220,.T.);
#2941=EDGE_CURVE('',#2361,#2357,#1221,.T.);
#2942=EDGE_CURVE('',#2362,#2360,#1222,.T.);
#2943=EDGE_CURVE('',#2363,#2362,#1223,.T.);
#2944=EDGE_CURVE('',#2363,#2364,#1224,.T.);
#2945=EDGE_CURVE('',#2364,#2360,#1225,.T.);
#2946=EDGE_CURVE('',#2361,#2365,#1226,.T.);
#2947=EDGE_CURVE('',#2366,#2365,#1227,.T.);
#2948=EDGE_CURVE('',#2367,#2366,#1228,.T.);
#2949=EDGE_CURVE('',#2367,#2361,#1229,.T.);
#2950=EDGE_CURVE('',#2368,#2364,#1230,.T.);
#2951=EDGE_CURVE('',#2365,#2368,#1231,.T.);
#2952=EDGE_CURVE('',#2369,#2366,#1232,.T.);
#2953=EDGE_CURVE('',#2363,#2369,#1233,.T.);
#2954=EDGE_CURVE('',#2367,#2362,#1234,.T.);
#2955=EDGE_CURVE('',#2368,#2369,#1235,.T.);
#2956=EDGE_CURVE('',#2370,#2371,#1236,.T.);
#2957=EDGE_CURVE('',#2370,#2372,#1237,.T.);
#2958=EDGE_CURVE('',#2373,#2372,#1238,.T.);
#2959=EDGE_CURVE('',#2371,#2373,#1239,.T.);
#2960=EDGE_CURVE('',#2371,#2374,#1240,.T.);
#2961=EDGE_CURVE('',#2375,#2373,#1241,.T.);
#2962=EDGE_CURVE('',#2374,#2375,#1242,.T.);
#2963=EDGE_CURVE('',#2374,#2376,#1243,.T.);
#2964=EDGE_CURVE('',#2377,#2375,#1244,.T.);
#2965=EDGE_CURVE('',#2376,#2377,#1245,.T.);
#2966=EDGE_CURVE('',#2376,#2370,#1246,.T.);
#2967=EDGE_CURVE('',#2372,#2377,#1247,.T.);
#2968=EDGE_CURVE('',#2378,#2379,#1248,.T.);
#2969=EDGE_CURVE('',#2378,#2380,#1249,.T.);
#2970=EDGE_CURVE('',#2381,#2380,#1250,.T.);
#2971=EDGE_CURVE('',#2379,#2381,#1251,.T.);
#2972=EDGE_CURVE('',#2379,#2382,#1252,.T.);
#2973=EDGE_CURVE('',#2383,#2381,#1253,.T.);
#2974=EDGE_CURVE('',#2382,#2383,#1254,.T.);
#2975=EDGE_CURVE('',#2382,#2384,#1255,.T.);
#2976=EDGE_CURVE('',#2385,#2383,#1256,.T.);
#2977=EDGE_CURVE('',#2384,#2385,#1257,.T.);
#2978=EDGE_CURVE('',#2384,#2378,#1258,.T.);
#2979=EDGE_CURVE('',#2380,#2385,#1259,.T.);
#2980=EDGE_CURVE('',#2386,#2387,#1260,.T.);
#2981=EDGE_CURVE('',#2386,#2388,#1261,.T.);
#2982=EDGE_CURVE('',#2389,#2388,#1262,.T.);
#2983=EDGE_CURVE('',#2387,#2389,#1263,.T.);
#2984=EDGE_CURVE('',#2390,#2391,#1264,.T.);
#2985=EDGE_CURVE('',#2390,#2392,#1265,.T.);
#2986=EDGE_CURVE('',#2393,#2392,#1266,.T.);
#2987=EDGE_CURVE('',#2391,#2393,#1267,.T.);
#2988=EDGE_CURVE('',#2394,#2395,#1268,.T.);
#2989=EDGE_CURVE('',#2394,#2389,#1269,.T.);
#2990=EDGE_CURVE('',#2388,#2396,#1270,.T.);
#2991=EDGE_CURVE('',#2397,#2396,#1271,.T.);
#2992=EDGE_CURVE('',#2397,#2398,#1272,.T.);
#2993=EDGE_CURVE('',#2399,#2398,#1273,.T.);
#2994=EDGE_CURVE('',#2399,#2393,#1274,.T.);
#2995=EDGE_CURVE('',#2392,#2400,#1275,.T.);
#2996=EDGE_CURVE('',#2311,#2400,#1276,.T.);
#2997=EDGE_CURVE('',#2323,#2395,#1277,.T.);
#2998=EDGE_CURVE('',#2401,#2394,#1278,.T.);
#2999=EDGE_CURVE('',#2402,#2401,#1279,.T.);
#3000=EDGE_CURVE('',#2403,#2402,#1280,.T.);
#3001=EDGE_CURVE('',#2387,#2403,#1281,.T.);
#3002=EDGE_CURVE('',#2404,#2399,#1282,.T.);
#3003=EDGE_CURVE('',#2405,#2404,#1283,.T.);
#3004=EDGE_CURVE('',#2406,#2405,#1284,.T.);
#3005=EDGE_CURVE('',#2391,#2406,#1285,.T.);
#3006=EDGE_CURVE('',#2400,#2407,#1286,.T.);
#3007=EDGE_CURVE('',#2407,#2404,#1287,.T.);
#3008=EDGE_CURVE('',#2398,#2408,#1288,.T.);
#3009=EDGE_CURVE('',#2408,#2409,#1289,.T.);
#3010=EDGE_CURVE('',#2409,#2410,#1290,.T.);
#3011=EDGE_CURVE('',#2410,#2411,#1291,.T.);
#3012=EDGE_CURVE('',#2411,#2412,#1292,.T.);
#3013=EDGE_CURVE('',#2412,#2261,#1293,.T.);
#3014=EDGE_CURVE('',#2413,#2414,#1294,.T.);
#3015=EDGE_CURVE('',#2414,#2415,#1295,.T.);
#3016=EDGE_CURVE('',#2415,#2416,#1296,.T.);
#3017=EDGE_CURVE('',#2416,#2413,#1297,.T.);
#3018=EDGE_CURVE('',#2417,#2418,#1298,.T.);
#3019=EDGE_CURVE('',#2418,#2419,#1299,.T.);
#3020=EDGE_CURVE('',#2419,#2420,#1300,.T.);
#3021=EDGE_CURVE('',#2420,#2417,#1301,.T.);
#3022=EDGE_CURVE('',#2395,#2362,#1302,.T.);
#3023=EDGE_CURVE('',#2236,#2421,#1303,.T.);
#3024=EDGE_CURVE('',#2421,#2422,#1304,.T.);
#3025=EDGE_CURVE('',#2422,#2423,#1305,.T.);
#3026=EDGE_CURVE('',#2423,#2424,#1306,.T.);
#3027=EDGE_CURVE('',#2424,#2425,#1307,.T.);
#3028=EDGE_CURVE('',#2425,#2397,#1308,.T.);
#3029=EDGE_CURVE('',#2396,#2426,#1309,.T.);
#3030=EDGE_CURVE('',#2426,#2401,#1310,.T.);
#3031=EDGE_CURVE('',#2427,#2428,#1311,.T.);
#3032=EDGE_CURVE('',#2428,#2429,#1312,.T.);
#3033=EDGE_CURVE('',#2429,#2430,#1313,.T.);
#3034=EDGE_CURVE('',#2430,#2427,#1314,.T.);
#3035=EDGE_CURVE('',#2431,#2432,#1315,.T.);
#3036=EDGE_CURVE('',#2432,#2433,#1316,.T.);
#3037=EDGE_CURVE('',#2433,#2434,#1317,.T.);
#3038=EDGE_CURVE('',#2434,#2431,#1318,.T.);
#3039=EDGE_CURVE('',#2435,#2436,#1319,.T.);
#3040=EDGE_CURVE('',#2435,#2437,#1320,.T.);
#3041=EDGE_CURVE('',#2438,#2437,#1321,.T.);
#3042=EDGE_CURVE('',#2436,#2438,#1322,.T.);
#3043=EDGE_CURVE('',#2436,#2439,#1323,.T.);
#3044=EDGE_CURVE('',#2440,#2438,#1324,.T.);
#3045=EDGE_CURVE('',#2439,#2440,#1325,.T.);
#3046=EDGE_CURVE('',#2439,#2441,#1326,.T.);
#3047=EDGE_CURVE('',#2442,#2440,#1327,.T.);
#3048=EDGE_CURVE('',#2441,#2442,#1328,.T.);
#3049=EDGE_CURVE('',#2441,#2435,#1329,.T.);
#3050=EDGE_CURVE('',#2437,#2442,#1330,.T.);
#3051=EDGE_CURVE('',#2443,#2444,#1331,.T.);
#3052=EDGE_CURVE('',#2443,#2445,#1332,.T.);
#3053=EDGE_CURVE('',#2446,#2445,#1333,.T.);
#3054=EDGE_CURVE('',#2444,#2446,#1334,.T.);
#3055=EDGE_CURVE('',#2444,#2447,#1335,.T.);
#3056=EDGE_CURVE('',#2448,#2446,#1336,.T.);
#3057=EDGE_CURVE('',#2447,#2448,#1337,.T.);
#3058=EDGE_CURVE('',#2447,#2449,#1338,.T.);
#3059=EDGE_CURVE('',#2450,#2448,#1339,.T.);
#3060=EDGE_CURVE('',#2449,#2450,#1340,.T.);
#3061=EDGE_CURVE('',#2449,#2443,#1341,.T.);
#3062=EDGE_CURVE('',#2445,#2450,#1342,.T.);
#3063=EDGE_CURVE('',#2451,#2452,#1343,.T.);
#3064=EDGE_CURVE('',#2451,#2453,#1344,.T.);
#3065=EDGE_CURVE('',#2454,#2453,#1345,.T.);
#3066=EDGE_CURVE('',#2452,#2454,#1346,.T.);
#3067=EDGE_CURVE('',#2455,#2456,#1347,.T.);
#3068=EDGE_CURVE('',#2455,#2457,#1348,.T.);
#3069=EDGE_CURVE('',#2458,#2457,#1349,.T.);
#3070=EDGE_CURVE('',#2456,#2458,#1350,.T.);
#3071=EDGE_CURVE('',#2412,#2454,#1351,.T.);
#3072=EDGE_CURVE('',#2453,#2409,#1352,.T.);
#3073=EDGE_CURVE('',#2408,#2425,#1353,.T.);
#3074=EDGE_CURVE('',#2424,#2458,#1354,.T.);
#3075=EDGE_CURVE('',#2457,#2421,#1355,.T.);
#3076=EDGE_CURVE('',#2459,#2460,#1356,.T.);
#3077=EDGE_CURVE('',#2459,#2422,#1357,.T.);
#3078=EDGE_CURVE('',#2460,#2455,#1358,.T.);
#3079=EDGE_CURVE('',#2461,#2462,#1359,.T.);
#3080=EDGE_CURVE('',#2461,#2431,#1360,.T.);
#3081=EDGE_CURVE('',#2462,#2434,#1361,.T.);
#3082=EDGE_CURVE('',#2462,#2463,#1362,.T.);
#3083=EDGE_CURVE('',#2463,#2433,#1363,.T.);
#3084=EDGE_CURVE('',#2463,#2464,#1364,.T.);
#3085=EDGE_CURVE('',#2464,#2432,#1365,.T.);
#3086=EDGE_CURVE('',#2464,#2461,#1366,.T.);
#3087=EDGE_CURVE('',#2465,#2466,#1367,.T.);
#3088=EDGE_CURVE('',#2465,#2427,#1368,.T.);
#3089=EDGE_CURVE('',#2466,#2430,#1369,.T.);
#3090=EDGE_CURVE('',#2466,#2467,#1370,.T.);
#3091=EDGE_CURVE('',#2467,#2429,#1371,.T.);
#3092=EDGE_CURVE('',#2467,#2468,#1372,.T.);
#3093=EDGE_CURVE('',#2468,#2428,#1373,.T.);
#3094=EDGE_CURVE('',#2468,#2465,#1374,.T.);
#3095=EDGE_CURVE('',#2469,#2459,#1375,.T.);
#3096=EDGE_CURVE('',#2469,#2423,#1376,.T.);
#3097=EDGE_CURVE('',#2470,#2403,#1377,.T.);
#3098=EDGE_CURVE('',#2328,#2470,#1378,.T.);
#3099=EDGE_CURVE('',#2471,#2310,#1379,.T.);
#3100=EDGE_CURVE('',#2471,#2390,#1380,.T.);
#3101=EDGE_CURVE('',#2472,#2406,#1381,.T.);
#3102=EDGE_CURVE('',#2473,#2472,#1382,.T.);
#3103=EDGE_CURVE('',#2474,#2473,#1383,.T.);
#3104=EDGE_CURVE('',#2474,#2386,#1384,.T.);
#3105=EDGE_CURVE('',#2402,#2475,#1385,.T.);
#3106=EDGE_CURVE('',#2475,#2426,#1386,.T.);
#3107=EDGE_CURVE('',#2475,#2474,#1387,.T.);
#3108=EDGE_CURVE('',#2476,#2469,#1388,.T.);
#3109=EDGE_CURVE('',#2456,#2476,#1389,.T.);
#3110=EDGE_CURVE('',#2477,#2473,#1390,.T.);
#3111=EDGE_CURVE('',#2477,#2476,#1391,.T.);
#3112=EDGE_CURVE('',#2460,#2239,#1392,.T.);
#3113=EDGE_CURVE('',#2470,#2367,#1393,.T.);
#3114=EDGE_CURVE('',#2478,#2479,#1394,.T.);
#3115=EDGE_CURVE('',#2478,#2410,#1395,.T.);
#3116=EDGE_CURVE('',#2479,#2451,#1396,.T.);
#3117=EDGE_CURVE('',#2480,#2481,#1397,.T.);
#3118=EDGE_CURVE('',#2480,#2417,#1398,.T.);
#3119=EDGE_CURVE('',#2481,#2420,#1399,.T.);
#3120=EDGE_CURVE('',#2481,#2482,#1400,.T.);
#3121=EDGE_CURVE('',#2482,#2419,#1401,.T.);
#3122=EDGE_CURVE('',#2482,#2483,#1402,.T.);
#3123=EDGE_CURVE('',#2483,#2418,#1403,.T.);
#3124=EDGE_CURVE('',#2483,#2480,#1404,.T.);
#3125=EDGE_CURVE('',#2484,#2485,#1405,.T.);
#3126=EDGE_CURVE('',#2484,#2413,#1406,.T.);
#3127=EDGE_CURVE('',#2485,#2416,#1407,.T.);
#3128=EDGE_CURVE('',#2485,#2486,#1408,.T.);
#3129=EDGE_CURVE('',#2486,#2415,#1409,.T.);
#3130=EDGE_CURVE('',#2486,#2487,#1410,.T.);
#3131=EDGE_CURVE('',#2487,#2414,#1411,.T.);
#3132=EDGE_CURVE('',#2487,#2484,#1412,.T.);
#3133=EDGE_CURVE('',#2405,#2488,#1413,.T.);
#3134=EDGE_CURVE('',#2488,#2407,#1414,.T.);
#3135=EDGE_CURVE('',#2488,#2471,#1415,.T.);
#3136=EDGE_CURVE('',#2258,#2489,#1416,.T.);
#3137=EDGE_CURVE('',#2490,#2477,#1417,.T.);
#3138=EDGE_CURVE('',#2479,#2490,#1418,.T.);
#3139=EDGE_CURVE('',#2452,#2489,#1419,.T.);
#3140=EDGE_CURVE('',#2491,#2411,#1420,.T.);
#3141=EDGE_CURVE('',#2489,#2491,#1421,.T.);
#3142=EDGE_CURVE('',#2491,#2478,#1422,.T.);
#3143=EDGE_CURVE('',#2472,#2490,#1423,.T.);
#3144=ORIENTED_EDGE('',*,*,#2492,.F.);
#3145=ORIENTED_EDGE('',*,*,#2493,.T.);
#3146=ORIENTED_EDGE('',*,*,#2494,.T.);
#3147=ORIENTED_EDGE('',*,*,#2493,.F.);
#3148=ORIENTED_EDGE('',*,*,#2494,.F.);
#3149=ORIENTED_EDGE('',*,*,#2495,.F.);
#3150=ORIENTED_EDGE('',*,*,#2496,.T.);
#3151=ORIENTED_EDGE('',*,*,#2497,.F.);
#3152=ORIENTED_EDGE('',*,*,#2498,.T.);
#3153=ORIENTED_EDGE('',*,*,#2499,.F.);
#3154=ORIENTED_EDGE('',*,*,#2500,.T.);
#3155=ORIENTED_EDGE('',*,*,#2501,.F.);
#3156=ORIENTED_EDGE('',*,*,#2496,.F.);
#3157=ORIENTED_EDGE('',*,*,#2502,.F.);
#3158=ORIENTED_EDGE('',*,*,#2503,.T.);
#3159=ORIENTED_EDGE('',*,*,#2504,.F.);
#3160=ORIENTED_EDGE('',*,*,#2500,.F.);
#3161=ORIENTED_EDGE('',*,*,#2505,.F.);
#3162=ORIENTED_EDGE('',*,*,#2498,.F.);
#3163=ORIENTED_EDGE('',*,*,#2506,.F.);
#3164=ORIENTED_EDGE('',*,*,#2503,.F.);
#3165=ORIENTED_EDGE('',*,*,#2499,.T.);
#3166=ORIENTED_EDGE('',*,*,#2495,.T.);
#3167=ORIENTED_EDGE('',*,*,#2505,.T.);
#3168=ORIENTED_EDGE('',*,*,#2502,.T.);
#3169=ORIENTED_EDGE('',*,*,#2506,.T.);
#3170=ORIENTED_EDGE('',*,*,#2497,.T.);
#3171=ORIENTED_EDGE('',*,*,#2501,.T.);
#3172=ORIENTED_EDGE('',*,*,#2504,.T.);
#3173=ORIENTED_EDGE('',*,*,#2492,.T.);
#3174=ORIENTED_EDGE('',*,*,#2507,.F.);
#3175=ORIENTED_EDGE('',*,*,#2508,.T.);
#3176=ORIENTED_EDGE('',*,*,#2509,.T.);
#3177=ORIENTED_EDGE('',*,*,#2510,.F.);
#3178=ORIENTED_EDGE('',*,*,#2511,.F.);
#3179=ORIENTED_EDGE('',*,*,#2512,.T.);
#3180=ORIENTED_EDGE('',*,*,#2513,.T.);
#3181=ORIENTED_EDGE('',*,*,#2508,.F.);
#3182=ORIENTED_EDGE('',*,*,#2514,.F.);
#3183=ORIENTED_EDGE('',*,*,#2510,.T.);
#3184=ORIENTED_EDGE('',*,*,#2515,.T.);
#3185=ORIENTED_EDGE('',*,*,#2512,.F.);
#3186=ORIENTED_EDGE('',*,*,#2515,.F.);
#3187=ORIENTED_EDGE('',*,*,#2509,.F.);
#3188=ORIENTED_EDGE('',*,*,#2513,.F.);
#3189=ORIENTED_EDGE('',*,*,#2516,.F.);
#3190=ORIENTED_EDGE('',*,*,#2517,.F.);
#3191=ORIENTED_EDGE('',*,*,#2518,.F.);
#3192=ORIENTED_EDGE('',*,*,#2519,.F.);
#3193=ORIENTED_EDGE('',*,*,#2520,.F.);
#3194=ORIENTED_EDGE('',*,*,#2518,.T.);
#3195=ORIENTED_EDGE('',*,*,#2521,.T.);
#3196=ORIENTED_EDGE('',*,*,#2522,.F.);
#3197=ORIENTED_EDGE('',*,*,#2523,.F.);
#3198=ORIENTED_EDGE('',*,*,#2517,.T.);
#3199=ORIENTED_EDGE('',*,*,#2524,.T.);
#3200=ORIENTED_EDGE('',*,*,#2525,.F.);
#3201=ORIENTED_EDGE('',*,*,#2521,.F.);
#3202=ORIENTED_EDGE('',*,*,#2526,.F.);
#3203=ORIENTED_EDGE('',*,*,#2527,.T.);
#3204=ORIENTED_EDGE('',*,*,#2520,.T.);
#3205=ORIENTED_EDGE('',*,*,#2527,.F.);
#3206=ORIENTED_EDGE('',*,*,#2516,.T.);
#3207=ORIENTED_EDGE('',*,*,#2528,.F.);
#3208=ORIENTED_EDGE('',*,*,#2529,.F.);
#3209=ORIENTED_EDGE('',*,*,#2524,.F.);
#3210=ORIENTED_EDGE('',*,*,#2519,.T.);
#3211=ORIENTED_EDGE('',*,*,#2523,.T.);
#3212=ORIENTED_EDGE('',*,*,#2530,.F.);
#3213=ORIENTED_EDGE('',*,*,#2528,.T.);
#3214=ORIENTED_EDGE('',*,*,#2530,.T.);
#3215=ORIENTED_EDGE('',*,*,#2522,.T.);
#3216=ORIENTED_EDGE('',*,*,#2525,.T.);
#3217=ORIENTED_EDGE('',*,*,#2529,.T.);
#3218=ORIENTED_EDGE('',*,*,#2507,.T.);
#3219=ORIENTED_EDGE('',*,*,#2514,.T.);
#3220=ORIENTED_EDGE('',*,*,#2511,.T.);
#3221=ORIENTED_EDGE('',*,*,#2526,.T.);
#3222=ORIENTED_EDGE('',*,*,#2531,.F.);
#3223=ORIENTED_EDGE('',*,*,#2532,.T.);
#3224=ORIENTED_EDGE('',*,*,#2533,.T.);
#3225=ORIENTED_EDGE('',*,*,#2532,.F.);
#3226=ORIENTED_EDGE('',*,*,#2533,.F.);
#3227=ORIENTED_EDGE('',*,*,#2534,.F.);
#3228=ORIENTED_EDGE('',*,*,#2535,.F.);
#3229=ORIENTED_EDGE('',*,*,#2536,.F.);
#3230=ORIENTED_EDGE('',*,*,#2537,.T.);
#3231=ORIENTED_EDGE('',*,*,#2538,.F.);
#3232=ORIENTED_EDGE('',*,*,#2537,.F.);
#3233=ORIENTED_EDGE('',*,*,#2539,.F.);
#3234=ORIENTED_EDGE('',*,*,#2540,.F.);
#3235=ORIENTED_EDGE('',*,*,#2541,.F.);
#3236=ORIENTED_EDGE('',*,*,#2542,.F.);
#3237=ORIENTED_EDGE('',*,*,#2543,.F.);
#3238=ORIENTED_EDGE('',*,*,#2535,.T.);
#3239=ORIENTED_EDGE('',*,*,#2544,.F.);
#3240=ORIENTED_EDGE('',*,*,#2545,.F.);
#3241=ORIENTED_EDGE('',*,*,#2546,.F.);
#3242=ORIENTED_EDGE('',*,*,#2547,.T.);
#3243=ORIENTED_EDGE('',*,*,#2548,.F.);
#3244=ORIENTED_EDGE('',*,*,#2547,.F.);
#3245=ORIENTED_EDGE('',*,*,#2549,.F.);
#3246=ORIENTED_EDGE('',*,*,#2550,.T.);
#3247=ORIENTED_EDGE('',*,*,#2551,.F.);
#3248=ORIENTED_EDGE('',*,*,#2550,.F.);
#3249=ORIENTED_EDGE('',*,*,#2552,.F.);
#3250=ORIENTED_EDGE('',*,*,#2553,.F.);
#3251=ORIENTED_EDGE('',*,*,#2554,.F.);
#3252=ORIENTED_EDGE('',*,*,#2555,.F.);
#3253=ORIENTED_EDGE('',*,*,#2556,.F.);
#3254=ORIENTED_EDGE('',*,*,#2557,.T.);
#3255=ORIENTED_EDGE('',*,*,#2558,.F.);
#3256=ORIENTED_EDGE('',*,*,#2557,.F.);
#3257=ORIENTED_EDGE('',*,*,#2559,.F.);
#3258=ORIENTED_EDGE('',*,*,#2560,.T.);
#3259=ORIENTED_EDGE('',*,*,#2561,.F.);
#3260=ORIENTED_EDGE('',*,*,#2560,.F.);
#3261=ORIENTED_EDGE('',*,*,#2562,.F.);
#3262=ORIENTED_EDGE('',*,*,#2563,.F.);
#3263=ORIENTED_EDGE('',*,*,#2564,.F.);
#3264=ORIENTED_EDGE('',*,*,#2565,.F.);
#3265=ORIENTED_EDGE('',*,*,#2566,.F.);
#3266=ORIENTED_EDGE('',*,*,#2567,.T.);
#3267=ORIENTED_EDGE('',*,*,#2568,.F.);
#3268=ORIENTED_EDGE('',*,*,#2567,.F.);
#3269=ORIENTED_EDGE('',*,*,#2569,.F.);
#3270=ORIENTED_EDGE('',*,*,#2570,.F.);
#3271=ORIENTED_EDGE('',*,*,#2571,.F.);
#3272=ORIENTED_EDGE('',*,*,#2572,.F.);
#3273=ORIENTED_EDGE('',*,*,#2573,.F.);
#3274=ORIENTED_EDGE('',*,*,#2565,.T.);
#3275=ORIENTED_EDGE('',*,*,#2574,.F.);
#3276=ORIENTED_EDGE('',*,*,#2575,.F.);
#3277=ORIENTED_EDGE('',*,*,#2576,.F.);
#3278=ORIENTED_EDGE('',*,*,#2577,.T.);
#3279=ORIENTED_EDGE('',*,*,#2578,.F.);
#3280=ORIENTED_EDGE('',*,*,#2577,.F.);
#3281=ORIENTED_EDGE('',*,*,#2579,.F.);
#3282=ORIENTED_EDGE('',*,*,#2580,.F.);
#3283=ORIENTED_EDGE('',*,*,#2581,.F.);
#3284=ORIENTED_EDGE('',*,*,#2582,.F.);
#3285=ORIENTED_EDGE('',*,*,#2583,.F.);
#3286=ORIENTED_EDGE('',*,*,#2575,.T.);
#3287=ORIENTED_EDGE('',*,*,#2584,.F.);
#3288=ORIENTED_EDGE('',*,*,#2585,.F.);
#3289=ORIENTED_EDGE('',*,*,#2586,.F.);
#3290=ORIENTED_EDGE('',*,*,#2587,.T.);
#3291=ORIENTED_EDGE('',*,*,#2588,.F.);
#3292=ORIENTED_EDGE('',*,*,#2587,.F.);
#3293=ORIENTED_EDGE('',*,*,#2589,.F.);
#3294=ORIENTED_EDGE('',*,*,#2590,.F.);
#3295=ORIENTED_EDGE('',*,*,#2591,.F.);
#3296=ORIENTED_EDGE('',*,*,#2592,.F.);
#3297=ORIENTED_EDGE('',*,*,#2593,.F.);
#3298=ORIENTED_EDGE('',*,*,#2585,.T.);
#3299=ORIENTED_EDGE('',*,*,#2594,.F.);
#3300=ORIENTED_EDGE('',*,*,#2595,.F.);
#3301=ORIENTED_EDGE('',*,*,#2596,.F.);
#3302=ORIENTED_EDGE('',*,*,#2597,.T.);
#3303=ORIENTED_EDGE('',*,*,#2598,.F.);
#3304=ORIENTED_EDGE('',*,*,#2597,.F.);
#3305=ORIENTED_EDGE('',*,*,#2599,.F.);
#3306=ORIENTED_EDGE('',*,*,#2600,.F.);
#3307=ORIENTED_EDGE('',*,*,#2601,.F.);
#3308=ORIENTED_EDGE('',*,*,#2602,.F.);
#3309=ORIENTED_EDGE('',*,*,#2603,.F.);
#3310=ORIENTED_EDGE('',*,*,#2595,.T.);
#3311=ORIENTED_EDGE('',*,*,#2604,.F.);
#3312=ORIENTED_EDGE('',*,*,#2605,.F.);
#3313=ORIENTED_EDGE('',*,*,#2606,.F.);
#3314=ORIENTED_EDGE('',*,*,#2607,.T.);
#3315=ORIENTED_EDGE('',*,*,#2608,.F.);
#3316=ORIENTED_EDGE('',*,*,#2607,.F.);
#3317=ORIENTED_EDGE('',*,*,#2609,.F.);
#3318=ORIENTED_EDGE('',*,*,#2610,.F.);
#3319=ORIENTED_EDGE('',*,*,#2611,.F.);
#3320=ORIENTED_EDGE('',*,*,#2612,.F.);
#3321=ORIENTED_EDGE('',*,*,#2613,.F.);
#3322=ORIENTED_EDGE('',*,*,#2605,.T.);
#3323=ORIENTED_EDGE('',*,*,#2614,.F.);
#3324=ORIENTED_EDGE('',*,*,#2615,.F.);
#3325=ORIENTED_EDGE('',*,*,#2616,.F.);
#3326=ORIENTED_EDGE('',*,*,#2617,.T.);
#3327=ORIENTED_EDGE('',*,*,#2618,.F.);
#3328=ORIENTED_EDGE('',*,*,#2617,.F.);
#3329=ORIENTED_EDGE('',*,*,#2619,.F.);
#3330=ORIENTED_EDGE('',*,*,#2620,.F.);
#3331=ORIENTED_EDGE('',*,*,#2621,.F.);
#3332=ORIENTED_EDGE('',*,*,#2622,.F.);
#3333=ORIENTED_EDGE('',*,*,#2623,.F.);
#3334=ORIENTED_EDGE('',*,*,#2615,.T.);
#3335=ORIENTED_EDGE('',*,*,#2624,.F.);
#3336=ORIENTED_EDGE('',*,*,#2625,.F.);
#3337=ORIENTED_EDGE('',*,*,#2626,.F.);
#3338=ORIENTED_EDGE('',*,*,#2627,.T.);
#3339=ORIENTED_EDGE('',*,*,#2628,.F.);
#3340=ORIENTED_EDGE('',*,*,#2627,.F.);
#3341=ORIENTED_EDGE('',*,*,#2629,.F.);
#3342=ORIENTED_EDGE('',*,*,#2630,.F.);
#3343=ORIENTED_EDGE('',*,*,#2631,.F.);
#3344=ORIENTED_EDGE('',*,*,#2632,.F.);
#3345=ORIENTED_EDGE('',*,*,#2633,.F.);
#3346=ORIENTED_EDGE('',*,*,#2625,.T.);
#3347=ORIENTED_EDGE('',*,*,#2634,.F.);
#3348=ORIENTED_EDGE('',*,*,#2635,.F.);
#3349=ORIENTED_EDGE('',*,*,#2636,.F.);
#3350=ORIENTED_EDGE('',*,*,#2637,.T.);
#3351=ORIENTED_EDGE('',*,*,#2638,.F.);
#3352=ORIENTED_EDGE('',*,*,#2637,.F.);
#3353=ORIENTED_EDGE('',*,*,#2639,.F.);
#3354=ORIENTED_EDGE('',*,*,#2640,.T.);
#3355=ORIENTED_EDGE('',*,*,#2641,.F.);
#3356=ORIENTED_EDGE('',*,*,#2640,.F.);
#3357=ORIENTED_EDGE('',*,*,#2642,.F.);
#3358=ORIENTED_EDGE('',*,*,#2643,.F.);
#3359=ORIENTED_EDGE('',*,*,#2644,.F.);
#3360=ORIENTED_EDGE('',*,*,#2645,.F.);
#3361=ORIENTED_EDGE('',*,*,#2646,.F.);
#3362=ORIENTED_EDGE('',*,*,#2647,.T.);
#3363=ORIENTED_EDGE('',*,*,#2648,.F.);
#3364=ORIENTED_EDGE('',*,*,#2647,.F.);
#3365=ORIENTED_EDGE('',*,*,#2649,.F.);
#3366=ORIENTED_EDGE('',*,*,#2650,.T.);
#3367=ORIENTED_EDGE('',*,*,#2651,.F.);
#3368=ORIENTED_EDGE('',*,*,#2650,.F.);
#3369=ORIENTED_EDGE('',*,*,#2652,.F.);
#3370=ORIENTED_EDGE('',*,*,#2653,.F.);
#3371=ORIENTED_EDGE('',*,*,#2654,.F.);
#3372=ORIENTED_EDGE('',*,*,#2655,.F.);
#3373=ORIENTED_EDGE('',*,*,#2656,.F.);
#3374=ORIENTED_EDGE('',*,*,#2657,.T.);
#3375=ORIENTED_EDGE('',*,*,#2658,.F.);
#3376=ORIENTED_EDGE('',*,*,#2657,.F.);
#3377=ORIENTED_EDGE('',*,*,#2659,.F.);
#3378=ORIENTED_EDGE('',*,*,#2660,.F.);
#3379=ORIENTED_EDGE('',*,*,#2661,.F.);
#3380=ORIENTED_EDGE('',*,*,#2662,.F.);
#3381=ORIENTED_EDGE('',*,*,#2663,.F.);
#3382=ORIENTED_EDGE('',*,*,#2655,.T.);
#3383=ORIENTED_EDGE('',*,*,#2664,.F.);
#3384=ORIENTED_EDGE('',*,*,#2665,.F.);
#3385=ORIENTED_EDGE('',*,*,#2666,.F.);
#3386=ORIENTED_EDGE('',*,*,#2667,.T.);
#3387=ORIENTED_EDGE('',*,*,#2668,.F.);
#3388=ORIENTED_EDGE('',*,*,#2667,.F.);
#3389=ORIENTED_EDGE('',*,*,#2669,.F.);
#3390=ORIENTED_EDGE('',*,*,#2670,.F.);
#3391=ORIENTED_EDGE('',*,*,#2671,.F.);
#3392=ORIENTED_EDGE('',*,*,#2672,.F.);
#3393=ORIENTED_EDGE('',*,*,#2673,.F.);
#3394=ORIENTED_EDGE('',*,*,#2665,.T.);
#3395=ORIENTED_EDGE('',*,*,#2600,.T.);
#3396=ORIENTED_EDGE('',*,*,#2674,.T.);
#3397=ORIENTED_EDGE('',*,*,#2675,.F.);
#3398=ORIENTED_EDGE('',*,*,#2676,.F.);
#3399=ORIENTED_EDGE('',*,*,#2622,.T.);
#3400=ORIENTED_EDGE('',*,*,#2677,.F.);
#3401=ORIENTED_EDGE('',*,*,#2678,.T.);
#3402=ORIENTED_EDGE('',*,*,#2679,.T.);
#3403=ORIENTED_EDGE('',*,*,#2590,.T.);
#3404=ORIENTED_EDGE('',*,*,#2680,.T.);
#3405=ORIENTED_EDGE('',*,*,#2612,.T.);
#3406=ORIENTED_EDGE('',*,*,#2681,.F.);
#3407=ORIENTED_EDGE('',*,*,#2602,.T.);
#3408=ORIENTED_EDGE('',*,*,#2682,.F.);
#3409=ORIENTED_EDGE('',*,*,#2610,.T.);
#3410=ORIENTED_EDGE('',*,*,#2683,.T.);
#3411=ORIENTED_EDGE('',*,*,#2570,.T.);
#3412=ORIENTED_EDGE('',*,*,#2684,.T.);
#3413=ORIENTED_EDGE('',*,*,#2685,.F.);
#3414=ORIENTED_EDGE('',*,*,#2686,.F.);
#3415=ORIENTED_EDGE('',*,*,#2580,.T.);
#3416=ORIENTED_EDGE('',*,*,#2687,.T.);
#3417=ORIENTED_EDGE('',*,*,#2632,.T.);
#3418=ORIENTED_EDGE('',*,*,#2688,.F.);
#3419=ORIENTED_EDGE('',*,*,#2582,.T.);
#3420=ORIENTED_EDGE('',*,*,#2689,.F.);
#3421=ORIENTED_EDGE('',*,*,#2675,.T.);
#3422=ORIENTED_EDGE('',*,*,#2690,.T.);
#3423=ORIENTED_EDGE('',*,*,#2635,.T.);
#3424=ORIENTED_EDGE('',*,*,#2691,.F.);
#3425=ORIENTED_EDGE('',*,*,#2685,.T.);
#3426=ORIENTED_EDGE('',*,*,#2692,.T.);
#3427=ORIENTED_EDGE('',*,*,#2563,.T.);
#3428=ORIENTED_EDGE('',*,*,#2693,.T.);
#3429=ORIENTED_EDGE('',*,*,#2645,.T.);
#3430=ORIENTED_EDGE('',*,*,#2694,.F.);
#3431=ORIENTED_EDGE('',*,*,#2555,.T.);
#3432=ORIENTED_EDGE('',*,*,#2695,.F.);
#3433=ORIENTED_EDGE('',*,*,#2643,.T.);
#3434=ORIENTED_EDGE('',*,*,#2696,.T.);
#3435=ORIENTED_EDGE('',*,*,#2553,.T.);
#3436=ORIENTED_EDGE('',*,*,#2697,.T.);
#3437=ORIENTED_EDGE('',*,*,#2698,.T.);
#3438=ORIENTED_EDGE('',*,*,#2699,.F.);
#3439=ORIENTED_EDGE('',*,*,#2545,.T.);
#3440=ORIENTED_EDGE('',*,*,#2700,.F.);
#3441=ORIENTED_EDGE('',*,*,#2653,.T.);
#3442=ORIENTED_EDGE('',*,*,#2701,.T.);
#3443=ORIENTED_EDGE('',*,*,#2541,.T.);
#3444=ORIENTED_EDGE('',*,*,#2534,.T.);
#3445=ORIENTED_EDGE('',*,*,#2538,.T.);
#3446=ORIENTED_EDGE('',*,*,#2702,.T.);
#3447=ORIENTED_EDGE('',*,*,#2671,.T.);
#3448=ORIENTED_EDGE('',*,*,#2664,.T.);
#3449=ORIENTED_EDGE('',*,*,#2668,.T.);
#3450=ORIENTED_EDGE('',*,*,#2703,.T.);
#3451=ORIENTED_EDGE('',*,*,#2677,.T.);
#3452=ORIENTED_EDGE('',*,*,#2621,.T.);
#3453=ORIENTED_EDGE('',*,*,#2614,.T.);
#3454=ORIENTED_EDGE('',*,*,#2618,.T.);
#3455=ORIENTED_EDGE('',*,*,#2704,.T.);
#3456=ORIENTED_EDGE('',*,*,#2591,.T.);
#3457=ORIENTED_EDGE('',*,*,#2584,.T.);
#3458=ORIENTED_EDGE('',*,*,#2588,.T.);
#3459=ORIENTED_EDGE('',*,*,#2681,.T.);
#3460=ORIENTED_EDGE('',*,*,#2611,.T.);
#3461=ORIENTED_EDGE('',*,*,#2604,.T.);
#3462=ORIENTED_EDGE('',*,*,#2608,.T.);
#3463=ORIENTED_EDGE('',*,*,#2682,.T.);
#3464=ORIENTED_EDGE('',*,*,#2601,.T.);
#3465=ORIENTED_EDGE('',*,*,#2594,.T.);
#3466=ORIENTED_EDGE('',*,*,#2598,.T.);
#3467=ORIENTED_EDGE('',*,*,#2676,.T.);
#3468=ORIENTED_EDGE('',*,*,#2689,.T.);
#3469=ORIENTED_EDGE('',*,*,#2581,.T.);
#3470=ORIENTED_EDGE('',*,*,#2574,.T.);
#3471=ORIENTED_EDGE('',*,*,#2578,.T.);
#3472=ORIENTED_EDGE('',*,*,#2688,.T.);
#3473=ORIENTED_EDGE('',*,*,#2631,.T.);
#3474=ORIENTED_EDGE('',*,*,#2624,.T.);
#3475=ORIENTED_EDGE('',*,*,#2628,.T.);
#3476=ORIENTED_EDGE('',*,*,#2705,.T.);
#3477=ORIENTED_EDGE('',*,*,#2571,.T.);
#3478=ORIENTED_EDGE('',*,*,#2564,.T.);
#3479=ORIENTED_EDGE('',*,*,#2568,.T.);
#3480=ORIENTED_EDGE('',*,*,#2686,.T.);
#3481=ORIENTED_EDGE('',*,*,#2691,.T.);
#3482=ORIENTED_EDGE('',*,*,#2634,.T.);
#3483=ORIENTED_EDGE('',*,*,#2638,.T.);
#3484=ORIENTED_EDGE('',*,*,#2641,.T.);
#3485=ORIENTED_EDGE('',*,*,#2695,.T.);
#3486=ORIENTED_EDGE('',*,*,#2554,.T.);
#3487=ORIENTED_EDGE('',*,*,#2558,.T.);
#3488=ORIENTED_EDGE('',*,*,#2561,.T.);
#3489=ORIENTED_EDGE('',*,*,#2694,.T.);
#3490=ORIENTED_EDGE('',*,*,#2644,.T.);
#3491=ORIENTED_EDGE('',*,*,#2648,.T.);
#3492=ORIENTED_EDGE('',*,*,#2651,.T.);
#3493=ORIENTED_EDGE('',*,*,#2700,.T.);
#3494=ORIENTED_EDGE('',*,*,#2544,.T.);
#3495=ORIENTED_EDGE('',*,*,#2548,.T.);
#3496=ORIENTED_EDGE('',*,*,#2551,.T.);
#3497=ORIENTED_EDGE('',*,*,#2699,.T.);
#3498=ORIENTED_EDGE('',*,*,#2706,.T.);
#3499=ORIENTED_EDGE('',*,*,#2661,.T.);
#3500=ORIENTED_EDGE('',*,*,#2654,.T.);
#3501=ORIENTED_EDGE('',*,*,#2658,.T.);
#3502=ORIENTED_EDGE('',*,*,#2707,.T.);
#3503=ORIENTED_EDGE('',*,*,#2531,.T.);
#3504=ORIENTED_EDGE('',*,*,#2670,.T.);
#3505=ORIENTED_EDGE('',*,*,#2708,.T.);
#3506=ORIENTED_EDGE('',*,*,#2678,.F.);
#3507=ORIENTED_EDGE('',*,*,#2703,.F.);
#3508=ORIENTED_EDGE('',*,*,#2540,.T.);
#3509=ORIENTED_EDGE('',*,*,#2709,.T.);
#3510=ORIENTED_EDGE('',*,*,#2672,.T.);
#3511=ORIENTED_EDGE('',*,*,#2702,.F.);
#3512=ORIENTED_EDGE('',*,*,#2662,.T.);
#3513=ORIENTED_EDGE('',*,*,#2706,.F.);
#3514=ORIENTED_EDGE('',*,*,#2698,.F.);
#3515=ORIENTED_EDGE('',*,*,#2710,.T.);
#3516=ORIENTED_EDGE('',*,*,#2543,.T.);
#3517=ORIENTED_EDGE('',*,*,#2711,.F.);
#3518=ORIENTED_EDGE('',*,*,#2659,.T.);
#3519=ORIENTED_EDGE('',*,*,#2656,.T.);
#3520=ORIENTED_EDGE('',*,*,#2663,.T.);
#3521=ORIENTED_EDGE('',*,*,#2710,.F.);
#3522=ORIENTED_EDGE('',*,*,#2697,.F.);
#3523=ORIENTED_EDGE('',*,*,#2552,.T.);
#3524=ORIENTED_EDGE('',*,*,#2549,.T.);
#3525=ORIENTED_EDGE('',*,*,#2546,.T.);
#3526=ORIENTED_EDGE('',*,*,#2701,.F.);
#3527=ORIENTED_EDGE('',*,*,#2652,.T.);
#3528=ORIENTED_EDGE('',*,*,#2649,.T.);
#3529=ORIENTED_EDGE('',*,*,#2646,.T.);
#3530=ORIENTED_EDGE('',*,*,#2693,.F.);
#3531=ORIENTED_EDGE('',*,*,#2562,.T.);
#3532=ORIENTED_EDGE('',*,*,#2559,.T.);
#3533=ORIENTED_EDGE('',*,*,#2556,.T.);
#3534=ORIENTED_EDGE('',*,*,#2696,.F.);
#3535=ORIENTED_EDGE('',*,*,#2642,.T.);
#3536=ORIENTED_EDGE('',*,*,#2639,.T.);
#3537=ORIENTED_EDGE('',*,*,#2636,.T.);
#3538=ORIENTED_EDGE('',*,*,#2692,.F.);
#3539=ORIENTED_EDGE('',*,*,#2684,.F.);
#3540=ORIENTED_EDGE('',*,*,#2569,.T.);
#3541=ORIENTED_EDGE('',*,*,#2566,.T.);
#3542=ORIENTED_EDGE('',*,*,#2573,.T.);
#3543=ORIENTED_EDGE('',*,*,#2712,.F.);
#3544=ORIENTED_EDGE('',*,*,#2629,.T.);
#3545=ORIENTED_EDGE('',*,*,#2626,.T.);
#3546=ORIENTED_EDGE('',*,*,#2633,.T.);
#3547=ORIENTED_EDGE('',*,*,#2687,.F.);
#3548=ORIENTED_EDGE('',*,*,#2579,.T.);
#3549=ORIENTED_EDGE('',*,*,#2576,.T.);
#3550=ORIENTED_EDGE('',*,*,#2583,.T.);
#3551=ORIENTED_EDGE('',*,*,#2690,.F.);
#3552=ORIENTED_EDGE('',*,*,#2674,.F.);
#3553=ORIENTED_EDGE('',*,*,#2599,.T.);
#3554=ORIENTED_EDGE('',*,*,#2596,.T.);
#3555=ORIENTED_EDGE('',*,*,#2603,.T.);
#3556=ORIENTED_EDGE('',*,*,#2683,.F.);
#3557=ORIENTED_EDGE('',*,*,#2609,.T.);
#3558=ORIENTED_EDGE('',*,*,#2606,.T.);
#3559=ORIENTED_EDGE('',*,*,#2613,.T.);
#3560=ORIENTED_EDGE('',*,*,#2680,.F.);
#3561=ORIENTED_EDGE('',*,*,#2589,.T.);
#3562=ORIENTED_EDGE('',*,*,#2586,.T.);
#3563=ORIENTED_EDGE('',*,*,#2593,.T.);
#3564=ORIENTED_EDGE('',*,*,#2713,.F.);
#3565=ORIENTED_EDGE('',*,*,#2619,.T.);
#3566=ORIENTED_EDGE('',*,*,#2616,.T.);
#3567=ORIENTED_EDGE('',*,*,#2623,.T.);
#3568=ORIENTED_EDGE('',*,*,#2679,.F.);
#3569=ORIENTED_EDGE('',*,*,#2708,.F.);
#3570=ORIENTED_EDGE('',*,*,#2669,.T.);
#3571=ORIENTED_EDGE('',*,*,#2666,.T.);
#3572=ORIENTED_EDGE('',*,*,#2673,.T.);
#3573=ORIENTED_EDGE('',*,*,#2709,.F.);
#3574=ORIENTED_EDGE('',*,*,#2539,.T.);
#3575=ORIENTED_EDGE('',*,*,#2536,.T.);
#3576=ORIENTED_EDGE('',*,*,#2542,.T.);
#3577=ORIENTED_EDGE('',*,*,#2707,.F.);
#3578=ORIENTED_EDGE('',*,*,#2660,.T.);
#3579=ORIENTED_EDGE('',*,*,#2711,.T.);
#3580=ORIENTED_EDGE('',*,*,#2592,.T.);
#3581=ORIENTED_EDGE('',*,*,#2704,.F.);
#3582=ORIENTED_EDGE('',*,*,#2620,.T.);
#3583=ORIENTED_EDGE('',*,*,#2713,.T.);
#3584=ORIENTED_EDGE('',*,*,#2572,.T.);
#3585=ORIENTED_EDGE('',*,*,#2705,.F.);
#3586=ORIENTED_EDGE('',*,*,#2630,.T.);
#3587=ORIENTED_EDGE('',*,*,#2712,.T.);
#3588=ORIENTED_EDGE('',*,*,#2714,.F.);
#3589=ORIENTED_EDGE('',*,*,#2715,.F.);
#3590=ORIENTED_EDGE('',*,*,#2716,.T.);
#3591=ORIENTED_EDGE('',*,*,#2717,.T.);
#3592=ORIENTED_EDGE('',*,*,#2718,.T.);
#3593=ORIENTED_EDGE('',*,*,#2719,.F.);
#3594=ORIENTED_EDGE('',*,*,#2720,.F.);
#3595=ORIENTED_EDGE('',*,*,#2721,.T.);
#3596=ORIENTED_EDGE('',*,*,#2722,.F.);
#3597=ORIENTED_EDGE('',*,*,#2723,.F.);
#3598=ORIENTED_EDGE('',*,*,#2718,.F.);
#3599=ORIENTED_EDGE('',*,*,#2724,.F.);
#3600=ORIENTED_EDGE('',*,*,#2717,.F.);
#3601=ORIENTED_EDGE('',*,*,#2725,.F.);
#3602=ORIENTED_EDGE('',*,*,#2726,.F.);
#3603=ORIENTED_EDGE('',*,*,#2715,.T.);
#3604=ORIENTED_EDGE('',*,*,#2727,.F.);
#3605=ORIENTED_EDGE('',*,*,#2720,.T.);
#3606=ORIENTED_EDGE('',*,*,#2726,.T.);
#3607=ORIENTED_EDGE('',*,*,#2728,.F.);
#3608=ORIENTED_EDGE('',*,*,#2722,.T.);
#3609=ORIENTED_EDGE('',*,*,#2716,.F.);
#3610=ORIENTED_EDGE('',*,*,#2728,.T.);
#3611=ORIENTED_EDGE('',*,*,#2725,.T.);
#3612=ORIENTED_EDGE('',*,*,#2719,.T.);
#3613=ORIENTED_EDGE('',*,*,#2723,.T.);
#3614=ORIENTED_EDGE('',*,*,#2724,.T.);
#3615=ORIENTED_EDGE('',*,*,#2729,.T.);
#3616=ORIENTED_EDGE('',*,*,#2730,.T.);
#3617=ORIENTED_EDGE('',*,*,#2731,.F.);
#3618=ORIENTED_EDGE('',*,*,#2727,.T.);
#3619=ORIENTED_EDGE('',*,*,#2732,.F.);
#3620=ORIENTED_EDGE('',*,*,#2733,.F.);
#3621=ORIENTED_EDGE('',*,*,#2734,.T.);
#3622=ORIENTED_EDGE('',*,*,#2735,.T.);
#3623=ORIENTED_EDGE('',*,*,#2736,.T.);
#3624=ORIENTED_EDGE('',*,*,#2737,.F.);
#3625=ORIENTED_EDGE('',*,*,#2738,.F.);
#3626=ORIENTED_EDGE('',*,*,#2739,.T.);
#3627=ORIENTED_EDGE('',*,*,#2740,.T.);
#3628=ORIENTED_EDGE('',*,*,#2741,.T.);
#3629=ORIENTED_EDGE('',*,*,#2742,.F.);
#3630=ORIENTED_EDGE('',*,*,#2743,.F.);
#3631=ORIENTED_EDGE('',*,*,#2744,.T.);
#3632=ORIENTED_EDGE('',*,*,#2745,.F.);
#3633=ORIENTED_EDGE('',*,*,#2746,.F.);
#3634=ORIENTED_EDGE('',*,*,#2741,.F.);
#3635=ORIENTED_EDGE('',*,*,#2747,.F.);
#3636=ORIENTED_EDGE('',*,*,#2740,.F.);
#3637=ORIENTED_EDGE('',*,*,#2748,.F.);
#3638=ORIENTED_EDGE('',*,*,#2749,.F.);
#3639=ORIENTED_EDGE('',*,*,#2738,.T.);
#3640=ORIENTED_EDGE('',*,*,#2730,.F.);
#3641=ORIENTED_EDGE('',*,*,#2743,.T.);
#3642=ORIENTED_EDGE('',*,*,#2749,.T.);
#3643=ORIENTED_EDGE('',*,*,#2750,.F.);
#3644=ORIENTED_EDGE('',*,*,#2745,.T.);
#3645=ORIENTED_EDGE('',*,*,#2739,.F.);
#3646=ORIENTED_EDGE('',*,*,#2750,.T.);
#3647=ORIENTED_EDGE('',*,*,#2748,.T.);
#3648=ORIENTED_EDGE('',*,*,#2742,.T.);
#3649=ORIENTED_EDGE('',*,*,#2746,.T.);
#3650=ORIENTED_EDGE('',*,*,#2747,.T.);
#3651=ORIENTED_EDGE('',*,*,#2751,.T.);
#3652=ORIENTED_EDGE('',*,*,#2752,.T.);
#3653=ORIENTED_EDGE('',*,*,#2753,.F.);
#3654=ORIENTED_EDGE('',*,*,#2754,.F.);
#3655=ORIENTED_EDGE('',*,*,#2755,.F.);
#3656=ORIENTED_EDGE('',*,*,#2756,.T.);
#3657=ORIENTED_EDGE('',*,*,#2757,.T.);
#3658=ORIENTED_EDGE('',*,*,#2758,.T.);
#3659=ORIENTED_EDGE('',*,*,#2759,.F.);
#3660=ORIENTED_EDGE('',*,*,#2760,.F.);
#3661=ORIENTED_EDGE('',*,*,#2761,.T.);
#3662=ORIENTED_EDGE('',*,*,#2762,.F.);
#3663=ORIENTED_EDGE('',*,*,#2763,.F.);
#3664=ORIENTED_EDGE('',*,*,#2758,.F.);
#3665=ORIENTED_EDGE('',*,*,#2764,.F.);
#3666=ORIENTED_EDGE('',*,*,#2757,.F.);
#3667=ORIENTED_EDGE('',*,*,#2765,.F.);
#3668=ORIENTED_EDGE('',*,*,#2766,.F.);
#3669=ORIENTED_EDGE('',*,*,#2755,.T.);
#3670=ORIENTED_EDGE('',*,*,#2752,.F.);
#3671=ORIENTED_EDGE('',*,*,#2760,.T.);
#3672=ORIENTED_EDGE('',*,*,#2766,.T.);
#3673=ORIENTED_EDGE('',*,*,#2767,.F.);
#3674=ORIENTED_EDGE('',*,*,#2762,.T.);
#3675=ORIENTED_EDGE('',*,*,#2756,.F.);
#3676=ORIENTED_EDGE('',*,*,#2767,.T.);
#3677=ORIENTED_EDGE('',*,*,#2765,.T.);
#3678=ORIENTED_EDGE('',*,*,#2759,.T.);
#3679=ORIENTED_EDGE('',*,*,#2763,.T.);
#3680=ORIENTED_EDGE('',*,*,#2764,.T.);
#3681=ORIENTED_EDGE('',*,*,#2768,.T.);
#3682=ORIENTED_EDGE('',*,*,#2769,.T.);
#3683=ORIENTED_EDGE('',*,*,#2770,.T.);
#3684=ORIENTED_EDGE('',*,*,#2771,.F.);
#3685=ORIENTED_EDGE('',*,*,#2772,.F.);
#3686=ORIENTED_EDGE('',*,*,#2773,.F.);
#3687=ORIENTED_EDGE('',*,*,#2774,.F.);
#3688=ORIENTED_EDGE('',*,*,#2775,.T.);
#3689=ORIENTED_EDGE('',*,*,#2776,.T.);
#3690=ORIENTED_EDGE('',*,*,#2777,.T.);
#3691=ORIENTED_EDGE('',*,*,#2778,.F.);
#3692=ORIENTED_EDGE('',*,*,#2779,.F.);
#3693=ORIENTED_EDGE('',*,*,#2780,.T.);
#3694=ORIENTED_EDGE('',*,*,#2781,.F.);
#3695=ORIENTED_EDGE('',*,*,#2782,.F.);
#3696=ORIENTED_EDGE('',*,*,#2777,.F.);
#3697=ORIENTED_EDGE('',*,*,#2783,.F.);
#3698=ORIENTED_EDGE('',*,*,#2776,.F.);
#3699=ORIENTED_EDGE('',*,*,#2784,.F.);
#3700=ORIENTED_EDGE('',*,*,#2785,.F.);
#3701=ORIENTED_EDGE('',*,*,#2774,.T.);
#3702=ORIENTED_EDGE('',*,*,#2770,.F.);
#3703=ORIENTED_EDGE('',*,*,#2779,.T.);
#3704=ORIENTED_EDGE('',*,*,#2785,.T.);
#3705=ORIENTED_EDGE('',*,*,#2786,.F.);
#3706=ORIENTED_EDGE('',*,*,#2781,.T.);
#3707=ORIENTED_EDGE('',*,*,#2775,.F.);
#3708=ORIENTED_EDGE('',*,*,#2786,.T.);
#3709=ORIENTED_EDGE('',*,*,#2784,.T.);
#3710=ORIENTED_EDGE('',*,*,#2778,.T.);
#3711=ORIENTED_EDGE('',*,*,#2782,.T.);
#3712=ORIENTED_EDGE('',*,*,#2787,.F.);
#3713=ORIENTED_EDGE('',*,*,#2788,.F.);
#3714=ORIENTED_EDGE('',*,*,#2789,.T.);
#3715=ORIENTED_EDGE('',*,*,#2790,.T.);
#3716=ORIENTED_EDGE('',*,*,#2791,.T.);
#3717=ORIENTED_EDGE('',*,*,#2792,.F.);
#3718=ORIENTED_EDGE('',*,*,#2793,.F.);
#3719=ORIENTED_EDGE('',*,*,#2794,.T.);
#3720=ORIENTED_EDGE('',*,*,#2795,.F.);
#3721=ORIENTED_EDGE('',*,*,#2796,.F.);
#3722=ORIENTED_EDGE('',*,*,#2791,.F.);
#3723=ORIENTED_EDGE('',*,*,#2797,.F.);
#3724=ORIENTED_EDGE('',*,*,#2790,.F.);
#3725=ORIENTED_EDGE('',*,*,#2798,.F.);
#3726=ORIENTED_EDGE('',*,*,#2799,.F.);
#3727=ORIENTED_EDGE('',*,*,#2788,.T.);
#3728=ORIENTED_EDGE('',*,*,#2800,.F.);
#3729=ORIENTED_EDGE('',*,*,#2793,.T.);
#3730=ORIENTED_EDGE('',*,*,#2799,.T.);
#3731=ORIENTED_EDGE('',*,*,#2801,.F.);
#3732=ORIENTED_EDGE('',*,*,#2795,.T.);
#3733=ORIENTED_EDGE('',*,*,#2789,.F.);
#3734=ORIENTED_EDGE('',*,*,#2801,.T.);
#3735=ORIENTED_EDGE('',*,*,#2798,.T.);
#3736=ORIENTED_EDGE('',*,*,#2792,.T.);
#3737=ORIENTED_EDGE('',*,*,#2796,.T.);
#3738=ORIENTED_EDGE('',*,*,#2783,.T.);
#3739=ORIENTED_EDGE('',*,*,#2802,.T.);
#3740=ORIENTED_EDGE('',*,*,#2800,.T.);
#3741=ORIENTED_EDGE('',*,*,#2803,.F.);
#3742=ORIENTED_EDGE('',*,*,#2804,.F.);
#3743=ORIENTED_EDGE('',*,*,#2805,.F.);
#3744=ORIENTED_EDGE('',*,*,#2806,.F.);
#3745=ORIENTED_EDGE('',*,*,#2807,.T.);
#3746=ORIENTED_EDGE('',*,*,#2808,.F.);
#3747=ORIENTED_EDGE('',*,*,#2809,.T.);
#3748=ORIENTED_EDGE('',*,*,#2810,.T.);
#3749=ORIENTED_EDGE('',*,*,#2811,.T.);
#3750=ORIENTED_EDGE('',*,*,#2812,.T.);
#3751=ORIENTED_EDGE('',*,*,#2805,.T.);
#3752=ORIENTED_EDGE('',*,*,#2813,.F.);
#3753=ORIENTED_EDGE('',*,*,#2808,.T.);
#3754=ORIENTED_EDGE('',*,*,#2814,.T.);
#3755=ORIENTED_EDGE('',*,*,#2815,.T.);
#3756=ORIENTED_EDGE('',*,*,#2810,.F.);
#3757=ORIENTED_EDGE('',*,*,#2816,.F.);
#3758=ORIENTED_EDGE('',*,*,#2807,.F.);
#3759=ORIENTED_EDGE('',*,*,#2817,.T.);
#3760=ORIENTED_EDGE('',*,*,#2817,.F.);
#3761=ORIENTED_EDGE('',*,*,#2806,.T.);
#3762=ORIENTED_EDGE('',*,*,#2812,.F.);
#3763=ORIENTED_EDGE('',*,*,#2818,.T.);
#3764=ORIENTED_EDGE('',*,*,#2818,.F.);
#3765=ORIENTED_EDGE('',*,*,#2814,.F.);
#3766=ORIENTED_EDGE('',*,*,#2811,.F.);
#3767=ORIENTED_EDGE('',*,*,#2815,.F.);
#3768=ORIENTED_EDGE('',*,*,#2797,.T.);
#3769=ORIENTED_EDGE('',*,*,#2819,.T.);
#3770=ORIENTED_EDGE('',*,*,#2813,.T.);
#3771=ORIENTED_EDGE('',*,*,#2820,.F.);
#3772=ORIENTED_EDGE('',*,*,#2821,.F.);
#3773=ORIENTED_EDGE('',*,*,#2822,.F.);
#3774=ORIENTED_EDGE('',*,*,#2823,.F.);
#3775=ORIENTED_EDGE('',*,*,#2824,.T.);
#3776=ORIENTED_EDGE('',*,*,#2825,.F.);
#3777=ORIENTED_EDGE('',*,*,#2826,.T.);
#3778=ORIENTED_EDGE('',*,*,#2827,.T.);
#3779=ORIENTED_EDGE('',*,*,#2828,.T.);
#3780=ORIENTED_EDGE('',*,*,#2829,.T.);
#3781=ORIENTED_EDGE('',*,*,#2822,.T.);
#3782=ORIENTED_EDGE('',*,*,#2830,.F.);
#3783=ORIENTED_EDGE('',*,*,#2825,.T.);
#3784=ORIENTED_EDGE('',*,*,#2831,.T.);
#3785=ORIENTED_EDGE('',*,*,#2832,.T.);
#3786=ORIENTED_EDGE('',*,*,#2827,.F.);
#3787=ORIENTED_EDGE('',*,*,#2833,.F.);
#3788=ORIENTED_EDGE('',*,*,#2824,.F.);
#3789=ORIENTED_EDGE('',*,*,#2834,.T.);
#3790=ORIENTED_EDGE('',*,*,#2834,.F.);
#3791=ORIENTED_EDGE('',*,*,#2823,.T.);
#3792=ORIENTED_EDGE('',*,*,#2829,.F.);
#3793=ORIENTED_EDGE('',*,*,#2835,.T.);
#3794=ORIENTED_EDGE('',*,*,#2835,.F.);
#3795=ORIENTED_EDGE('',*,*,#2831,.F.);
#3796=ORIENTED_EDGE('',*,*,#2828,.F.);
#3797=ORIENTED_EDGE('',*,*,#2832,.F.);
#3798=ORIENTED_EDGE('',*,*,#2816,.T.);
#3799=ORIENTED_EDGE('',*,*,#2836,.T.);
#3800=ORIENTED_EDGE('',*,*,#2830,.T.);
#3801=ORIENTED_EDGE('',*,*,#2837,.F.);
#3802=ORIENTED_EDGE('',*,*,#2838,.F.);
#3803=ORIENTED_EDGE('',*,*,#2839,.F.);
#3804=ORIENTED_EDGE('',*,*,#2840,.F.);
#3805=ORIENTED_EDGE('',*,*,#2841,.T.);
#3806=ORIENTED_EDGE('',*,*,#2842,.F.);
#3807=ORIENTED_EDGE('',*,*,#2843,.T.);
#3808=ORIENTED_EDGE('',*,*,#2844,.T.);
#3809=ORIENTED_EDGE('',*,*,#2845,.T.);
#3810=ORIENTED_EDGE('',*,*,#2846,.T.);
#3811=ORIENTED_EDGE('',*,*,#2839,.T.);
#3812=ORIENTED_EDGE('',*,*,#2847,.F.);
#3813=ORIENTED_EDGE('',*,*,#2842,.T.);
#3814=ORIENTED_EDGE('',*,*,#2848,.T.);
#3815=ORIENTED_EDGE('',*,*,#2849,.T.);
#3816=ORIENTED_EDGE('',*,*,#2844,.F.);
#3817=ORIENTED_EDGE('',*,*,#2850,.F.);
#3818=ORIENTED_EDGE('',*,*,#2841,.F.);
#3819=ORIENTED_EDGE('',*,*,#2851,.T.);
#3820=ORIENTED_EDGE('',*,*,#2851,.F.);
#3821=ORIENTED_EDGE('',*,*,#2840,.T.);
#3822=ORIENTED_EDGE('',*,*,#2846,.F.);
#3823=ORIENTED_EDGE('',*,*,#2852,.T.);
#3824=ORIENTED_EDGE('',*,*,#2852,.F.);
#3825=ORIENTED_EDGE('',*,*,#2848,.F.);
#3826=ORIENTED_EDGE('',*,*,#2845,.F.);
#3827=ORIENTED_EDGE('',*,*,#2849,.F.);
#3828=ORIENTED_EDGE('',*,*,#2833,.T.);
#3829=ORIENTED_EDGE('',*,*,#2853,.T.);
#3830=ORIENTED_EDGE('',*,*,#2854,.T.);
#3831=ORIENTED_EDGE('',*,*,#2847,.T.);
#3832=ORIENTED_EDGE('',*,*,#2855,.F.);
#3833=ORIENTED_EDGE('',*,*,#2856,.F.);
#3834=ORIENTED_EDGE('',*,*,#2857,.F.);
#3835=ORIENTED_EDGE('',*,*,#2858,.F.);
#3836=ORIENTED_EDGE('',*,*,#2859,.F.);
#3837=ORIENTED_EDGE('',*,*,#2860,.T.);
#3838=ORIENTED_EDGE('',*,*,#2861,.F.);
#3839=ORIENTED_EDGE('',*,*,#2862,.T.);
#3840=ORIENTED_EDGE('',*,*,#2863,.T.);
#3841=ORIENTED_EDGE('',*,*,#2864,.T.);
#3842=ORIENTED_EDGE('',*,*,#2865,.T.);
#3843=ORIENTED_EDGE('',*,*,#2858,.T.);
#3844=ORIENTED_EDGE('',*,*,#2866,.F.);
#3845=ORIENTED_EDGE('',*,*,#2861,.T.);
#3846=ORIENTED_EDGE('',*,*,#2867,.T.);
#3847=ORIENTED_EDGE('',*,*,#2868,.T.);
#3848=ORIENTED_EDGE('',*,*,#2863,.F.);
#3849=ORIENTED_EDGE('',*,*,#2869,.F.);
#3850=ORIENTED_EDGE('',*,*,#2860,.F.);
#3851=ORIENTED_EDGE('',*,*,#2870,.T.);
#3852=ORIENTED_EDGE('',*,*,#2870,.F.);
#3853=ORIENTED_EDGE('',*,*,#2859,.T.);
#3854=ORIENTED_EDGE('',*,*,#2865,.F.);
#3855=ORIENTED_EDGE('',*,*,#2871,.T.);
#3856=ORIENTED_EDGE('',*,*,#2871,.F.);
#3857=ORIENTED_EDGE('',*,*,#2867,.F.);
#3858=ORIENTED_EDGE('',*,*,#2864,.F.);
#3859=ORIENTED_EDGE('',*,*,#2868,.F.);
#3860=ORIENTED_EDGE('',*,*,#2850,.T.);
#3861=ORIENTED_EDGE('',*,*,#2872,.T.);
#3862=ORIENTED_EDGE('',*,*,#2866,.T.);
#3863=ORIENTED_EDGE('',*,*,#2873,.F.);
#3864=ORIENTED_EDGE('',*,*,#2874,.F.);
#3865=ORIENTED_EDGE('',*,*,#2875,.F.);
#3866=ORIENTED_EDGE('',*,*,#2876,.F.);
#3867=ORIENTED_EDGE('',*,*,#2877,.T.);
#3868=ORIENTED_EDGE('',*,*,#2878,.F.);
#3869=ORIENTED_EDGE('',*,*,#2879,.T.);
#3870=ORIENTED_EDGE('',*,*,#2880,.T.);
#3871=ORIENTED_EDGE('',*,*,#2881,.T.);
#3872=ORIENTED_EDGE('',*,*,#2882,.T.);
#3873=ORIENTED_EDGE('',*,*,#2875,.T.);
#3874=ORIENTED_EDGE('',*,*,#2883,.F.);
#3875=ORIENTED_EDGE('',*,*,#2878,.T.);
#3876=ORIENTED_EDGE('',*,*,#2884,.T.);
#3877=ORIENTED_EDGE('',*,*,#2885,.T.);
#3878=ORIENTED_EDGE('',*,*,#2880,.F.);
#3879=ORIENTED_EDGE('',*,*,#2886,.F.);
#3880=ORIENTED_EDGE('',*,*,#2877,.F.);
#3881=ORIENTED_EDGE('',*,*,#2887,.T.);
#3882=ORIENTED_EDGE('',*,*,#2887,.F.);
#3883=ORIENTED_EDGE('',*,*,#2876,.T.);
#3884=ORIENTED_EDGE('',*,*,#2882,.F.);
#3885=ORIENTED_EDGE('',*,*,#2888,.T.);
#3886=ORIENTED_EDGE('',*,*,#2888,.F.);
#3887=ORIENTED_EDGE('',*,*,#2884,.F.);
#3888=ORIENTED_EDGE('',*,*,#2881,.F.);
#3889=ORIENTED_EDGE('',*,*,#2885,.F.);
#3890=ORIENTED_EDGE('',*,*,#2869,.T.);
#3891=ORIENTED_EDGE('',*,*,#2889,.T.);
#3892=ORIENTED_EDGE('',*,*,#2883,.T.);
#3893=ORIENTED_EDGE('',*,*,#2890,.F.);
#3894=ORIENTED_EDGE('',*,*,#2891,.F.);
#3895=ORIENTED_EDGE('',*,*,#2892,.F.);
#3896=ORIENTED_EDGE('',*,*,#2893,.F.);
#3897=ORIENTED_EDGE('',*,*,#2894,.T.);
#3898=ORIENTED_EDGE('',*,*,#2895,.F.);
#3899=ORIENTED_EDGE('',*,*,#2896,.T.);
#3900=ORIENTED_EDGE('',*,*,#2897,.T.);
#3901=ORIENTED_EDGE('',*,*,#2898,.T.);
#3902=ORIENTED_EDGE('',*,*,#2899,.T.);
#3903=ORIENTED_EDGE('',*,*,#2892,.T.);
#3904=ORIENTED_EDGE('',*,*,#2900,.F.);
#3905=ORIENTED_EDGE('',*,*,#2895,.T.);
#3906=ORIENTED_EDGE('',*,*,#2901,.T.);
#3907=ORIENTED_EDGE('',*,*,#2902,.T.);
#3908=ORIENTED_EDGE('',*,*,#2897,.F.);
#3909=ORIENTED_EDGE('',*,*,#2734,.F.);
#3910=ORIENTED_EDGE('',*,*,#2894,.F.);
#3911=ORIENTED_EDGE('',*,*,#2903,.T.);
#3912=ORIENTED_EDGE('',*,*,#2903,.F.);
#3913=ORIENTED_EDGE('',*,*,#2893,.T.);
#3914=ORIENTED_EDGE('',*,*,#2899,.F.);
#3915=ORIENTED_EDGE('',*,*,#2904,.T.);
#3916=ORIENTED_EDGE('',*,*,#2904,.F.);
#3917=ORIENTED_EDGE('',*,*,#2901,.F.);
#3918=ORIENTED_EDGE('',*,*,#2898,.F.);
#3919=ORIENTED_EDGE('',*,*,#2902,.F.);
#3920=ORIENTED_EDGE('',*,*,#2900,.T.);
#3921=ORIENTED_EDGE('',*,*,#2905,.F.);
#3922=ORIENTED_EDGE('',*,*,#2906,.T.);
#3923=ORIENTED_EDGE('',*,*,#2907,.T.);
#3924=ORIENTED_EDGE('',*,*,#2908,.F.);
#3925=ORIENTED_EDGE('',*,*,#2909,.F.);
#3926=ORIENTED_EDGE('',*,*,#2910,.F.);
#3927=ORIENTED_EDGE('',*,*,#2911,.T.);
#3928=ORIENTED_EDGE('',*,*,#2912,.F.);
#3929=ORIENTED_EDGE('',*,*,#2913,.T.);
#3930=ORIENTED_EDGE('',*,*,#2914,.T.);
#3931=ORIENTED_EDGE('',*,*,#2915,.T.);
#3932=ORIENTED_EDGE('',*,*,#2916,.T.);
#3933=ORIENTED_EDGE('',*,*,#2909,.T.);
#3934=ORIENTED_EDGE('',*,*,#2917,.F.);
#3935=ORIENTED_EDGE('',*,*,#2912,.T.);
#3936=ORIENTED_EDGE('',*,*,#2918,.T.);
#3937=ORIENTED_EDGE('',*,*,#2919,.T.);
#3938=ORIENTED_EDGE('',*,*,#2914,.F.);
#3939=ORIENTED_EDGE('',*,*,#2906,.F.);
#3940=ORIENTED_EDGE('',*,*,#2911,.F.);
#3941=ORIENTED_EDGE('',*,*,#2920,.T.);
#3942=ORIENTED_EDGE('',*,*,#2920,.F.);
#3943=ORIENTED_EDGE('',*,*,#2910,.T.);
#3944=ORIENTED_EDGE('',*,*,#2916,.F.);
#3945=ORIENTED_EDGE('',*,*,#2921,.T.);
#3946=ORIENTED_EDGE('',*,*,#2921,.F.);
#3947=ORIENTED_EDGE('',*,*,#2918,.F.);
#3948=ORIENTED_EDGE('',*,*,#2915,.F.);
#3949=ORIENTED_EDGE('',*,*,#2919,.F.);
#3950=ORIENTED_EDGE('',*,*,#2917,.T.);
#3951=ORIENTED_EDGE('',*,*,#2922,.F.);
#3952=ORIENTED_EDGE('',*,*,#2923,.T.);
#3953=ORIENTED_EDGE('',*,*,#2924,.T.);
#3954=ORIENTED_EDGE('',*,*,#2925,.F.);
#3955=ORIENTED_EDGE('',*,*,#2926,.F.);
#3956=ORIENTED_EDGE('',*,*,#2927,.T.);
#3957=ORIENTED_EDGE('',*,*,#2928,.T.);
#3958=ORIENTED_EDGE('',*,*,#2929,.T.);
#3959=ORIENTED_EDGE('',*,*,#2930,.F.);
#3960=ORIENTED_EDGE('',*,*,#2931,.F.);
#3961=ORIENTED_EDGE('',*,*,#2932,.T.);
#3962=ORIENTED_EDGE('',*,*,#2933,.F.);
#3963=ORIENTED_EDGE('',*,*,#2934,.F.);
#3964=ORIENTED_EDGE('',*,*,#2929,.F.);
#3965=ORIENTED_EDGE('',*,*,#2923,.F.);
#3966=ORIENTED_EDGE('',*,*,#2928,.F.);
#3967=ORIENTED_EDGE('',*,*,#2935,.F.);
#3968=ORIENTED_EDGE('',*,*,#2936,.F.);
#3969=ORIENTED_EDGE('',*,*,#2926,.T.);
#3970=ORIENTED_EDGE('',*,*,#2937,.F.);
#3971=ORIENTED_EDGE('',*,*,#2931,.T.);
#3972=ORIENTED_EDGE('',*,*,#2936,.T.);
#3973=ORIENTED_EDGE('',*,*,#2938,.F.);
#3974=ORIENTED_EDGE('',*,*,#2933,.T.);
#3975=ORIENTED_EDGE('',*,*,#2927,.F.);
#3976=ORIENTED_EDGE('',*,*,#2938,.T.);
#3977=ORIENTED_EDGE('',*,*,#2935,.T.);
#3978=ORIENTED_EDGE('',*,*,#2930,.T.);
#3979=ORIENTED_EDGE('',*,*,#2934,.T.);
#3980=ORIENTED_EDGE('',*,*,#2937,.T.);
#3981=ORIENTED_EDGE('',*,*,#2939,.F.);
#3982=ORIENTED_EDGE('',*,*,#2940,.T.);
#3983=ORIENTED_EDGE('',*,*,#2941,.T.);
#3984=ORIENTED_EDGE('',*,*,#2942,.F.);
#3985=ORIENTED_EDGE('',*,*,#2943,.F.);
#3986=ORIENTED_EDGE('',*,*,#2944,.T.);
#3987=ORIENTED_EDGE('',*,*,#2945,.T.);
#3988=ORIENTED_EDGE('',*,*,#2946,.T.);
#3989=ORIENTED_EDGE('',*,*,#2947,.F.);
#3990=ORIENTED_EDGE('',*,*,#2948,.F.);
#3991=ORIENTED_EDGE('',*,*,#2949,.T.);
#3992=ORIENTED_EDGE('',*,*,#2950,.F.);
#3993=ORIENTED_EDGE('',*,*,#2951,.F.);
#3994=ORIENTED_EDGE('',*,*,#2946,.F.);
#3995=ORIENTED_EDGE('',*,*,#2940,.F.);
#3996=ORIENTED_EDGE('',*,*,#2945,.F.);
#3997=ORIENTED_EDGE('',*,*,#2952,.F.);
#3998=ORIENTED_EDGE('',*,*,#2953,.F.);
#3999=ORIENTED_EDGE('',*,*,#2943,.T.);
#4000=ORIENTED_EDGE('',*,*,#2954,.F.);
#4001=ORIENTED_EDGE('',*,*,#2948,.T.);
#4002=ORIENTED_EDGE('',*,*,#2953,.T.);
#4003=ORIENTED_EDGE('',*,*,#2955,.F.);
#4004=ORIENTED_EDGE('',*,*,#2950,.T.);
#4005=ORIENTED_EDGE('',*,*,#2944,.F.);
#4006=ORIENTED_EDGE('',*,*,#2955,.T.);
#4007=ORIENTED_EDGE('',*,*,#2952,.T.);
#4008=ORIENTED_EDGE('',*,*,#2947,.T.);
#4009=ORIENTED_EDGE('',*,*,#2951,.T.);
#4010=ORIENTED_EDGE('',*,*,#2956,.F.);
#4011=ORIENTED_EDGE('',*,*,#2957,.T.);
#4012=ORIENTED_EDGE('',*,*,#2958,.F.);
#4013=ORIENTED_EDGE('',*,*,#2959,.F.);
#4014=ORIENTED_EDGE('',*,*,#2960,.F.);
#4015=ORIENTED_EDGE('',*,*,#2959,.T.);
#4016=ORIENTED_EDGE('',*,*,#2961,.F.);
#4017=ORIENTED_EDGE('',*,*,#2962,.F.);
#4018=ORIENTED_EDGE('',*,*,#2963,.F.);
#4019=ORIENTED_EDGE('',*,*,#2962,.T.);
#4020=ORIENTED_EDGE('',*,*,#2964,.F.);
#4021=ORIENTED_EDGE('',*,*,#2965,.F.);
#4022=ORIENTED_EDGE('',*,*,#2966,.F.);
#4023=ORIENTED_EDGE('',*,*,#2965,.T.);
#4024=ORIENTED_EDGE('',*,*,#2967,.F.);
#4025=ORIENTED_EDGE('',*,*,#2957,.F.);
#4026=ORIENTED_EDGE('',*,*,#2968,.F.);
#4027=ORIENTED_EDGE('',*,*,#2969,.T.);
#4028=ORIENTED_EDGE('',*,*,#2970,.F.);
#4029=ORIENTED_EDGE('',*,*,#2971,.F.);
#4030=ORIENTED_EDGE('',*,*,#2972,.F.);
#4031=ORIENTED_EDGE('',*,*,#2971,.T.);
#4032=ORIENTED_EDGE('',*,*,#2973,.F.);
#4033=ORIENTED_EDGE('',*,*,#2974,.F.);
#4034=ORIENTED_EDGE('',*,*,#2975,.F.);
#4035=ORIENTED_EDGE('',*,*,#2974,.T.);
#4036=ORIENTED_EDGE('',*,*,#2976,.F.);
#4037=ORIENTED_EDGE('',*,*,#2977,.F.);
#4038=ORIENTED_EDGE('',*,*,#2978,.F.);
#4039=ORIENTED_EDGE('',*,*,#2977,.T.);
#4040=ORIENTED_EDGE('',*,*,#2979,.F.);
#4041=ORIENTED_EDGE('',*,*,#2969,.F.);
#4042=ORIENTED_EDGE('',*,*,#2980,.F.);
#4043=ORIENTED_EDGE('',*,*,#2981,.T.);
#4044=ORIENTED_EDGE('',*,*,#2982,.F.);
#4045=ORIENTED_EDGE('',*,*,#2983,.F.);
#4046=ORIENTED_EDGE('',*,*,#2984,.F.);
#4047=ORIENTED_EDGE('',*,*,#2985,.T.);
#4048=ORIENTED_EDGE('',*,*,#2986,.F.);
#4049=ORIENTED_EDGE('',*,*,#2987,.F.);
#4050=ORIENTED_EDGE('',*,*,#2988,.F.);
#4051=ORIENTED_EDGE('',*,*,#2989,.T.);
#4052=ORIENTED_EDGE('',*,*,#2982,.T.);
#4053=ORIENTED_EDGE('',*,*,#2990,.T.);
#4054=ORIENTED_EDGE('',*,*,#2991,.F.);
#4055=ORIENTED_EDGE('',*,*,#2992,.T.);
#4056=ORIENTED_EDGE('',*,*,#2993,.F.);
#4057=ORIENTED_EDGE('',*,*,#2994,.T.);
#4058=ORIENTED_EDGE('',*,*,#2986,.T.);
#4059=ORIENTED_EDGE('',*,*,#2995,.T.);
#4060=ORIENTED_EDGE('',*,*,#2996,.F.);
#4061=ORIENTED_EDGE('',*,*,#2855,.T.);
#4062=ORIENTED_EDGE('',*,*,#2838,.T.);
#4063=ORIENTED_EDGE('',*,*,#2873,.T.);
#4064=ORIENTED_EDGE('',*,*,#2857,.T.);
#4065=ORIENTED_EDGE('',*,*,#2890,.T.);
#4066=ORIENTED_EDGE('',*,*,#2874,.T.);
#4067=ORIENTED_EDGE('',*,*,#2997,.T.);
#4068=ORIENTED_EDGE('',*,*,#2979,.T.);
#4069=ORIENTED_EDGE('',*,*,#2976,.T.);
#4070=ORIENTED_EDGE('',*,*,#2973,.T.);
#4071=ORIENTED_EDGE('',*,*,#2970,.T.);
#4072=ORIENTED_EDGE('',*,*,#2967,.T.);
#4073=ORIENTED_EDGE('',*,*,#2964,.T.);
#4074=ORIENTED_EDGE('',*,*,#2961,.T.);
#4075=ORIENTED_EDGE('',*,*,#2958,.T.);
#4076=ORIENTED_EDGE('',*,*,#2998,.F.);
#4077=ORIENTED_EDGE('',*,*,#2999,.F.);
#4078=ORIENTED_EDGE('',*,*,#3000,.F.);
#4079=ORIENTED_EDGE('',*,*,#3001,.F.);
#4080=ORIENTED_EDGE('',*,*,#2983,.T.);
#4081=ORIENTED_EDGE('',*,*,#2989,.F.);
#4082=ORIENTED_EDGE('',*,*,#3002,.F.);
#4083=ORIENTED_EDGE('',*,*,#3003,.F.);
#4084=ORIENTED_EDGE('',*,*,#3004,.F.);
#4085=ORIENTED_EDGE('',*,*,#3005,.F.);
#4086=ORIENTED_EDGE('',*,*,#2987,.T.);
#4087=ORIENTED_EDGE('',*,*,#2994,.F.);
#4088=ORIENTED_EDGE('',*,*,#2996,.T.);
#4089=ORIENTED_EDGE('',*,*,#3006,.T.);
#4090=ORIENTED_EDGE('',*,*,#3007,.T.);
#4091=ORIENTED_EDGE('',*,*,#3002,.T.);
#4092=ORIENTED_EDGE('',*,*,#2993,.T.);
#4093=ORIENTED_EDGE('',*,*,#3008,.T.);
#4094=ORIENTED_EDGE('',*,*,#3009,.T.);
#4095=ORIENTED_EDGE('',*,*,#3010,.T.);
#4096=ORIENTED_EDGE('',*,*,#3011,.T.);
#4097=ORIENTED_EDGE('',*,*,#3012,.T.);
#4098=ORIENTED_EDGE('',*,*,#3013,.T.);
#4099=ORIENTED_EDGE('',*,*,#2771,.T.);
#4100=ORIENTED_EDGE('',*,*,#2773,.T.);
#4101=ORIENTED_EDGE('',*,*,#2803,.T.);
#4102=ORIENTED_EDGE('',*,*,#2787,.T.);
#4103=ORIENTED_EDGE('',*,*,#2820,.T.);
#4104=ORIENTED_EDGE('',*,*,#2804,.T.);
#4105=ORIENTED_EDGE('',*,*,#2837,.T.);
#4106=ORIENTED_EDGE('',*,*,#2821,.T.);
#4107=ORIENTED_EDGE('',*,*,#2856,.T.);
#4108=ORIENTED_EDGE('',*,*,#3014,.T.);
#4109=ORIENTED_EDGE('',*,*,#3015,.T.);
#4110=ORIENTED_EDGE('',*,*,#3016,.T.);
#4111=ORIENTED_EDGE('',*,*,#3017,.T.);
#4112=ORIENTED_EDGE('',*,*,#3018,.T.);
#4113=ORIENTED_EDGE('',*,*,#3019,.T.);
#4114=ORIENTED_EDGE('',*,*,#3020,.T.);
#4115=ORIENTED_EDGE('',*,*,#3021,.T.);
#4116=ORIENTED_EDGE('',*,*,#2988,.T.);
#4117=ORIENTED_EDGE('',*,*,#3022,.T.);
#4118=ORIENTED_EDGE('',*,*,#2942,.T.);
#4119=ORIENTED_EDGE('',*,*,#2939,.T.);
#4120=ORIENTED_EDGE('',*,*,#2925,.T.);
#4121=ORIENTED_EDGE('',*,*,#2922,.T.);
#4122=ORIENTED_EDGE('',*,*,#2908,.T.);
#4123=ORIENTED_EDGE('',*,*,#2905,.T.);
#4124=ORIENTED_EDGE('',*,*,#2891,.T.);
#4125=ORIENTED_EDGE('',*,*,#2733,.T.);
#4126=ORIENTED_EDGE('',*,*,#3023,.T.);
#4127=ORIENTED_EDGE('',*,*,#3024,.T.);
#4128=ORIENTED_EDGE('',*,*,#3025,.T.);
#4129=ORIENTED_EDGE('',*,*,#3026,.T.);
#4130=ORIENTED_EDGE('',*,*,#3027,.T.);
#4131=ORIENTED_EDGE('',*,*,#3028,.T.);
#4132=ORIENTED_EDGE('',*,*,#2991,.T.);
#4133=ORIENTED_EDGE('',*,*,#3029,.T.);
#4134=ORIENTED_EDGE('',*,*,#3030,.T.);
#4135=ORIENTED_EDGE('',*,*,#2998,.T.);
#4136=ORIENTED_EDGE('',*,*,#3031,.T.);
#4137=ORIENTED_EDGE('',*,*,#3032,.T.);
#4138=ORIENTED_EDGE('',*,*,#3033,.T.);
#4139=ORIENTED_EDGE('',*,*,#3034,.T.);
#4140=ORIENTED_EDGE('',*,*,#3035,.T.);
#4141=ORIENTED_EDGE('',*,*,#3036,.T.);
#4142=ORIENTED_EDGE('',*,*,#3037,.T.);
#4143=ORIENTED_EDGE('',*,*,#3038,.T.);
#4144=ORIENTED_EDGE('',*,*,#3039,.F.);
#4145=ORIENTED_EDGE('',*,*,#3040,.T.);
#4146=ORIENTED_EDGE('',*,*,#3041,.F.);
#4147=ORIENTED_EDGE('',*,*,#3042,.F.);
#4148=ORIENTED_EDGE('',*,*,#3043,.F.);
#4149=ORIENTED_EDGE('',*,*,#3042,.T.);
#4150=ORIENTED_EDGE('',*,*,#3044,.F.);
#4151=ORIENTED_EDGE('',*,*,#3045,.F.);
#4152=ORIENTED_EDGE('',*,*,#3046,.F.);
#4153=ORIENTED_EDGE('',*,*,#3045,.T.);
#4154=ORIENTED_EDGE('',*,*,#3047,.F.);
#4155=ORIENTED_EDGE('',*,*,#3048,.F.);
#4156=ORIENTED_EDGE('',*,*,#3049,.F.);
#4157=ORIENTED_EDGE('',*,*,#3048,.T.);
#4158=ORIENTED_EDGE('',*,*,#3050,.F.);
#4159=ORIENTED_EDGE('',*,*,#3040,.F.);
#4160=ORIENTED_EDGE('',*,*,#3051,.F.);
#4161=ORIENTED_EDGE('',*,*,#3052,.T.);
#4162=ORIENTED_EDGE('',*,*,#3053,.F.);
#4163=ORIENTED_EDGE('',*,*,#3054,.F.);
#4164=ORIENTED_EDGE('',*,*,#3055,.F.);
#4165=ORIENTED_EDGE('',*,*,#3054,.T.);
#4166=ORIENTED_EDGE('',*,*,#3056,.F.);
#4167=ORIENTED_EDGE('',*,*,#3057,.F.);
#4168=ORIENTED_EDGE('',*,*,#3058,.F.);
#4169=ORIENTED_EDGE('',*,*,#3057,.T.);
#4170=ORIENTED_EDGE('',*,*,#3059,.F.);
#4171=ORIENTED_EDGE('',*,*,#3060,.F.);
#4172=ORIENTED_EDGE('',*,*,#3061,.F.);
#4173=ORIENTED_EDGE('',*,*,#3060,.T.);
#4174=ORIENTED_EDGE('',*,*,#3062,.F.);
#4175=ORIENTED_EDGE('',*,*,#3052,.F.);
#4176=ORIENTED_EDGE('',*,*,#3063,.F.);
#4177=ORIENTED_EDGE('',*,*,#3064,.T.);
#4178=ORIENTED_EDGE('',*,*,#3065,.F.);
#4179=ORIENTED_EDGE('',*,*,#3066,.F.);
#4180=ORIENTED_EDGE('',*,*,#3067,.F.);
#4181=ORIENTED_EDGE('',*,*,#3068,.T.);
#4182=ORIENTED_EDGE('',*,*,#3069,.F.);
#4183=ORIENTED_EDGE('',*,*,#3070,.F.);
#4184=ORIENTED_EDGE('',*,*,#3013,.F.);
#4185=ORIENTED_EDGE('',*,*,#3071,.T.);
#4186=ORIENTED_EDGE('',*,*,#3065,.T.);
#4187=ORIENTED_EDGE('',*,*,#3072,.T.);
#4188=ORIENTED_EDGE('',*,*,#3009,.F.);
#4189=ORIENTED_EDGE('',*,*,#3073,.T.);
#4190=ORIENTED_EDGE('',*,*,#3027,.F.);
#4191=ORIENTED_EDGE('',*,*,#3074,.T.);
#4192=ORIENTED_EDGE('',*,*,#3069,.T.);
#4193=ORIENTED_EDGE('',*,*,#3075,.T.);
#4194=ORIENTED_EDGE('',*,*,#3023,.F.);
#4195=ORIENTED_EDGE('',*,*,#2732,.T.);
#4196=ORIENTED_EDGE('',*,*,#2714,.T.);
#4197=ORIENTED_EDGE('',*,*,#2731,.T.);
#4198=ORIENTED_EDGE('',*,*,#2737,.T.);
#4199=ORIENTED_EDGE('',*,*,#2753,.T.);
#4200=ORIENTED_EDGE('',*,*,#2754,.T.);
#4201=ORIENTED_EDGE('',*,*,#2772,.T.);
#4202=ORIENTED_EDGE('',*,*,#3062,.T.);
#4203=ORIENTED_EDGE('',*,*,#3059,.T.);
#4204=ORIENTED_EDGE('',*,*,#3056,.T.);
#4205=ORIENTED_EDGE('',*,*,#3053,.T.);
#4206=ORIENTED_EDGE('',*,*,#3050,.T.);
#4207=ORIENTED_EDGE('',*,*,#3047,.T.);
#4208=ORIENTED_EDGE('',*,*,#3044,.T.);
#4209=ORIENTED_EDGE('',*,*,#3041,.T.);
#4210=ORIENTED_EDGE('',*,*,#3076,.F.);
#4211=ORIENTED_EDGE('',*,*,#3077,.T.);
#4212=ORIENTED_EDGE('',*,*,#3024,.F.);
#4213=ORIENTED_EDGE('',*,*,#3075,.F.);
#4214=ORIENTED_EDGE('',*,*,#3068,.F.);
#4215=ORIENTED_EDGE('',*,*,#3078,.F.);
#4216=ORIENTED_EDGE('',*,*,#3079,.F.);
#4217=ORIENTED_EDGE('',*,*,#3080,.T.);
#4218=ORIENTED_EDGE('',*,*,#3038,.F.);
#4219=ORIENTED_EDGE('',*,*,#3081,.F.);
#4220=ORIENTED_EDGE('',*,*,#3082,.F.);
#4221=ORIENTED_EDGE('',*,*,#3081,.T.);
#4222=ORIENTED_EDGE('',*,*,#3037,.F.);
#4223=ORIENTED_EDGE('',*,*,#3083,.F.);
#4224=ORIENTED_EDGE('',*,*,#3084,.F.);
#4225=ORIENTED_EDGE('',*,*,#3083,.T.);
#4226=ORIENTED_EDGE('',*,*,#3036,.F.);
#4227=ORIENTED_EDGE('',*,*,#3085,.F.);
#4228=ORIENTED_EDGE('',*,*,#3086,.F.);
#4229=ORIENTED_EDGE('',*,*,#3085,.T.);
#4230=ORIENTED_EDGE('',*,*,#3035,.F.);
#4231=ORIENTED_EDGE('',*,*,#3080,.F.);
#4232=ORIENTED_EDGE('',*,*,#3087,.F.);
#4233=ORIENTED_EDGE('',*,*,#3088,.T.);
#4234=ORIENTED_EDGE('',*,*,#3034,.F.);
#4235=ORIENTED_EDGE('',*,*,#3089,.F.);
#4236=ORIENTED_EDGE('',*,*,#3090,.F.);
#4237=ORIENTED_EDGE('',*,*,#3089,.T.);
#4238=ORIENTED_EDGE('',*,*,#3033,.F.);
#4239=ORIENTED_EDGE('',*,*,#3091,.F.);
#4240=ORIENTED_EDGE('',*,*,#3092,.F.);
#4241=ORIENTED_EDGE('',*,*,#3091,.T.);
#4242=ORIENTED_EDGE('',*,*,#3032,.F.);
#4243=ORIENTED_EDGE('',*,*,#3093,.F.);
#4244=ORIENTED_EDGE('',*,*,#3094,.F.);
#4245=ORIENTED_EDGE('',*,*,#3093,.T.);
#4246=ORIENTED_EDGE('',*,*,#3031,.F.);
#4247=ORIENTED_EDGE('',*,*,#3088,.F.);
#4248=ORIENTED_EDGE('',*,*,#3095,.F.);
#4249=ORIENTED_EDGE('',*,*,#3096,.T.);
#4250=ORIENTED_EDGE('',*,*,#3025,.F.);
#4251=ORIENTED_EDGE('',*,*,#3077,.F.);
#4252=ORIENTED_EDGE('',*,*,#3097,.F.);
#4253=ORIENTED_EDGE('',*,*,#3098,.F.);
#4254=ORIENTED_EDGE('',*,*,#2879,.F.);
#4255=ORIENTED_EDGE('',*,*,#2889,.F.);
#4256=ORIENTED_EDGE('',*,*,#2862,.F.);
#4257=ORIENTED_EDGE('',*,*,#2872,.F.);
#4258=ORIENTED_EDGE('',*,*,#2843,.F.);
#4259=ORIENTED_EDGE('',*,*,#2854,.F.);
#4260=ORIENTED_EDGE('',*,*,#3099,.F.);
#4261=ORIENTED_EDGE('',*,*,#3100,.T.);
#4262=ORIENTED_EDGE('',*,*,#2984,.T.);
#4263=ORIENTED_EDGE('',*,*,#3005,.T.);
#4264=ORIENTED_EDGE('',*,*,#3101,.F.);
#4265=ORIENTED_EDGE('',*,*,#3102,.F.);
#4266=ORIENTED_EDGE('',*,*,#3103,.F.);
#4267=ORIENTED_EDGE('',*,*,#3104,.T.);
#4268=ORIENTED_EDGE('',*,*,#2980,.T.);
#4269=ORIENTED_EDGE('',*,*,#3001,.T.);
#4270=ORIENTED_EDGE('',*,*,#2966,.T.);
#4271=ORIENTED_EDGE('',*,*,#2956,.T.);
#4272=ORIENTED_EDGE('',*,*,#2960,.T.);
#4273=ORIENTED_EDGE('',*,*,#2963,.T.);
#4274=ORIENTED_EDGE('',*,*,#2978,.T.);
#4275=ORIENTED_EDGE('',*,*,#2968,.T.);
#4276=ORIENTED_EDGE('',*,*,#2972,.T.);
#4277=ORIENTED_EDGE('',*,*,#2975,.T.);
#4278=ORIENTED_EDGE('',*,*,#3105,.F.);
#4279=ORIENTED_EDGE('',*,*,#2999,.T.);
#4280=ORIENTED_EDGE('',*,*,#3030,.F.);
#4281=ORIENTED_EDGE('',*,*,#3106,.F.);
#4282=ORIENTED_EDGE('',*,*,#3107,.F.);
#4283=ORIENTED_EDGE('',*,*,#3106,.T.);
#4284=ORIENTED_EDGE('',*,*,#3029,.F.);
#4285=ORIENTED_EDGE('',*,*,#2990,.F.);
#4286=ORIENTED_EDGE('',*,*,#2981,.F.);
#4287=ORIENTED_EDGE('',*,*,#3104,.F.);
#4288=ORIENTED_EDGE('',*,*,#3026,.F.);
#4289=ORIENTED_EDGE('',*,*,#3096,.F.);
#4290=ORIENTED_EDGE('',*,*,#3108,.F.);
#4291=ORIENTED_EDGE('',*,*,#3109,.F.);
#4292=ORIENTED_EDGE('',*,*,#3070,.T.);
#4293=ORIENTED_EDGE('',*,*,#3074,.F.);
#4294=ORIENTED_EDGE('',*,*,#3000,.T.);
#4295=ORIENTED_EDGE('',*,*,#3105,.T.);
#4296=ORIENTED_EDGE('',*,*,#3107,.T.);
#4297=ORIENTED_EDGE('',*,*,#3103,.T.);
#4298=ORIENTED_EDGE('',*,*,#3110,.F.);
#4299=ORIENTED_EDGE('',*,*,#3111,.T.);
#4300=ORIENTED_EDGE('',*,*,#3108,.T.);
#4301=ORIENTED_EDGE('',*,*,#3095,.T.);
#4302=ORIENTED_EDGE('',*,*,#3076,.T.);
#4303=ORIENTED_EDGE('',*,*,#3112,.T.);
#4304=ORIENTED_EDGE('',*,*,#2735,.F.);
#4305=ORIENTED_EDGE('',*,*,#2896,.F.);
#4306=ORIENTED_EDGE('',*,*,#2907,.F.);
#4307=ORIENTED_EDGE('',*,*,#2913,.F.);
#4308=ORIENTED_EDGE('',*,*,#2924,.F.);
#4309=ORIENTED_EDGE('',*,*,#2932,.F.);
#4310=ORIENTED_EDGE('',*,*,#2941,.F.);
#4311=ORIENTED_EDGE('',*,*,#2949,.F.);
#4312=ORIENTED_EDGE('',*,*,#3113,.F.);
#4313=ORIENTED_EDGE('',*,*,#3097,.T.);
#4314=ORIENTED_EDGE('',*,*,#3094,.T.);
#4315=ORIENTED_EDGE('',*,*,#3087,.T.);
#4316=ORIENTED_EDGE('',*,*,#3090,.T.);
#4317=ORIENTED_EDGE('',*,*,#3092,.T.);
#4318=ORIENTED_EDGE('',*,*,#3086,.T.);
#4319=ORIENTED_EDGE('',*,*,#3079,.T.);
#4320=ORIENTED_EDGE('',*,*,#3082,.T.);
#4321=ORIENTED_EDGE('',*,*,#3084,.T.);
#4322=ORIENTED_EDGE('',*,*,#2886,.T.);
#4323=ORIENTED_EDGE('',*,*,#3098,.T.);
#4324=ORIENTED_EDGE('',*,*,#3113,.T.);
#4325=ORIENTED_EDGE('',*,*,#2954,.T.);
#4326=ORIENTED_EDGE('',*,*,#3022,.F.);
#4327=ORIENTED_EDGE('',*,*,#2997,.F.);
#4328=ORIENTED_EDGE('',*,*,#3114,.F.);
#4329=ORIENTED_EDGE('',*,*,#3115,.T.);
#4330=ORIENTED_EDGE('',*,*,#3010,.F.);
#4331=ORIENTED_EDGE('',*,*,#3072,.F.);
#4332=ORIENTED_EDGE('',*,*,#3064,.F.);
#4333=ORIENTED_EDGE('',*,*,#3116,.F.);
#4334=ORIENTED_EDGE('',*,*,#3117,.F.);
#4335=ORIENTED_EDGE('',*,*,#3118,.T.);
#4336=ORIENTED_EDGE('',*,*,#3021,.F.);
#4337=ORIENTED_EDGE('',*,*,#3119,.F.);
#4338=ORIENTED_EDGE('',*,*,#3120,.F.);
#4339=ORIENTED_EDGE('',*,*,#3119,.T.);
#4340=ORIENTED_EDGE('',*,*,#3020,.F.);
#4341=ORIENTED_EDGE('',*,*,#3121,.F.);
#4342=ORIENTED_EDGE('',*,*,#3122,.F.);
#4343=ORIENTED_EDGE('',*,*,#3121,.T.);
#4344=ORIENTED_EDGE('',*,*,#3019,.F.);
#4345=ORIENTED_EDGE('',*,*,#3123,.F.);
#4346=ORIENTED_EDGE('',*,*,#3124,.F.);
#4347=ORIENTED_EDGE('',*,*,#3123,.T.);
#4348=ORIENTED_EDGE('',*,*,#3018,.F.);
#4349=ORIENTED_EDGE('',*,*,#3118,.F.);
#4350=ORIENTED_EDGE('',*,*,#3125,.F.);
#4351=ORIENTED_EDGE('',*,*,#3126,.T.);
#4352=ORIENTED_EDGE('',*,*,#3017,.F.);
#4353=ORIENTED_EDGE('',*,*,#3127,.F.);
#4354=ORIENTED_EDGE('',*,*,#3128,.F.);
#4355=ORIENTED_EDGE('',*,*,#3127,.T.);
#4356=ORIENTED_EDGE('',*,*,#3016,.F.);
#4357=ORIENTED_EDGE('',*,*,#3129,.F.);
#4358=ORIENTED_EDGE('',*,*,#3130,.F.);
#4359=ORIENTED_EDGE('',*,*,#3129,.T.);
#4360=ORIENTED_EDGE('',*,*,#3015,.F.);
#4361=ORIENTED_EDGE('',*,*,#3131,.F.);
#4362=ORIENTED_EDGE('',*,*,#3132,.F.);
#4363=ORIENTED_EDGE('',*,*,#3131,.T.);
#4364=ORIENTED_EDGE('',*,*,#3014,.F.);
#4365=ORIENTED_EDGE('',*,*,#3126,.F.);
#4366=ORIENTED_EDGE('',*,*,#3133,.F.);
#4367=ORIENTED_EDGE('',*,*,#3003,.T.);
#4368=ORIENTED_EDGE('',*,*,#3007,.F.);
#4369=ORIENTED_EDGE('',*,*,#3134,.F.);
#4370=ORIENTED_EDGE('',*,*,#3135,.F.);
#4371=ORIENTED_EDGE('',*,*,#3134,.T.);
#4372=ORIENTED_EDGE('',*,*,#3006,.F.);
#4373=ORIENTED_EDGE('',*,*,#2995,.F.);
#4374=ORIENTED_EDGE('',*,*,#2985,.F.);
#4375=ORIENTED_EDGE('',*,*,#3100,.F.);
#4376=ORIENTED_EDGE('',*,*,#3136,.F.);
#4377=ORIENTED_EDGE('',*,*,#2768,.F.);
#4378=ORIENTED_EDGE('',*,*,#2761,.F.);
#4379=ORIENTED_EDGE('',*,*,#2751,.F.);
#4380=ORIENTED_EDGE('',*,*,#2744,.F.);
#4381=ORIENTED_EDGE('',*,*,#2729,.F.);
#4382=ORIENTED_EDGE('',*,*,#2721,.F.);
#4383=ORIENTED_EDGE('',*,*,#2736,.F.);
#4384=ORIENTED_EDGE('',*,*,#3112,.F.);
#4385=ORIENTED_EDGE('',*,*,#3078,.T.);
#4386=ORIENTED_EDGE('',*,*,#3067,.T.);
#4387=ORIENTED_EDGE('',*,*,#3109,.T.);
#4388=ORIENTED_EDGE('',*,*,#3111,.F.);
#4389=ORIENTED_EDGE('',*,*,#3137,.F.);
#4390=ORIENTED_EDGE('',*,*,#3138,.F.);
#4391=ORIENTED_EDGE('',*,*,#3116,.T.);
#4392=ORIENTED_EDGE('',*,*,#3063,.T.);
#4393=ORIENTED_EDGE('',*,*,#3139,.T.);
#4394=ORIENTED_EDGE('',*,*,#3049,.T.);
#4395=ORIENTED_EDGE('',*,*,#3039,.T.);
#4396=ORIENTED_EDGE('',*,*,#3043,.T.);
#4397=ORIENTED_EDGE('',*,*,#3046,.T.);
#4398=ORIENTED_EDGE('',*,*,#3061,.T.);
#4399=ORIENTED_EDGE('',*,*,#3051,.T.);
#4400=ORIENTED_EDGE('',*,*,#3055,.T.);
#4401=ORIENTED_EDGE('',*,*,#3058,.T.);
#4402=ORIENTED_EDGE('',*,*,#3012,.F.);
#4403=ORIENTED_EDGE('',*,*,#3140,.F.);
#4404=ORIENTED_EDGE('',*,*,#3141,.F.);
#4405=ORIENTED_EDGE('',*,*,#3139,.F.);
#4406=ORIENTED_EDGE('',*,*,#3066,.T.);
#4407=ORIENTED_EDGE('',*,*,#3071,.F.);
#4408=ORIENTED_EDGE('',*,*,#3142,.F.);
#4409=ORIENTED_EDGE('',*,*,#3140,.T.);
#4410=ORIENTED_EDGE('',*,*,#3011,.F.);
#4411=ORIENTED_EDGE('',*,*,#3115,.F.);
#4412=ORIENTED_EDGE('',*,*,#3102,.T.);
#4413=ORIENTED_EDGE('',*,*,#3143,.T.);
#4414=ORIENTED_EDGE('',*,*,#3137,.T.);
#4415=ORIENTED_EDGE('',*,*,#3110,.T.);
#4416=ORIENTED_EDGE('',*,*,#2992,.F.);
#4417=ORIENTED_EDGE('',*,*,#3028,.F.);
#4418=ORIENTED_EDGE('',*,*,#3073,.F.);
#4419=ORIENTED_EDGE('',*,*,#3008,.F.);
#4420=ORIENTED_EDGE('',*,*,#2769,.F.);
#4421=ORIENTED_EDGE('',*,*,#3136,.T.);
#4422=ORIENTED_EDGE('',*,*,#3141,.T.);
#4423=ORIENTED_EDGE('',*,*,#3142,.T.);
#4424=ORIENTED_EDGE('',*,*,#3114,.T.);
#4425=ORIENTED_EDGE('',*,*,#3138,.T.);
#4426=ORIENTED_EDGE('',*,*,#3143,.F.);
#4427=ORIENTED_EDGE('',*,*,#3101,.T.);
#4428=ORIENTED_EDGE('',*,*,#3004,.T.);
#4429=ORIENTED_EDGE('',*,*,#3133,.T.);
#4430=ORIENTED_EDGE('',*,*,#3135,.T.);
#4431=ORIENTED_EDGE('',*,*,#3099,.T.);
#4432=ORIENTED_EDGE('',*,*,#2853,.F.);
#4433=ORIENTED_EDGE('',*,*,#2826,.F.);
#4434=ORIENTED_EDGE('',*,*,#2836,.F.);
#4435=ORIENTED_EDGE('',*,*,#2809,.F.);
#4436=ORIENTED_EDGE('',*,*,#2819,.F.);
#4437=ORIENTED_EDGE('',*,*,#2794,.F.);
#4438=ORIENTED_EDGE('',*,*,#2802,.F.);
#4439=ORIENTED_EDGE('',*,*,#2780,.F.);
#4440=ORIENTED_EDGE('',*,*,#3132,.T.);
#4441=ORIENTED_EDGE('',*,*,#3125,.T.);
#4442=ORIENTED_EDGE('',*,*,#3128,.T.);
#4443=ORIENTED_EDGE('',*,*,#3130,.T.);
#4444=ORIENTED_EDGE('',*,*,#3124,.T.);
#4445=ORIENTED_EDGE('',*,*,#3117,.T.);
#4446=ORIENTED_EDGE('',*,*,#3120,.T.);
#4447=ORIENTED_EDGE('',*,*,#3122,.T.);
#4448=CYLINDRICAL_SURFACE('',#4706,0.25);
#4449=CYLINDRICAL_SURFACE('',#4724,0.375);
#4450=CYLINDRICAL_SURFACE('',#4729,0.0750000000000001);
#4451=ADVANCED_FACE('',(#280),#4448,.F.);
#4452=ADVANCED_FACE('',(#281),#39,.T.);
#4453=ADVANCED_FACE('',(#282),#40,.T.);
#4454=ADVANCED_FACE('',(#283),#41,.T.);
#4455=ADVANCED_FACE('',(#284),#42,.T.);
#4456=ADVANCED_FACE('',(#285),#43,.T.);
#4457=ADVANCED_FACE('',(#286),#44,.F.);
#4458=ADVANCED_FACE('',(#287,#17),#45,.T.);
#4459=ADVANCED_FACE('',(#288),#46,.F.);
#4460=ADVANCED_FACE('',(#289),#47,.F.);
#4461=ADVANCED_FACE('',(#290),#48,.F.);
#4462=ADVANCED_FACE('',(#291),#49,.F.);
#4463=ADVANCED_FACE('',(#292,#18),#50,.F.);
#4464=ADVANCED_FACE('',(#293),#51,.T.);
#4465=ADVANCED_FACE('',(#294),#52,.T.);
#4466=ADVANCED_FACE('',(#295),#4449,.F.);
#4467=ADVANCED_FACE('',(#296),#53,.T.);
#4468=ADVANCED_FACE('',(#297),#54,.T.);
#4469=ADVANCED_FACE('',(#298,#19,#20),#55,.T.);
#4470=ADVANCED_FACE('',(#299),#4450,.F.);
#4471=ADVANCED_FACE('',(#300),#56,.T.);
#4472=ADVANCED_FACE('',(#301),#57,.F.);
#4473=ADVANCED_FACE('',(#302),#58,.F.);
#4474=ADVANCED_FACE('',(#303),#59,.F.);
#4475=ADVANCED_FACE('',(#304),#60,.F.);
#4476=ADVANCED_FACE('',(#305),#61,.F.);
#4477=ADVANCED_FACE('',(#306),#62,.F.);
#4478=ADVANCED_FACE('',(#307),#63,.F.);
#4479=ADVANCED_FACE('',(#308),#64,.F.);
#4480=ADVANCED_FACE('',(#309),#65,.F.);
#4481=ADVANCED_FACE('',(#310),#66,.F.);
#4482=ADVANCED_FACE('',(#311),#67,.F.);
#4483=ADVANCED_FACE('',(#312),#68,.F.);
#4484=ADVANCED_FACE('',(#313),#69,.F.);
#4485=ADVANCED_FACE('',(#314),#70,.F.);
#4486=ADVANCED_FACE('',(#315),#71,.F.);
#4487=ADVANCED_FACE('',(#316),#72,.F.);
#4488=ADVANCED_FACE('',(#317),#73,.F.);
#4489=ADVANCED_FACE('',(#318),#74,.F.);
#4490=ADVANCED_FACE('',(#319),#75,.F.);
#4491=ADVANCED_FACE('',(#320),#76,.F.);
#4492=ADVANCED_FACE('',(#321),#77,.F.);
#4493=ADVANCED_FACE('',(#322),#78,.F.);
#4494=ADVANCED_FACE('',(#323),#79,.F.);
#4495=ADVANCED_FACE('',(#324),#80,.F.);
#4496=ADVANCED_FACE('',(#325),#81,.F.);
#4497=ADVANCED_FACE('',(#326),#82,.F.);
#4498=ADVANCED_FACE('',(#327),#83,.F.);
#4499=ADVANCED_FACE('',(#328),#84,.F.);
#4500=ADVANCED_FACE('',(#329),#85,.F.);
#4501=ADVANCED_FACE('',(#330),#86,.F.);
#4502=ADVANCED_FACE('',(#331),#87,.F.);
#4503=ADVANCED_FACE('',(#332),#88,.F.);
#4504=ADVANCED_FACE('',(#333),#89,.F.);
#4505=ADVANCED_FACE('',(#334),#90,.F.);
#4506=ADVANCED_FACE('',(#335),#91,.F.);
#4507=ADVANCED_FACE('',(#336),#92,.F.);
#4508=ADVANCED_FACE('',(#337),#93,.F.);
#4509=ADVANCED_FACE('',(#338),#94,.F.);
#4510=ADVANCED_FACE('',(#339),#95,.F.);
#4511=ADVANCED_FACE('',(#340),#96,.F.);
#4512=ADVANCED_FACE('',(#341),#97,.F.);
#4513=ADVANCED_FACE('',(#342),#98,.F.);
#4514=ADVANCED_FACE('',(#343),#99,.T.);
#4515=ADVANCED_FACE('',(#344),#100,.T.);
#4516=ADVANCED_FACE('',(#345),#101,.T.);
#4517=ADVANCED_FACE('',(#346),#102,.T.);
#4518=ADVANCED_FACE('',(#347),#103,.T.);
#4519=ADVANCED_FACE('',(#348),#104,.T.);
#4520=ADVANCED_FACE('',(#349),#105,.T.);
#4521=ADVANCED_FACE('',(#350),#106,.T.);
#4522=ADVANCED_FACE('',(#351),#107,.T.);
#4523=ADVANCED_FACE('',(#352),#108,.T.);
#4524=ADVANCED_FACE('',(#353),#109,.T.);
#4525=ADVANCED_FACE('',(#354),#110,.T.);
#4526=ADVANCED_FACE('',(#355,#21),#111,.T.);
#4527=ADVANCED_FACE('',(#356),#112,.T.);
#4528=ADVANCED_FACE('',(#357),#113,.T.);
#4529=ADVANCED_FACE('',(#358),#114,.T.);
#4530=ADVANCED_FACE('',(#359),#115,.T.);
#4531=ADVANCED_FACE('',(#360),#116,.T.);
#4532=ADVANCED_FACE('',(#361),#117,.T.);
#4533=ADVANCED_FACE('',(#362),#118,.T.);
#4534=ADVANCED_FACE('',(#363),#119,.T.);
#4535=ADVANCED_FACE('',(#364),#120,.T.);
#4536=ADVANCED_FACE('',(#365),#121,.T.);
#4537=ADVANCED_FACE('',(#366),#122,.T.);
#4538=ADVANCED_FACE('',(#367),#123,.T.);
#4539=ADVANCED_FACE('',(#368),#124,.T.);
#4540=ADVANCED_FACE('',(#369),#125,.T.);
#4541=ADVANCED_FACE('',(#370),#126,.T.);
#4542=ADVANCED_FACE('',(#371),#127,.T.);
#4543=ADVANCED_FACE('',(#372),#128,.T.);
#4544=ADVANCED_FACE('',(#373),#129,.T.);
#4545=ADVANCED_FACE('',(#374),#130,.T.);
#4546=ADVANCED_FACE('',(#375),#131,.T.);
#4547=ADVANCED_FACE('',(#376),#132,.T.);
#4548=ADVANCED_FACE('',(#377),#133,.T.);
#4549=ADVANCED_FACE('',(#378),#134,.T.);
#4550=ADVANCED_FACE('',(#379),#135,.T.);
#4551=ADVANCED_FACE('',(#380),#136,.T.);
#4552=ADVANCED_FACE('',(#381),#137,.T.);
#4553=ADVANCED_FACE('',(#382),#138,.T.);
#4554=ADVANCED_FACE('',(#383),#139,.T.);
#4555=ADVANCED_FACE('',(#384),#140,.T.);
#4556=ADVANCED_FACE('',(#385),#141,.T.);
#4557=ADVANCED_FACE('',(#386),#142,.T.);
#4558=ADVANCED_FACE('',(#387),#143,.T.);
#4559=ADVANCED_FACE('',(#388),#144,.T.);
#4560=ADVANCED_FACE('',(#389),#145,.T.);
#4561=ADVANCED_FACE('',(#390),#146,.T.);
#4562=ADVANCED_FACE('',(#391),#147,.T.);
#4563=ADVANCED_FACE('',(#392),#148,.T.);
#4564=ADVANCED_FACE('',(#393),#149,.T.);
#4565=ADVANCED_FACE('',(#394),#150,.T.);
#4566=ADVANCED_FACE('',(#395),#151,.T.);
#4567=ADVANCED_FACE('',(#396),#152,.T.);
#4568=ADVANCED_FACE('',(#397),#153,.T.);
#4569=ADVANCED_FACE('',(#398),#154,.F.);
#4570=ADVANCED_FACE('',(#399),#155,.F.);
#4571=ADVANCED_FACE('',(#400),#156,.F.);
#4572=ADVANCED_FACE('',(#401),#157,.F.);
#4573=ADVANCED_FACE('',(#402),#158,.F.);
#4574=ADVANCED_FACE('',(#403),#159,.F.);
#4575=ADVANCED_FACE('',(#404),#160,.T.);
#4576=ADVANCED_FACE('',(#405),#161,.F.);
#4577=ADVANCED_FACE('',(#406),#162,.F.);
#4578=ADVANCED_FACE('',(#407),#163,.F.);
#4579=ADVANCED_FACE('',(#408),#164,.F.);
#4580=ADVANCED_FACE('',(#409),#165,.F.);
#4581=ADVANCED_FACE('',(#410),#166,.F.);
#4582=ADVANCED_FACE('',(#411),#167,.T.);
#4583=ADVANCED_FACE('',(#412),#168,.F.);
#4584=ADVANCED_FACE('',(#413),#169,.F.);
#4585=ADVANCED_FACE('',(#414),#170,.F.);
#4586=ADVANCED_FACE('',(#415),#171,.F.);
#4587=ADVANCED_FACE('',(#416),#172,.F.);
#4588=ADVANCED_FACE('',(#417),#173,.F.);
#4589=ADVANCED_FACE('',(#418),#174,.T.);
#4590=ADVANCED_FACE('',(#419),#175,.F.);
#4591=ADVANCED_FACE('',(#420),#176,.F.);
#4592=ADVANCED_FACE('',(#421),#177,.F.);
#4593=ADVANCED_FACE('',(#422),#178,.F.);
#4594=ADVANCED_FACE('',(#423),#179,.F.);
#4595=ADVANCED_FACE('',(#424),#180,.F.);
#4596=ADVANCED_FACE('',(#425),#181,.T.);
#4597=ADVANCED_FACE('',(#426),#182,.F.);
#4598=ADVANCED_FACE('',(#427),#183,.F.);
#4599=ADVANCED_FACE('',(#428),#184,.F.);
#4600=ADVANCED_FACE('',(#429),#185,.F.);
#4601=ADVANCED_FACE('',(#430),#186,.F.);
#4602=ADVANCED_FACE('',(#431),#187,.F.);
#4603=ADVANCED_FACE('',(#432),#188,.T.);
#4604=ADVANCED_FACE('',(#433),#189,.F.);
#4605=ADVANCED_FACE('',(#434),#190,.F.);
#4606=ADVANCED_FACE('',(#435),#191,.F.);
#4607=ADVANCED_FACE('',(#436),#192,.F.);
#4608=ADVANCED_FACE('',(#437),#193,.F.);
#4609=ADVANCED_FACE('',(#438),#194,.F.);
#4610=ADVANCED_FACE('',(#439),#195,.T.);
#4611=ADVANCED_FACE('',(#440),#196,.F.);
#4612=ADVANCED_FACE('',(#441),#197,.F.);
#4613=ADVANCED_FACE('',(#442),#198,.F.);
#4614=ADVANCED_FACE('',(#443),#199,.F.);
#4615=ADVANCED_FACE('',(#444),#200,.F.);
#4616=ADVANCED_FACE('',(#445),#201,.F.);
#4617=ADVANCED_FACE('',(#446),#202,.T.);
#4618=ADVANCED_FACE('',(#447),#203,.T.);
#4619=ADVANCED_FACE('',(#448),#204,.T.);
#4620=ADVANCED_FACE('',(#449),#205,.T.);
#4621=ADVANCED_FACE('',(#450),#206,.T.);
#4622=ADVANCED_FACE('',(#451),#207,.T.);
#4623=ADVANCED_FACE('',(#452),#208,.T.);
#4624=ADVANCED_FACE('',(#453),#209,.T.);
#4625=ADVANCED_FACE('',(#454),#210,.T.);
#4626=ADVANCED_FACE('',(#455),#211,.T.);
#4627=ADVANCED_FACE('',(#456),#212,.T.);
#4628=ADVANCED_FACE('',(#457),#213,.T.);
#4629=ADVANCED_FACE('',(#458),#214,.T.);
#4630=ADVANCED_FACE('',(#459),#215,.T.);
#4631=ADVANCED_FACE('',(#460),#216,.T.);
#4632=ADVANCED_FACE('',(#461),#217,.T.);
#4633=ADVANCED_FACE('',(#462),#218,.T.);
#4634=ADVANCED_FACE('',(#463),#219,.T.);
#4635=ADVANCED_FACE('',(#464),#220,.T.);
#4636=ADVANCED_FACE('',(#465),#221,.T.);
#4637=ADVANCED_FACE('',(#466),#222,.T.);
#4638=ADVANCED_FACE('',(#467),#223,.T.);
#4639=ADVANCED_FACE('',(#468),#224,.T.);
#4640=ADVANCED_FACE('',(#469),#225,.T.);
#4641=ADVANCED_FACE('',(#470,#22,#23),#226,.T.);
#4642=ADVANCED_FACE('',(#471),#227,.T.);
#4643=ADVANCED_FACE('',(#472),#228,.T.);
#4644=ADVANCED_FACE('',(#473,#24,#25),#229,.T.);
#4645=ADVANCED_FACE('',(#474,#26,#27),#230,.T.);
#4646=ADVANCED_FACE('',(#475),#231,.T.);
#4647=ADVANCED_FACE('',(#476),#232,.T.);
#4648=ADVANCED_FACE('',(#477),#233,.T.);
#4649=ADVANCED_FACE('',(#478),#234,.T.);
#4650=ADVANCED_FACE('',(#479),#235,.T.);
#4651=ADVANCED_FACE('',(#480),#236,.T.);
#4652=ADVANCED_FACE('',(#481),#237,.T.);
#4653=ADVANCED_FACE('',(#482),#238,.T.);
#4654=ADVANCED_FACE('',(#483),#239,.T.);
#4655=ADVANCED_FACE('',(#484),#240,.T.);
#4656=ADVANCED_FACE('',(#485,#28,#29),#241,.T.);
#4657=ADVANCED_FACE('',(#486),#242,.T.);
#4658=ADVANCED_FACE('',(#487),#243,.T.);
#4659=ADVANCED_FACE('',(#488),#244,.T.);
#4660=ADVANCED_FACE('',(#489),#245,.T.);
#4661=ADVANCED_FACE('',(#490),#246,.T.);
#4662=ADVANCED_FACE('',(#491),#247,.T.);
#4663=ADVANCED_FACE('',(#492),#248,.T.);
#4664=ADVANCED_FACE('',(#493),#249,.T.);
#4665=ADVANCED_FACE('',(#494),#250,.T.);
#4666=ADVANCED_FACE('',(#495),#251,.T.);
#4667=ADVANCED_FACE('',(#496,#30,#31),#252,.T.);
#4668=ADVANCED_FACE('',(#497),#253,.T.);
#4669=ADVANCED_FACE('',(#498),#254,.T.);
#4670=ADVANCED_FACE('',(#499),#255,.T.);
#4671=ADVANCED_FACE('',(#500,#32,#33),#256,.T.);
#4672=ADVANCED_FACE('',(#501),#257,.T.);
#4673=ADVANCED_FACE('',(#502),#258,.T.);
#4674=ADVANCED_FACE('',(#503),#259,.T.);
#4675=ADVANCED_FACE('',(#504),#260,.T.);
#4676=ADVANCED_FACE('',(#505),#261,.T.);
#4677=ADVANCED_FACE('',(#506),#262,.T.);
#4678=ADVANCED_FACE('',(#507),#263,.T.);
#4679=ADVANCED_FACE('',(#508),#264,.T.);
#4680=ADVANCED_FACE('',(#509),#265,.T.);
#4681=ADVANCED_FACE('',(#510),#266,.T.);
#4682=ADVANCED_FACE('',(#511),#267,.T.);
#4683=ADVANCED_FACE('',(#512),#268,.T.);
#4684=ADVANCED_FACE('',(#513,#34,#35),#269,.T.);
#4685=ADVANCED_FACE('',(#514),#270,.T.);
#4686=ADVANCED_FACE('',(#515),#271,.T.);
#4687=ADVANCED_FACE('',(#516,#36),#272,.T.);
#4688=ADVANCED_FACE('',(#517,#37,#38),#273,.T.);
#4689=CLOSED_SHELL('',(#4451,#4452,#4453,#4454,#4455,#4456,#4457,#4458));
#4690=CLOSED_SHELL('',(#4459,#4460,#4461,#4462,#4463,#4464,#4465,#4466,
#4467,#4468,#4469));
#4691=CLOSED_SHELL('',(#4470,#4471,#4472,#4473,#4474,#4475,#4476,#4477,
#4478,#4479,#4480,#4481,#4482,#4483,#4484,#4485,#4486,#4487,#4488,#4489,
#4490,#4491,#4492,#4493,#4494,#4495,#4496,#4497,#4498,#4499,#4500,#4501,
#4502,#4503,#4504,#4505,#4506,#4507,#4508,#4509,#4510,#4511,#4512,#4513,
#4514,#4515,#4516,#4517,#4518,#4519,#4520,#4521,#4522,#4523,#4524,#4525,
#4526,#4527,#4528,#4529,#4530,#4531,#4532,#4533));
#4692=CLOSED_SHELL('',(#4534,#4535,#4536,#4537,#4538,#4539,#4540,#4541,
#4542,#4543,#4544,#4545,#4546,#4547,#4548,#4549,#4550,#4551,#4552,#4553,
#4554,#4555,#4556,#4557,#4558,#4559,#4560,#4561,#4562,#4563,#4564,#4565,
#4566,#4567,#4568,#4569,#4570,#4571,#4572,#4573,#4574,#4575,#4576,#4577,
#4578,#4579,#4580,#4581,#4582,#4583,#4584,#4585,#4586,#4587,#4588,#4589,
#4590,#4591,#4592,#4593,#4594,#4595,#4596,#4597,#4598,#4599,#4600,#4601,
#4602,#4603,#4604,#4605,#4606,#4607,#4608,#4609,#4610,#4611,#4612,#4613,
#4614,#4615,#4616,#4617,#4618,#4619,#4620,#4621,#4622,#4623,#4624,#4625,
#4626,#4627,#4628,#4629,#4630,#4631,#4632,#4633,#4634,#4635,#4636,#4637,
#4638,#4639,#4640,#4641,#4642,#4643,#4644,#4645,#4646,#4647,#4648,#4649,
#4650,#4651,#4652,#4653,#4654,#4655,#4656,#4657,#4658,#4659,#4660,#4661,
#4662,#4663,#4664,#4665,#4666,#4667,#4668,#4669,#4670,#4671,#4672,#4673,
#4674,#4675,#4676,#4677,#4678,#4679,#4680,#4681,#4682,#4683,#4684,#4685,
#4686,#4687,#4688));
#4693=DERIVED_UNIT_ELEMENT(#4695,1.);
#4694=DERIVED_UNIT_ELEMENT(#7398,-3.);
#4695=(
MASS_UNIT()
NAMED_UNIT(*)
SI_UNIT(.KILO.,.GRAM.)
);
#4696=DERIVED_UNIT((#4693,#4694));
#4697=MEASURE_REPRESENTATION_ITEM('density measure',
POSITIVE_RATIO_MEASURE(7850.),#4696);
#4698=PROPERTY_DEFINITION_REPRESENTATION(#4703,#4700);
#4699=PROPERTY_DEFINITION_REPRESENTATION(#4704,#4701);
#4700=REPRESENTATION('material name',(#4702),#7395);
#4701=REPRESENTATION('density',(#4697),#7395);
#4702=DESCRIPTIVE_REPRESENTATION_ITEM('Steel','Steel');
#4703=PROPERTY_DEFINITION('material property','material name',#7405);
#4704=PROPERTY_DEFINITION('material property','density of part',#7405);
#4705=AXIS2_PLACEMENT_3D('',#6086,#4950,#4951);
#4706=AXIS2_PLACEMENT_3D('',#6087,#4952,#4953);
#4707=AXIS2_PLACEMENT_3D('',#6089,#4954,#4955);
#4708=AXIS2_PLACEMENT_3D('',#6092,#4957,#4958);
#4709=AXIS2_PLACEMENT_3D('',#6093,#4959,#4960);
#4710=AXIS2_PLACEMENT_3D('',#6094,#4961,#4962);
#4711=AXIS2_PLACEMENT_3D('',#6103,#4967,#4968);
#4712=AXIS2_PLACEMENT_3D('',#6109,#4972,#4973);
#4713=AXIS2_PLACEMENT_3D('',#6115,#4977,#4978);
#4714=AXIS2_PLACEMENT_3D('',#6118,#4981,#4982);
#4715=AXIS2_PLACEMENT_3D('',#6119,#4983,#4984);
#4716=AXIS2_PLACEMENT_3D('',#6120,#4985,#4986);
#4717=AXIS2_PLACEMENT_3D('',#6129,#4991,#4992);
#4718=AXIS2_PLACEMENT_3D('',#6135,#4996,#4997);
#4719=AXIS2_PLACEMENT_3D('',#6138,#5000,#5001);
#4720=AXIS2_PLACEMENT_3D('',#6139,#5002,#5003);
#4721=AXIS2_PLACEMENT_3D('',#6149,#5008,#5009);
#4722=AXIS2_PLACEMENT_3D('',#6150,#5010,#5011);
#4723=AXIS2_PLACEMENT_3D('',#6156,#5015,#5016);
#4724=AXIS2_PLACEMENT_3D('',#6160,#5019,#5020);
#4725=AXIS2_PLACEMENT_3D('',#6162,#5021,#5022);
#4726=AXIS2_PLACEMENT_3D('',#6164,#5024,#5025);
#4727=AXIS2_PLACEMENT_3D('',#6168,#5028,#5029);
#4728=AXIS2_PLACEMENT_3D('',#6170,#5031,#5032);
#4729=AXIS2_PLACEMENT_3D('',#6171,#5033,#5034);
#4730=AXIS2_PLACEMENT_3D('',#6173,#5035,#5036);
#4731=AXIS2_PLACEMENT_3D('',#6176,#5038,#5039);
#4732=AXIS2_PLACEMENT_3D('',#6177,#5040,#5041);
#4733=AXIS2_PLACEMENT_3D('',#6178,#5042,#5043);
#4734=AXIS2_PLACEMENT_3D('',#6187,#5048,#5049);
#4735=AXIS2_PLACEMENT_3D('',#6193,#5053,#5054);
#4736=AXIS2_PLACEMENT_3D('',#6199,#5058,#5059);
#4737=AXIS2_PLACEMENT_3D('',#6208,#5064,#5065);
#4738=AXIS2_PLACEMENT_3D('',#6214,#5069,#5070);
#4739=AXIS2_PLACEMENT_3D('',#6220,#5074,#5075);
#4740=AXIS2_PLACEMENT_3D('',#6229,#5080,#5081);
#4741=AXIS2_PLACEMENT_3D('',#6235,#5085,#5086);
#4742=AXIS2_PLACEMENT_3D('',#6241,#5090,#5091);
#4743=AXIS2_PLACEMENT_3D('',#6250,#5096,#5097);
#4744=AXIS2_PLACEMENT_3D('',#6256,#5101,#5102);
#4745=AXIS2_PLACEMENT_3D('',#6262,#5106,#5107);
#4746=AXIS2_PLACEMENT_3D('',#6271,#5112,#5113);
#4747=AXIS2_PLACEMENT_3D('',#6277,#5117,#5118);
#4748=AXIS2_PLACEMENT_3D('',#6283,#5122,#5123);
#4749=AXIS2_PLACEMENT_3D('',#6292,#5128,#5129);
#4750=AXIS2_PLACEMENT_3D('',#6298,#5133,#5134);
#4751=AXIS2_PLACEMENT_3D('',#6304,#5138,#5139);
#4752=AXIS2_PLACEMENT_3D('',#6313,#5144,#5145);
#4753=AXIS2_PLACEMENT_3D('',#6319,#5149,#5150);
#4754=AXIS2_PLACEMENT_3D('',#6325,#5154,#5155);
#4755=AXIS2_PLACEMENT_3D('',#6334,#5160,#5161);
#4756=AXIS2_PLACEMENT_3D('',#6340,#5165,#5166);
#4757=AXIS2_PLACEMENT_3D('',#6346,#5170,#5171);
#4758=AXIS2_PLACEMENT_3D('',#6355,#5176,#5177);
#4759=AXIS2_PLACEMENT_3D('',#6361,#5181,#5182);
#4760=AXIS2_PLACEMENT_3D('',#6367,#5186,#5187);
#4761=AXIS2_PLACEMENT_3D('',#6376,#5192,#5193);
#4762=AXIS2_PLACEMENT_3D('',#6382,#5197,#5198);
#4763=AXIS2_PLACEMENT_3D('',#6388,#5202,#5203);
#4764=AXIS2_PLACEMENT_3D('',#6397,#5208,#5209);
#4765=AXIS2_PLACEMENT_3D('',#6403,#5213,#5214);
#4766=AXIS2_PLACEMENT_3D('',#6409,#5218,#5219);
#4767=AXIS2_PLACEMENT_3D('',#6418,#5224,#5225);
#4768=AXIS2_PLACEMENT_3D('',#6424,#5229,#5230);
#4769=AXIS2_PLACEMENT_3D('',#6430,#5234,#5235);
#4770=AXIS2_PLACEMENT_3D('',#6439,#5240,#5241);
#4771=AXIS2_PLACEMENT_3D('',#6445,#5245,#5246);
#4772=AXIS2_PLACEMENT_3D('',#6451,#5250,#5251);
#4773=AXIS2_PLACEMENT_3D('',#6460,#5256,#5257);
#4774=AXIS2_PLACEMENT_3D('',#6466,#5261,#5262);
#4775=AXIS2_PLACEMENT_3D('',#6472,#5266,#5267);
#4776=AXIS2_PLACEMENT_3D('',#6478,#5271,#5272);
#4777=AXIS2_PLACEMENT_3D('',#6484,#5276,#5277);
#4778=AXIS2_PLACEMENT_3D('',#6487,#5280,#5281);
#4779=AXIS2_PLACEMENT_3D('',#6490,#5284,#5285);
#4780=AXIS2_PLACEMENT_3D('',#6496,#5289,#5290);
#4781=AXIS2_PLACEMENT_3D('',#6499,#5293,#5294);
#4782=AXIS2_PLACEMENT_3D('',#6502,#5297,#5298);
#4783=AXIS2_PLACEMENT_3D('',#6505,#5301,#5302);
#4784=AXIS2_PLACEMENT_3D('',#6508,#5305,#5306);
#4785=AXIS2_PLACEMENT_3D('',#6511,#5309,#5310);
#4786=AXIS2_PLACEMENT_3D('',#6517,#5314,#5315);
#4787=AXIS2_PLACEMENT_3D('',#6520,#5318,#5319);
#4788=AXIS2_PLACEMENT_3D('',#6527,#5326,#5327);
#4789=AXIS2_PLACEMENT_3D('',#6529,#5329,#5330);
#4790=AXIS2_PLACEMENT_3D('',#6531,#5332,#5333);
#4791=AXIS2_PLACEMENT_3D('',#6533,#5335,#5336);
#4792=AXIS2_PLACEMENT_3D('',#6537,#5340,#5341);
#4793=AXIS2_PLACEMENT_3D('',#6538,#5342,#5343);
#4794=AXIS2_PLACEMENT_3D('',#6539,#5344,#5345);
#4795=AXIS2_PLACEMENT_3D('',#6540,#5346,#5347);
#4796=AXIS2_PLACEMENT_3D('',#6549,#5352,#5353);
#4797=AXIS2_PLACEMENT_3D('',#6558,#5358,#5359);
#4798=AXIS2_PLACEMENT_3D('',#6563,#5363,#5364);
#4799=AXIS2_PLACEMENT_3D('',#6568,#5368,#5369);
#4800=AXIS2_PLACEMENT_3D('',#6570,#5371,#5372);
#4801=AXIS2_PLACEMENT_3D('',#6571,#5373,#5374);
#4802=AXIS2_PLACEMENT_3D('',#6577,#5378,#5379);
#4803=AXIS2_PLACEMENT_3D('',#6587,#5385,#5386);
#4804=AXIS2_PLACEMENT_3D('',#6595,#5391,#5392);
#4805=AXIS2_PLACEMENT_3D('',#6603,#5397,#5398);
#4806=AXIS2_PLACEMENT_3D('',#6608,#5402,#5403);
#4807=AXIS2_PLACEMENT_3D('',#6612,#5406,#5407);
#4808=AXIS2_PLACEMENT_3D('',#6614,#5409,#5410);
#4809=AXIS2_PLACEMENT_3D('',#6615,#5411,#5412);
#4810=AXIS2_PLACEMENT_3D('',#6621,#5416,#5417);
#4811=AXIS2_PLACEMENT_3D('',#6629,#5422,#5423);
#4812=AXIS2_PLACEMENT_3D('',#6637,#5428,#5429);
#4813=AXIS2_PLACEMENT_3D('',#6642,#5433,#5434);
#4814=AXIS2_PLACEMENT_3D('',#6646,#5437,#5438);
#4815=AXIS2_PLACEMENT_3D('',#6648,#5440,#5441);
#4816=AXIS2_PLACEMENT_3D('',#6649,#5442,#5443);
#4817=AXIS2_PLACEMENT_3D('',#6659,#5449,#5450);
#4818=AXIS2_PLACEMENT_3D('',#6667,#5455,#5456);
#4819=AXIS2_PLACEMENT_3D('',#6675,#5461,#5462);
#4820=AXIS2_PLACEMENT_3D('',#6680,#5466,#5467);
#4821=AXIS2_PLACEMENT_3D('',#6684,#5470,#5471);
#4822=AXIS2_PLACEMENT_3D('',#6686,#5473,#5474);
#4823=AXIS2_PLACEMENT_3D('',#6687,#5475,#5476);
#4824=AXIS2_PLACEMENT_3D('',#6696,#5481,#5482);
#4825=AXIS2_PLACEMENT_3D('',#6705,#5487,#5488);
#4826=AXIS2_PLACEMENT_3D('',#6710,#5492,#5493);
#4827=AXIS2_PLACEMENT_3D('',#6715,#5497,#5498);
#4828=AXIS2_PLACEMENT_3D('',#6717,#5500,#5501);
#4829=AXIS2_PLACEMENT_3D('',#6718,#5502,#5503);
#4830=AXIS2_PLACEMENT_3D('',#6721,#5506,#5507);
#4831=AXIS2_PLACEMENT_3D('',#6730,#5512,#5513);
#4832=AXIS2_PLACEMENT_3D('',#6739,#5518,#5519);
#4833=AXIS2_PLACEMENT_3D('',#6744,#5523,#5524);
#4834=AXIS2_PLACEMENT_3D('',#6749,#5528,#5529);
#4835=AXIS2_PLACEMENT_3D('',#6751,#5531,#5532);
#4836=AXIS2_PLACEMENT_3D('',#6752,#5533,#5534);
#4837=AXIS2_PLACEMENT_3D('',#6755,#5537,#5538);
#4838=AXIS2_PLACEMENT_3D('',#6764,#5543,#5544);
#4839=AXIS2_PLACEMENT_3D('',#6773,#5549,#5550);
#4840=AXIS2_PLACEMENT_3D('',#6778,#5554,#5555);
#4841=AXIS2_PLACEMENT_3D('',#6783,#5559,#5560);
#4842=AXIS2_PLACEMENT_3D('',#6785,#5562,#5563);
#4843=AXIS2_PLACEMENT_3D('',#6786,#5564,#5565);
#4844=AXIS2_PLACEMENT_3D('',#6789,#5568,#5569);
#4845=AXIS2_PLACEMENT_3D('',#6798,#5574,#5575);
#4846=AXIS2_PLACEMENT_3D('',#6807,#5580,#5581);
#4847=AXIS2_PLACEMENT_3D('',#6812,#5585,#5586);
#4848=AXIS2_PLACEMENT_3D('',#6817,#5590,#5591);
#4849=AXIS2_PLACEMENT_3D('',#6819,#5593,#5594);
#4850=AXIS2_PLACEMENT_3D('',#6820,#5595,#5596);
#4851=AXIS2_PLACEMENT_3D('',#6827,#5601,#5602);
#4852=AXIS2_PLACEMENT_3D('',#6836,#5607,#5608);
#4853=AXIS2_PLACEMENT_3D('',#6845,#5613,#5614);
#4854=AXIS2_PLACEMENT_3D('',#6850,#5618,#5619);
#4855=AXIS2_PLACEMENT_3D('',#6855,#5623,#5624);
#4856=AXIS2_PLACEMENT_3D('',#6857,#5626,#5627);
#4857=AXIS2_PLACEMENT_3D('',#6858,#5628,#5629);
#4858=AXIS2_PLACEMENT_3D('',#6861,#5632,#5633);
#4859=AXIS2_PLACEMENT_3D('',#6870,#5638,#5639);
#4860=AXIS2_PLACEMENT_3D('',#6879,#5644,#5645);
#4861=AXIS2_PLACEMENT_3D('',#6884,#5649,#5650);
#4862=AXIS2_PLACEMENT_3D('',#6889,#5654,#5655);
#4863=AXIS2_PLACEMENT_3D('',#6891,#5657,#5658);
#4864=AXIS2_PLACEMENT_3D('',#6892,#5659,#5660);
#4865=AXIS2_PLACEMENT_3D('',#6895,#5663,#5664);
#4866=AXIS2_PLACEMENT_3D('',#6903,#5669,#5670);
#4867=AXIS2_PLACEMENT_3D('',#6911,#5675,#5676);
#4868=AXIS2_PLACEMENT_3D('',#6916,#5680,#5681);
#4869=AXIS2_PLACEMENT_3D('',#6920,#5684,#5685);
#4870=AXIS2_PLACEMENT_3D('',#6922,#5687,#5688);
#4871=AXIS2_PLACEMENT_3D('',#6923,#5689,#5690);
#4872=AXIS2_PLACEMENT_3D('',#6929,#5694,#5695);
#4873=AXIS2_PLACEMENT_3D('',#6937,#5700,#5701);
#4874=AXIS2_PLACEMENT_3D('',#6945,#5706,#5707);
#4875=AXIS2_PLACEMENT_3D('',#6950,#5711,#5712);
#4876=AXIS2_PLACEMENT_3D('',#6954,#5715,#5716);
#4877=AXIS2_PLACEMENT_3D('',#6956,#5718,#5719);
#4878=AXIS2_PLACEMENT_3D('',#6957,#5720,#5721);
#4879=AXIS2_PLACEMENT_3D('',#6963,#5725,#5726);
#4880=AXIS2_PLACEMENT_3D('',#6971,#5731,#5732);
#4881=AXIS2_PLACEMENT_3D('',#6979,#5737,#5738);
#4882=AXIS2_PLACEMENT_3D('',#6983,#5741,#5742);
#4883=AXIS2_PLACEMENT_3D('',#6988,#5746,#5747);
#4884=AXIS2_PLACEMENT_3D('',#6990,#5749,#5750);
#4885=AXIS2_PLACEMENT_3D('',#6991,#5751,#5752);
#4886=AXIS2_PLACEMENT_3D('',#6997,#5756,#5757);
#4887=AXIS2_PLACEMENT_3D('',#7005,#5762,#5763);
#4888=AXIS2_PLACEMENT_3D('',#7013,#5768,#5769);
#4889=AXIS2_PLACEMENT_3D('',#7017,#5772,#5773);
#4890=AXIS2_PLACEMENT_3D('',#7022,#5777,#5778);
#4891=AXIS2_PLACEMENT_3D('',#7024,#5780,#5781);
#4892=AXIS2_PLACEMENT_3D('',#7025,#5782,#5783);
#4893=AXIS2_PLACEMENT_3D('',#7034,#5788,#5789);
#4894=AXIS2_PLACEMENT_3D('',#7040,#5793,#5794);
#4895=AXIS2_PLACEMENT_3D('',#7046,#5798,#5799);
#4896=AXIS2_PLACEMENT_3D('',#7049,#5802,#5803);
#4897=AXIS2_PLACEMENT_3D('',#7058,#5808,#5809);
#4898=AXIS2_PLACEMENT_3D('',#7064,#5813,#5814);
#4899=AXIS2_PLACEMENT_3D('',#7070,#5818,#5819);
#4900=AXIS2_PLACEMENT_3D('',#7073,#5822,#5823);
#4901=AXIS2_PLACEMENT_3D('',#7082,#5828,#5829);
#4902=AXIS2_PLACEMENT_3D('',#7091,#5834,#5835);
#4903=AXIS2_PLACEMENT_3D('',#7109,#5846,#5847);
#4904=AXIS2_PLACEMENT_3D('',#7117,#5852,#5853);
#4905=AXIS2_PLACEMENT_3D('',#7125,#5858,#5859);
#4906=AXIS2_PLACEMENT_3D('',#7156,#5876,#5877);
#4907=AXIS2_PLACEMENT_3D('',#7188,#5895,#5896);
#4908=AXIS2_PLACEMENT_3D('',#7197,#5901,#5902);
#4909=AXIS2_PLACEMENT_3D('',#7203,#5906,#5907);
#4910=AXIS2_PLACEMENT_3D('',#7209,#5911,#5912);
#4911=AXIS2_PLACEMENT_3D('',#7212,#5915,#5916);
#4912=AXIS2_PLACEMENT_3D('',#7221,#5921,#5922);
#4913=AXIS2_PLACEMENT_3D('',#7227,#5926,#5927);
#4914=AXIS2_PLACEMENT_3D('',#7233,#5931,#5932);
#4915=AXIS2_PLACEMENT_3D('',#7236,#5935,#5936);
#4916=AXIS2_PLACEMENT_3D('',#7245,#5941,#5942);
#4917=AXIS2_PLACEMENT_3D('',#7254,#5947,#5948);
#4918=AXIS2_PLACEMENT_3D('',#7260,#5954,#5955);
#4919=AXIS2_PLACEMENT_3D('',#7266,#5959,#5960);
#4920=AXIS2_PLACEMENT_3D('',#7272,#5964,#5965);
#4921=AXIS2_PLACEMENT_3D('',#7276,#5968,#5969);
#4922=AXIS2_PLACEMENT_3D('',#7280,#5972,#5973);
#4923=AXIS2_PLACEMENT_3D('',#7282,#5975,#5976);
#4924=AXIS2_PLACEMENT_3D('',#7288,#5980,#5981);
#4925=AXIS2_PLACEMENT_3D('',#7292,#5984,#5985);
#4926=AXIS2_PLACEMENT_3D('',#7296,#5988,#5989);
#4927=AXIS2_PLACEMENT_3D('',#7298,#5991,#5992);
#4928=AXIS2_PLACEMENT_3D('',#7302,#5995,#5996);
#4929=AXIS2_PLACEMENT_3D('',#7316,#6005,#6006);
#4930=AXIS2_PLACEMENT_3D('',#7320,#6009,#6010);
#4931=AXIS2_PLACEMENT_3D('',#7322,#6012,#6013);
#4932=AXIS2_PLACEMENT_3D('',#7326,#6016,#6017);
#4933=AXIS2_PLACEMENT_3D('',#7332,#6022,#6023);
#4934=AXIS2_PLACEMENT_3D('',#7333,#6024,#6025);
#4935=AXIS2_PLACEMENT_3D('',#7339,#6029,#6030);
#4936=AXIS2_PLACEMENT_3D('',#7345,#6034,#6035);
#4937=AXIS2_PLACEMENT_3D('',#7349,#6038,#6039);
#4938=AXIS2_PLACEMENT_3D('',#7353,#6042,#6043);
#4939=AXIS2_PLACEMENT_3D('',#7355,#6045,#6046);
#4940=AXIS2_PLACEMENT_3D('',#7361,#6050,#6051);
#4941=AXIS2_PLACEMENT_3D('',#7365,#6054,#6055);
#4942=AXIS2_PLACEMENT_3D('',#7369,#6058,#6059);
#4943=AXIS2_PLACEMENT_3D('',#7371,#6061,#6062);
#4944=AXIS2_PLACEMENT_3D('',#7375,#6065,#6066);
#4945=AXIS2_PLACEMENT_3D('',#7377,#6068,#6069);
#4946=AXIS2_PLACEMENT_3D('',#7384,#6074,#6075);
#4947=AXIS2_PLACEMENT_3D('',#7388,#6078,#6079);
#4948=AXIS2_PLACEMENT_3D('',#7390,#6081,#6082);
#4949=AXIS2_PLACEMENT_3D('',#7392,#6084,#6085);
#4950=DIRECTION('axis',(0.,0.,1.));
#4951=DIRECTION('refdir',(1.,0.,0.));
#4952=DIRECTION('center_axis',(0.,0.,-1.));
#4953=DIRECTION('ref_axis',(-1.,0.,0.));
#4954=DIRECTION('center_axis',(0.,0.,-1.));
#4955=DIRECTION('ref_axis',(-1.,0.,0.));
#4956=DIRECTION('',(0.,0.,-1.));
#4957=DIRECTION('center_axis',(0.,0.,-1.));
#4958=DIRECTION('ref_axis',(-1.,0.,0.));
#4959=DIRECTION('center_axis',(0.,0.,1.));
#4960=DIRECTION('ref_axis',(-1.,0.,0.));
#4961=DIRECTION('center_axis',(-1.,0.,0.));
#4962=DIRECTION('ref_axis',(0.,-1.,0.));
#4963=DIRECTION('',(0.,-1.,0.));
#4964=DIRECTION('',(0.,0.,1.));
#4965=DIRECTION('',(0.,1.,0.));
#4966=DIRECTION('',(0.,0.,-1.));
#4967=DIRECTION('center_axis',(0.,-1.,0.));
#4968=DIRECTION('ref_axis',(1.,0.,0.));
#4969=DIRECTION('',(1.,0.,0.));
#4970=DIRECTION('',(0.,0.,1.));
#4971=DIRECTION('',(-1.,0.,0.));
#4972=DIRECTION('center_axis',(1.,0.,0.));
#4973=DIRECTION('ref_axis',(0.,1.,0.));
#4974=DIRECTION('',(0.,1.,0.));
#4975=DIRECTION('',(0.,0.,1.));
#4976=DIRECTION('',(0.,-1.,0.));
#4977=DIRECTION('center_axis',(0.,1.,0.));
#4978=DIRECTION('ref_axis',(-1.,0.,0.));
#4979=DIRECTION('',(-1.,0.,0.));
#4980=DIRECTION('',(1.,0.,0.));
#4981=DIRECTION('center_axis',(0.,0.,1.));
#4982=DIRECTION('ref_axis',(-1.,0.,0.));
#4983=DIRECTION('center_axis',(0.,0.,1.));
#4984=DIRECTION('ref_axis',(-1.,0.,0.));
#4985=DIRECTION('center_axis',(0.,1.,0.));
#4986=DIRECTION('ref_axis',(1.,0.,0.));
#4987=DIRECTION('',(1.,0.,0.));
#4988=DIRECTION('',(0.,0.,-1.));
#4989=DIRECTION('',(1.,0.,0.));
#4990=DIRECTION('',(0.,0.,-1.));
#4991=DIRECTION('center_axis',(-1.,0.,0.));
#4992=DIRECTION('ref_axis',(0.,1.,0.));
#4993=DIRECTION('',(0.,1.,0.));
#4994=DIRECTION('',(0.,0.,-1.));
#4995=DIRECTION('',(0.,1.,0.));
#4996=DIRECTION('center_axis',(0.707106781186548,-0.707106781186548,0.));
#4997=DIRECTION('ref_axis',(-0.707106781186548,-0.707106781186548,0.));
#4998=DIRECTION('',(-0.707106781186547,-0.707106781186547,0.));
#4999=DIRECTION('',(-0.707106781186547,-0.707106781186547,0.));
#5000=DIRECTION('center_axis',(0.,0.,-1.));
#5001=DIRECTION('ref_axis',(-1.,0.,0.));
#5002=DIRECTION('center_axis',(0.,0.,1.));
#5003=DIRECTION('ref_axis',(-1.,0.,0.));
#5004=DIRECTION('',(-1.,0.,0.));
#5005=DIRECTION('',(0.,1.,0.));
#5006=DIRECTION('',(1.,0.,0.));
#5007=DIRECTION('',(0.,-1.,0.));
#5008=DIRECTION('center_axis',(0.,0.,-1.));
#5009=DIRECTION('ref_axis',(-1.,0.,0.));
#5010=DIRECTION('center_axis',(0.,-1.,0.));
#5011=DIRECTION('ref_axis',(1.,0.,0.));
#5012=DIRECTION('',(0.,0.,1.));
#5013=DIRECTION('',(1.,0.,0.));
#5014=DIRECTION('',(0.,0.,1.));
#5015=DIRECTION('center_axis',(1.,0.,0.));
#5016=DIRECTION('ref_axis',(0.,1.,0.));
#5017=DIRECTION('',(0.,0.,1.));
#5018=DIRECTION('',(0.,1.,0.));
#5019=DIRECTION('center_axis',(0.,0.,-1.));
#5020=DIRECTION('ref_axis',(-1.,0.,0.));
#5021=DIRECTION('center_axis',(0.,0.,-1.));
#5022=DIRECTION('ref_axis',(-1.,0.,0.));
#5023=DIRECTION('',(0.,0.,-1.));
#5024=DIRECTION('center_axis',(0.,1.,0.));
#5025=DIRECTION('ref_axis',(-1.,0.,0.));
#5026=DIRECTION('',(0.,0.,-1.));
#5027=DIRECTION('',(-1.,0.,0.));
#5028=DIRECTION('center_axis',(-1.,0.,0.));
#5029=DIRECTION('ref_axis',(0.,-1.,0.));
#5030=DIRECTION('',(0.,-1.,0.));
#5031=DIRECTION('center_axis',(0.,0.,1.));
#5032=DIRECTION('ref_axis',(1.,0.,0.));
#5033=DIRECTION('center_axis',(0.,0.,1.));
#5034=DIRECTION('ref_axis',(1.,0.,0.));
#5035=DIRECTION('center_axis',(0.,0.,1.));
#5036=DIRECTION('ref_axis',(1.,0.,0.));
#5037=DIRECTION('',(0.,0.,1.));
#5038=DIRECTION('center_axis',(0.,0.,1.));
#5039=DIRECTION('ref_axis',(1.,0.,0.));
#5040=DIRECTION('center_axis',(0.,0.,-1.));
#5041=DIRECTION('ref_axis',(1.,0.,0.));
#5042=DIRECTION('center_axis',(0.,-1.,0.));
#5043=DIRECTION('ref_axis',(-1.,0.,0.));
#5044=DIRECTION('',(1.,0.,0.));
#5045=DIRECTION('',(0.,0.,-1.));
#5046=DIRECTION('',(-1.,0.,0.));
#5047=DIRECTION('',(0.,0.,-1.));
#5048=DIRECTION('center_axis',(1.,0.,0.));
#5049=DIRECTION('ref_axis',(0.,-1.,0.));
#5050=DIRECTION('',(0.,1.,0.));
#5051=DIRECTION('',(0.,-1.,0.));
#5052=DIRECTION('',(0.,0.,1.));
#5053=DIRECTION('center_axis',(-1.,0.,0.));
#5054=DIRECTION('ref_axis',(0.,1.,0.));
#5055=DIRECTION('',(0.,-1.,0.));
#5056=DIRECTION('',(0.,0.,-1.));
#5057=DIRECTION('',(0.,1.,0.));
#5058=DIRECTION('center_axis',(-2.22044604925031E-16,-1.,0.));
#5059=DIRECTION('ref_axis',(-1.,2.22044604925031E-16,0.));
#5060=DIRECTION('',(1.,-2.22044604925031E-16,0.));
#5061=DIRECTION('',(0.,0.,-1.));
#5062=DIRECTION('',(-1.,2.22044604925031E-16,0.));
#5063=DIRECTION('',(0.,0.,-1.));
#5064=DIRECTION('center_axis',(1.,-2.22044604925031E-16,0.));
#5065=DIRECTION('ref_axis',(-2.22044604925031E-16,-1.,0.));
#5066=DIRECTION('',(2.22044604925031E-16,1.,0.));
#5067=DIRECTION('',(-2.22044604925031E-16,-1.,0.));
#5068=DIRECTION('',(0.,0.,-1.));
#5069=DIRECTION('center_axis',(2.22044604925031E-16,1.,0.));
#5070=DIRECTION('ref_axis',(1.,-2.22044604925031E-16,0.));
#5071=DIRECTION('',(-1.,2.22044604925031E-16,0.));
#5072=DIRECTION('',(1.,-2.22044604925031E-16,0.));
#5073=DIRECTION('',(0.,0.,1.));
#5074=DIRECTION('center_axis',(2.22044604925031E-16,-1.,0.));
#5075=DIRECTION('ref_axis',(-1.,-2.22044604925031E-16,0.));
#5076=DIRECTION('',(1.,2.22044604925031E-16,0.));
#5077=DIRECTION('',(0.,0.,-1.));
#5078=DIRECTION('',(-1.,-2.22044604925031E-16,0.));
#5079=DIRECTION('',(0.,0.,-1.));
#5080=DIRECTION('center_axis',(1.,2.22044604925031E-16,0.));
#5081=DIRECTION('ref_axis',(2.22044604925031E-16,-1.,0.));
#5082=DIRECTION('',(-2.22044604925031E-16,1.,0.));
#5083=DIRECTION('',(2.22044604925031E-16,-1.,0.));
#5084=DIRECTION('',(0.,0.,-1.));
#5085=DIRECTION('center_axis',(-2.22044604925031E-16,1.,0.));
#5086=DIRECTION('ref_axis',(1.,2.22044604925031E-16,0.));
#5087=DIRECTION('',(-1.,-2.22044604925031E-16,0.));
#5088=DIRECTION('',(1.,2.22044604925031E-16,0.));
#5089=DIRECTION('',(0.,0.,1.));
#5090=DIRECTION('center_axis',(0.,1.,0.));
#5091=DIRECTION('ref_axis',(1.,0.,0.));
#5092=DIRECTION('',(-1.,0.,0.));
#5093=DIRECTION('',(0.,0.,-1.));
#5094=DIRECTION('',(1.,0.,0.));
#5095=DIRECTION('',(0.,0.,-1.));
#5096=DIRECTION('center_axis',(-1.,0.,0.));
#5097=DIRECTION('ref_axis',(0.,1.,0.));
#5098=DIRECTION('',(0.,-1.,0.));
#5099=DIRECTION('',(0.,1.,0.));
#5100=DIRECTION('',(0.,0.,1.));
#5101=DIRECTION('center_axis',(1.,0.,0.));
#5102=DIRECTION('ref_axis',(0.,-1.,0.));
#5103=DIRECTION('',(0.,1.,0.));
#5104=DIRECTION('',(0.,0.,-1.));
#5105=DIRECTION('',(0.,-1.,0.));
#5106=DIRECTION('center_axis',(0.,1.,0.));
#5107=DIRECTION('ref_axis',(1.,0.,0.));
#5108=DIRECTION('',(-1.,0.,0.));
#5109=DIRECTION('',(0.,0.,-1.));
#5110=DIRECTION('',(1.,0.,0.));
#5111=DIRECTION('',(0.,0.,-1.));
#5112=DIRECTION('center_axis',(-1.,0.,0.));
#5113=DIRECTION('ref_axis',(0.,1.,0.));
#5114=DIRECTION('',(0.,-1.,0.));
#5115=DIRECTION('',(0.,1.,0.));
#5116=DIRECTION('',(0.,0.,1.));
#5117=DIRECTION('center_axis',(1.,0.,0.));
#5118=DIRECTION('ref_axis',(0.,-1.,0.));
#5119=DIRECTION('',(0.,1.,0.));
#5120=DIRECTION('',(0.,0.,-1.));
#5121=DIRECTION('',(0.,-1.,0.));
#5122=DIRECTION('center_axis',(-1.,-2.22044604925031E-16,0.));
#5123=DIRECTION('ref_axis',(-2.22044604925031E-16,1.,0.));
#5124=DIRECTION('',(2.22044604925031E-16,-1.,0.));
#5125=DIRECTION('',(0.,0.,-1.));
#5126=DIRECTION('',(-2.22044604925031E-16,1.,0.));
#5127=DIRECTION('',(0.,0.,-1.));
#5128=DIRECTION('center_axis',(2.22044604925031E-16,-1.,0.));
#5129=DIRECTION('ref_axis',(-1.,-2.22044604925031E-16,0.));
#5130=DIRECTION('',(1.,2.22044604925031E-16,0.));
#5131=DIRECTION('',(-1.,-2.22044604925031E-16,0.));
#5132=DIRECTION('',(0.,0.,1.));
#5133=DIRECTION('center_axis',(-2.22044604925031E-16,1.,0.));
#5134=DIRECTION('ref_axis',(1.,2.22044604925031E-16,0.));
#5135=DIRECTION('',(-1.,-2.22044604925031E-16,0.));
#5136=DIRECTION('',(0.,0.,-1.));
#5137=DIRECTION('',(1.,2.22044604925031E-16,0.));
#5138=DIRECTION('center_axis',(-1.,2.22044604925031E-16,0.));
#5139=DIRECTION('ref_axis',(2.22044604925031E-16,1.,0.));
#5140=DIRECTION('',(-2.22044604925031E-16,-1.,0.));
#5141=DIRECTION('',(0.,0.,-1.));
#5142=DIRECTION('',(2.22044604925031E-16,1.,0.));
#5143=DIRECTION('',(0.,0.,-1.));
#5144=DIRECTION('center_axis',(-2.22044604925031E-16,-1.,0.));
#5145=DIRECTION('ref_axis',(-1.,2.22044604925031E-16,0.));
#5146=DIRECTION('',(1.,-2.22044604925031E-16,0.));
#5147=DIRECTION('',(-1.,2.22044604925031E-16,0.));
#5148=DIRECTION('',(0.,0.,1.));
#5149=DIRECTION('center_axis',(2.22044604925031E-16,1.,0.));
#5150=DIRECTION('ref_axis',(1.,-2.22044604925031E-16,0.));
#5151=DIRECTION('',(-1.,2.22044604925031E-16,0.));
#5152=DIRECTION('',(0.,0.,-1.));
#5153=DIRECTION('',(1.,-2.22044604925031E-16,0.));
#5154=DIRECTION('center_axis',(-1.,2.22044604925031E-16,0.));
#5155=DIRECTION('ref_axis',(2.22044604925031E-16,1.,0.));
#5156=DIRECTION('',(-2.22044604925031E-16,-1.,0.));
#5157=DIRECTION('',(0.,0.,-1.));
#5158=DIRECTION('',(2.22044604925031E-16,1.,0.));
#5159=DIRECTION('',(0.,0.,-1.));
#5160=DIRECTION('center_axis',(-2.22044604925031E-16,-1.,0.));
#5161=DIRECTION('ref_axis',(-1.,2.22044604925031E-16,0.));
#5162=DIRECTION('',(1.,-2.22044604925031E-16,0.));
#5163=DIRECTION('',(-1.,2.22044604925031E-16,0.));
#5164=DIRECTION('',(0.,0.,1.));
#5165=DIRECTION('center_axis',(2.22044604925031E-16,1.,0.));
#5166=DIRECTION('ref_axis',(1.,-2.22044604925031E-16,0.));
#5167=DIRECTION('',(-1.,2.22044604925031E-16,0.));
#5168=DIRECTION('',(0.,0.,-1.));
#5169=DIRECTION('',(1.,-2.22044604925031E-16,0.));
#5170=DIRECTION('center_axis',(-1.,-2.22044604925031E-16,0.));
#5171=DIRECTION('ref_axis',(-2.22044604925031E-16,1.,0.));
#5172=DIRECTION('',(2.22044604925031E-16,-1.,0.));
#5173=DIRECTION('',(0.,0.,-1.));
#5174=DIRECTION('',(-2.22044604925031E-16,1.,0.));
#5175=DIRECTION('',(0.,0.,-1.));
#5176=DIRECTION('center_axis',(2.22044604925031E-16,-1.,0.));
#5177=DIRECTION('ref_axis',(-1.,-2.22044604925031E-16,0.));
#5178=DIRECTION('',(1.,2.22044604925031E-16,0.));
#5179=DIRECTION('',(-1.,-2.22044604925031E-16,0.));
#5180=DIRECTION('',(0.,0.,1.));
#5181=DIRECTION('center_axis',(-2.22044604925031E-16,1.,0.));
#5182=DIRECTION('ref_axis',(1.,2.22044604925031E-16,0.));
#5183=DIRECTION('',(-1.,-2.22044604925031E-16,0.));
#5184=DIRECTION('',(0.,0.,-1.));
#5185=DIRECTION('',(1.,2.22044604925031E-16,0.));
#5186=DIRECTION('center_axis',(0.,1.,0.));
#5187=DIRECTION('ref_axis',(1.,0.,0.));
#5188=DIRECTION('',(-1.,0.,0.));
#5189=DIRECTION('',(0.,0.,-1.));
#5190=DIRECTION('',(1.,0.,0.));
#5191=DIRECTION('',(0.,0.,-1.));
#5192=DIRECTION('center_axis',(-1.,0.,0.));
#5193=DIRECTION('ref_axis',(0.,1.,0.));
#5194=DIRECTION('',(0.,-1.,0.));
#5195=DIRECTION('',(0.,1.,0.));
#5196=DIRECTION('',(0.,0.,1.));
#5197=DIRECTION('center_axis',(1.,0.,0.));
#5198=DIRECTION('ref_axis',(0.,-1.,0.));
#5199=DIRECTION('',(0.,1.,0.));
#5200=DIRECTION('',(0.,0.,-1.));
#5201=DIRECTION('',(0.,-1.,0.));
#5202=DIRECTION('center_axis',(2.22044604925031E-16,-1.,0.));
#5203=DIRECTION('ref_axis',(-1.,-2.22044604925031E-16,0.));
#5204=DIRECTION('',(1.,2.22044604925031E-16,0.));
#5205=DIRECTION('',(0.,0.,-1.));
#5206=DIRECTION('',(-1.,-2.22044604925031E-16,0.));
#5207=DIRECTION('',(0.,0.,-1.));
#5208=DIRECTION('center_axis',(1.,2.22044604925031E-16,0.));
#5209=DIRECTION('ref_axis',(2.22044604925031E-16,-1.,0.));
#5210=DIRECTION('',(-2.22044604925031E-16,1.,0.));
#5211=DIRECTION('',(2.22044604925031E-16,-1.,0.));
#5212=DIRECTION('',(0.,0.,-1.));
#5213=DIRECTION('center_axis',(-2.22044604925031E-16,1.,0.));
#5214=DIRECTION('ref_axis',(1.,2.22044604925031E-16,0.));
#5215=DIRECTION('',(-1.,-2.22044604925031E-16,0.));
#5216=DIRECTION('',(1.,2.22044604925031E-16,0.));
#5217=DIRECTION('',(0.,0.,1.));
#5218=DIRECTION('center_axis',(-2.22044604925031E-16,-1.,0.));
#5219=DIRECTION('ref_axis',(-1.,2.22044604925031E-16,0.));
#5220=DIRECTION('',(1.,-2.22044604925031E-16,0.));
#5221=DIRECTION('',(0.,0.,-1.));
#5222=DIRECTION('',(-1.,2.22044604925031E-16,0.));
#5223=DIRECTION('',(0.,0.,-1.));
#5224=DIRECTION('center_axis',(1.,-2.22044604925031E-16,0.));
#5225=DIRECTION('ref_axis',(-2.22044604925031E-16,-1.,0.));
#5226=DIRECTION('',(2.22044604925031E-16,1.,0.));
#5227=DIRECTION('',(-2.22044604925031E-16,-1.,0.));
#5228=DIRECTION('',(0.,0.,-1.));
#5229=DIRECTION('center_axis',(2.22044604925031E-16,1.,0.));
#5230=DIRECTION('ref_axis',(1.,-2.22044604925031E-16,0.));
#5231=DIRECTION('',(-1.,2.22044604925031E-16,0.));
#5232=DIRECTION('',(1.,-2.22044604925031E-16,0.));
#5233=DIRECTION('',(0.,0.,1.));
#5234=DIRECTION('center_axis',(0.,-1.,0.));
#5235=DIRECTION('ref_axis',(-1.,0.,0.));
#5236=DIRECTION('',(1.,0.,0.));
#5237=DIRECTION('',(0.,0.,-1.));
#5238=DIRECTION('',(-1.,0.,0.));
#5239=DIRECTION('',(0.,0.,-1.));
#5240=DIRECTION('center_axis',(1.,0.,0.));
#5241=DIRECTION('ref_axis',(0.,-1.,0.));
#5242=DIRECTION('',(0.,1.,0.));
#5243=DIRECTION('',(0.,-1.,0.));
#5244=DIRECTION('',(0.,0.,1.));
#5245=DIRECTION('center_axis',(-1.,0.,0.));
#5246=DIRECTION('ref_axis',(0.,1.,0.));
#5247=DIRECTION('',(0.,-1.,0.));
#5248=DIRECTION('',(0.,0.,-1.));
#5249=DIRECTION('',(0.,1.,0.));
#5250=DIRECTION('center_axis',(0.,-1.,0.));
#5251=DIRECTION('ref_axis',(-1.,0.,0.));
#5252=DIRECTION('',(1.,0.,0.));
#5253=DIRECTION('',(0.,0.,-1.));
#5254=DIRECTION('',(-1.,0.,0.));
#5255=DIRECTION('',(0.,0.,-1.));
#5256=DIRECTION('center_axis',(1.,0.,0.));
#5257=DIRECTION('ref_axis',(0.,-1.,0.));
#5258=DIRECTION('',(0.,1.,0.));
#5259=DIRECTION('',(0.,-1.,0.));
#5260=DIRECTION('',(0.,0.,1.));
#5261=DIRECTION('center_axis',(-1.,0.,0.));
#5262=DIRECTION('ref_axis',(0.,1.,0.));
#5263=DIRECTION('',(0.,-1.,0.));
#5264=DIRECTION('',(0.,0.,-1.));
#5265=DIRECTION('',(0.,1.,0.));
#5266=DIRECTION('center_axis',(1.,0.,0.));
#5267=DIRECTION('ref_axis',(0.,1.,0.));
#5268=DIRECTION('',(0.,-1.,0.));
#5269=DIRECTION('',(0.,0.,1.));
#5270=DIRECTION('',(0.,-1.,0.));
#5271=DIRECTION('center_axis',(1.,0.,0.));
#5272=DIRECTION('ref_axis',(0.,1.,0.));
#5273=DIRECTION('',(0.,-1.,0.));
#5274=DIRECTION('',(0.,0.,1.));
#5275=DIRECTION('',(0.,-1.,0.));
#5276=DIRECTION('center_axis',(1.,0.,0.));
#5277=DIRECTION('ref_axis',(0.,1.,0.));
#5278=DIRECTION('',(0.,-1.,0.));
#5279=DIRECTION('',(0.,-1.,0.));
#5280=DIRECTION('center_axis',(1.,0.,0.));
#5281=DIRECTION('ref_axis',(0.,1.,0.));
#5282=DIRECTION('',(0.,-1.,0.));
#5283=DIRECTION('',(0.,-1.,0.));
#5284=DIRECTION('center_axis',(0.,-1.,0.));
#5285=DIRECTION('ref_axis',(1.,0.,0.));
#5286=DIRECTION('',(-1.,0.,0.));
#5287=DIRECTION('',(0.,0.,1.));
#5288=DIRECTION('',(-1.,0.,0.));
#5289=DIRECTION('center_axis',(0.,-1.,0.));
#5290=DIRECTION('ref_axis',(1.,0.,0.));
#5291=DIRECTION('',(-1.,0.,0.));
#5292=DIRECTION('',(-1.,0.,0.));
#5293=DIRECTION('center_axis',(0.,-1.,0.));
#5294=DIRECTION('ref_axis',(1.,0.,0.));
#5295=DIRECTION('',(-1.,0.,0.));
#5296=DIRECTION('',(-1.,0.,0.));
#5297=DIRECTION('center_axis',(-1.,0.,0.));
#5298=DIRECTION('ref_axis',(0.,-1.,0.));
#5299=DIRECTION('',(0.,1.,0.));
#5300=DIRECTION('',(0.,1.,0.));
#5301=DIRECTION('center_axis',(-1.,0.,0.));
#5302=DIRECTION('ref_axis',(0.,-1.,0.));
#5303=DIRECTION('',(0.,1.,0.));
#5304=DIRECTION('',(0.,1.,0.));
#5305=DIRECTION('center_axis',(-1.,0.,0.));
#5306=DIRECTION('ref_axis',(0.,-1.,0.));
#5307=DIRECTION('',(0.,1.,0.));
#5308=DIRECTION('',(0.,1.,0.));
#5309=DIRECTION('center_axis',(-1.,0.,0.));
#5310=DIRECTION('ref_axis',(0.,-1.,0.));
#5311=DIRECTION('',(0.,1.,0.));
#5312=DIRECTION('',(0.,0.,-1.));
#5313=DIRECTION('',(0.,1.,0.));
#5314=DIRECTION('center_axis',(-1.,0.,0.));
#5315=DIRECTION('ref_axis',(0.,-1.,0.));
#5316=DIRECTION('',(0.,1.,0.));
#5317=DIRECTION('',(0.,1.,0.));
#5318=DIRECTION('center_axis',(0.,0.,-1.));
#5319=DIRECTION('ref_axis',(-1.,0.,0.));
#5320=DIRECTION('',(1.,0.,0.));
#5321=DIRECTION('',(1.,0.,0.));
#5322=DIRECTION('',(0.,-1.,0.));
#5323=DIRECTION('',(-1.,0.,0.));
#5324=DIRECTION('',(1.,0.,0.));
#5325=DIRECTION('',(1.,0.,0.));
#5326=DIRECTION('center_axis',(0.,1.,0.));
#5327=DIRECTION('ref_axis',(-1.,0.,0.));
#5328=DIRECTION('',(1.,0.,0.));
#5329=DIRECTION('center_axis',(0.,1.,0.));
#5330=DIRECTION('ref_axis',(-1.,0.,0.));
#5331=DIRECTION('',(1.,0.,0.));
#5332=DIRECTION('center_axis',(0.,1.,0.));
#5333=DIRECTION('ref_axis',(-1.,0.,0.));
#5334=DIRECTION('',(1.,0.,0.));
#5335=DIRECTION('center_axis',(0.,0.,1.));
#5336=DIRECTION('ref_axis',(-1.,0.,0.));
#5337=DIRECTION('',(1.,0.,0.));
#5338=DIRECTION('',(-1.,0.,0.));
#5339=DIRECTION('',(0.,-1.,0.));
#5340=DIRECTION('center_axis',(0.,1.,0.));
#5341=DIRECTION('ref_axis',(-1.,0.,0.));
#5342=DIRECTION('center_axis',(1.,0.,0.));
#5343=DIRECTION('ref_axis',(0.,1.,0.));
#5344=DIRECTION('center_axis',(0.,-1.,0.));
#5345=DIRECTION('ref_axis',(1.,0.,0.));
#5346=DIRECTION('center_axis',(0.,0.,1.));
#5347=DIRECTION('ref_axis',(1.,0.,0.));
#5348=DIRECTION('',(-1.,0.,0.));
#5349=DIRECTION('',(0.,-1.,0.));
#5350=DIRECTION('',(-1.,0.,0.));
#5351=DIRECTION('',(0.,-1.,0.));
#5352=DIRECTION('center_axis',(0.,-0.287347885566344,-0.957826285221152));
#5353=DIRECTION('ref_axis',(1.32925099430462E-15,0.957826285221152,-0.287347885566344));
#5354=DIRECTION('',(1.32925099430462E-15,0.957826285221152,-0.287347885566344));
#5355=DIRECTION('',(-1.,0.,0.));
#5356=DIRECTION('',(1.32925099430462E-15,0.957826285221152,-0.287347885566344));
#5357=DIRECTION('',(-1.,0.,0.));
#5358=DIRECTION('center_axis',(-1.,0.,0.));
#5359=DIRECTION('ref_axis',(0.,1.,0.));
#5360=DIRECTION('',(0.,0.,1.));
#5361=DIRECTION('',(0.,1.,0.));
#5362=DIRECTION('',(0.,-1.,0.));
#5363=DIRECTION('center_axis',(1.,0.,0.));
#5364=DIRECTION('ref_axis',(0.,-1.,0.));
#5365=DIRECTION('',(0.,-1.,0.));
#5366=DIRECTION('',(0.,0.,-1.));
#5367=DIRECTION('',(0.,1.,0.));
#5368=DIRECTION('center_axis',(0.,1.,0.));
#5369=DIRECTION('ref_axis',(1.,0.,0.));
#5370=DIRECTION('',(1.,0.,0.));
#5371=DIRECTION('center_axis',(0.,0.,-1.));
#5372=DIRECTION('ref_axis',(-1.,0.,0.));
#5373=DIRECTION('center_axis',(0.,0.,-1.));
#5374=DIRECTION('ref_axis',(1.83697019872103E-16,1.,0.));
#5375=DIRECTION('',(-1.,0.,0.));
#5376=DIRECTION('',(0.,1.,0.));
#5377=DIRECTION('',(-1.,0.,0.));
#5378=DIRECTION('center_axis',(0.,0.,-1.));
#5379=DIRECTION('ref_axis',(1.83697019872103E-16,1.,0.));
#5380=DIRECTION('',(-1.,0.,0.));
#5381=DIRECTION('',(-6.12323399573677E-17,-1.,0.));
#5382=DIRECTION('',(1.,-2.22044604925031E-16,0.));
#5383=DIRECTION('',(-6.12323399573677E-17,-1.,0.));
#5384=DIRECTION('',(-1.,0.,0.));
#5385=DIRECTION('center_axis',(0.,0.,1.));
#5386=DIRECTION('ref_axis',(1.,0.,0.));
#5387=DIRECTION('',(-1.,0.,0.));
#5388=DIRECTION('',(0.,-1.,0.));
#5389=DIRECTION('',(-1.,0.,0.));
#5390=DIRECTION('',(0.,-1.,0.));
#5391=DIRECTION('center_axis',(0.,-0.287347885566344,-0.957826285221152));
#5392=DIRECTION('ref_axis',(1.32925099430462E-15,0.957826285221152,-0.287347885566344));
#5393=DIRECTION('',(1.32925099430462E-15,0.957826285221152,-0.287347885566344));
#5394=DIRECTION('',(-1.,0.,0.));
#5395=DIRECTION('',(1.32925099430462E-15,0.957826285221152,-0.287347885566344));
#5396=DIRECTION('',(-1.,0.,0.));
#5397=DIRECTION('center_axis',(-1.,0.,0.));
#5398=DIRECTION('ref_axis',(0.,1.,0.));
#5399=DIRECTION('',(0.,0.,1.));
#5400=DIRECTION('',(0.,1.,0.));
#5401=DIRECTION('',(0.,-1.,0.));
#5402=DIRECTION('center_axis',(1.,0.,0.));
#5403=DIRECTION('ref_axis',(0.,-1.,0.));
#5404=DIRECTION('',(0.,-1.,0.));
#5405=DIRECTION('',(0.,0.,-1.));
#5406=DIRECTION('center_axis',(0.,1.,0.));
#5407=DIRECTION('ref_axis',(1.,0.,0.));
#5408=DIRECTION('',(1.,0.,0.));
#5409=DIRECTION('center_axis',(0.,0.,-1.));
#5410=DIRECTION('ref_axis',(-1.,0.,0.));
#5411=DIRECTION('center_axis',(0.,0.,-1.));
#5412=DIRECTION('ref_axis',(1.83697019872103E-16,1.,0.));
#5413=DIRECTION('',(-1.,0.,0.));
#5414=DIRECTION('',(0.,1.,0.));
#5415=DIRECTION('',(-1.,0.,0.));
#5416=DIRECTION('center_axis',(0.,0.,1.));
#5417=DIRECTION('ref_axis',(1.,0.,0.));
#5418=DIRECTION('',(-1.,0.,0.));
#5419=DIRECTION('',(0.,-1.,0.));
#5420=DIRECTION('',(-1.,0.,0.));
#5421=DIRECTION('',(0.,-1.,0.));
#5422=DIRECTION('center_axis',(0.,-0.287347885566344,-0.957826285221152));
#5423=DIRECTION('ref_axis',(1.32925099430462E-15,0.957826285221152,-0.287347885566344));
#5424=DIRECTION('',(1.32925099430462E-15,0.957826285221152,-0.287347885566344));
#5425=DIRECTION('',(-1.,0.,0.));
#5426=DIRECTION('',(1.32925099430462E-15,0.957826285221152,-0.287347885566344));
#5427=DIRECTION('',(-1.,0.,0.));
#5428=DIRECTION('center_axis',(-1.,0.,0.));
#5429=DIRECTION('ref_axis',(0.,1.,0.));
#5430=DIRECTION('',(0.,0.,1.));
#5431=DIRECTION('',(0.,1.,0.));
#5432=DIRECTION('',(0.,-1.,0.));
#5433=DIRECTION('center_axis',(1.,0.,0.));
#5434=DIRECTION('ref_axis',(0.,-1.,0.));
#5435=DIRECTION('',(0.,-1.,0.));
#5436=DIRECTION('',(0.,0.,-1.));
#5437=DIRECTION('center_axis',(0.,1.,0.));
#5438=DIRECTION('ref_axis',(1.,0.,0.));
#5439=DIRECTION('',(1.,0.,0.));
#5440=DIRECTION('center_axis',(0.,0.,-1.));
#5441=DIRECTION('ref_axis',(-1.,0.,0.));
#5442=DIRECTION('center_axis',(0.,0.,-1.));
#5443=DIRECTION('ref_axis',(1.83697019872103E-16,1.,0.));
#5444=DIRECTION('',(-1.,0.,0.));
#5445=DIRECTION('',(1.83697019872103E-16,1.,0.));
#5446=DIRECTION('',(1.,2.22044604925031E-16,0.));
#5447=DIRECTION('',(1.83697019872103E-16,1.,0.));
#5448=DIRECTION('',(-1.,0.,0.));
#5449=DIRECTION('center_axis',(0.,0.,1.));
#5450=DIRECTION('ref_axis',(2.22044604925031E-16,-1.,0.));
#5451=DIRECTION('',(1.83697019872103E-16,1.,0.));
#5452=DIRECTION('',(-1.,-2.22044604925031E-16,0.));
#5453=DIRECTION('',(-2.22044604925031E-16,1.,0.));
#5454=DIRECTION('',(-1.,-2.22044604925031E-16,0.));
#5455=DIRECTION('center_axis',(-0.287347885566344,-6.38040477266219E-17,
-0.957826285221152));
#5456=DIRECTION('ref_axis',(0.957826285221152,-1.11657083521588E-15,-0.287347885566344));
#5457=DIRECTION('',(0.957826285221152,-1.11657083521588E-15,-0.287347885566344));
#5458=DIRECTION('',(-2.22044604925031E-16,1.,0.));
#5459=DIRECTION('',(0.957826285221152,-1.11657083521588E-15,-0.287347885566344));
#5460=DIRECTION('',(1.83697019872103E-16,1.,0.));
#5461=DIRECTION('center_axis',(-2.22044604925031E-16,1.,0.));
#5462=DIRECTION('ref_axis',(1.,2.22044604925031E-16,0.));
#5463=DIRECTION('',(0.,0.,1.));
#5464=DIRECTION('',(1.,2.22044604925031E-16,0.));
#5465=DIRECTION('',(-1.,-2.22044604925031E-16,0.));
#5466=DIRECTION('center_axis',(2.22044604925031E-16,-1.,0.));
#5467=DIRECTION('ref_axis',(-1.,-2.22044604925031E-16,0.));
#5468=DIRECTION('',(-1.,-2.22044604925031E-16,0.));
#5469=DIRECTION('',(0.,0.,-1.));
#5470=DIRECTION('center_axis',(1.,2.22044604925031E-16,0.));
#5471=DIRECTION('ref_axis',(2.22044604925031E-16,-1.,0.));
#5472=DIRECTION('',(2.22044604925031E-16,-1.,0.));
#5473=DIRECTION('center_axis',(0.,0.,-1.));
#5474=DIRECTION('ref_axis',(-2.22044604925031E-16,1.,0.));
#5475=DIRECTION('center_axis',(0.,0.,1.));
#5476=DIRECTION('ref_axis',(2.22044604925031E-16,-1.,0.));
#5477=DIRECTION('',(1.83697019872103E-16,1.,0.));
#5478=DIRECTION('',(-1.,-2.22044604925031E-16,0.));
#5479=DIRECTION('',(-2.22044604925031E-16,1.,0.));
#5480=DIRECTION('',(-1.,-2.22044604925031E-16,0.));
#5481=DIRECTION('center_axis',(-0.287347885566344,-6.38040477266219E-17,
-0.957826285221152));
#5482=DIRECTION('ref_axis',(0.957826285221152,-1.11657083521588E-15,-0.287347885566344));
#5483=DIRECTION('',(0.957826285221152,-1.11657083521588E-15,-0.287347885566344));
#5484=DIRECTION('',(-2.22044604925031E-16,1.,0.));
#5485=DIRECTION('',(0.957826285221152,-1.11657083521588E-15,-0.287347885566344));
#5486=DIRECTION('',(1.83697019872103E-16,1.,0.));
#5487=DIRECTION('center_axis',(-2.22044604925031E-16,1.,0.));
#5488=DIRECTION('ref_axis',(1.,2.22044604925031E-16,0.));
#5489=DIRECTION('',(0.,0.,1.));
#5490=DIRECTION('',(1.,2.22044604925031E-16,0.));
#5491=DIRECTION('',(-1.,-2.22044604925031E-16,0.));
#5492=DIRECTION('center_axis',(2.22044604925031E-16,-1.,0.));
#5493=DIRECTION('ref_axis',(-1.,-2.22044604925031E-16,0.));
#5494=DIRECTION('',(-1.,-2.22044604925031E-16,0.));
#5495=DIRECTION('',(0.,0.,-1.));
#5496=DIRECTION('',(1.,2.22044604925031E-16,0.));
#5497=DIRECTION('center_axis',(1.,2.22044604925031E-16,0.));
#5498=DIRECTION('ref_axis',(2.22044604925031E-16,-1.,0.));
#5499=DIRECTION('',(2.22044604925031E-16,-1.,0.));
#5500=DIRECTION('center_axis',(0.,0.,-1.));
#5501=DIRECTION('ref_axis',(-2.22044604925031E-16,1.,0.));
#5502=DIRECTION('center_axis',(0.,0.,-1.));
#5503=DIRECTION('ref_axis',(1.83697019872103E-16,1.,0.));
#5504=DIRECTION('',(1.83697019872103E-16,1.,0.));
#5505=DIRECTION('',(1.83697019872103E-16,1.,0.));
#5506=DIRECTION('center_axis',(0.,0.,-1.));
#5507=DIRECTION('ref_axis',(2.22044604925031E-16,1.,0.));
#5508=DIRECTION('',(1.83697019872103E-16,1.,0.));
#5509=DIRECTION('',(-1.,2.22044604925031E-16,0.));
#5510=DIRECTION('',(-2.22044604925031E-16,-1.,0.));
#5511=DIRECTION('',(-1.,2.22044604925031E-16,0.));
#5512=DIRECTION('center_axis',(0.287347885566344,-6.38040477266219E-17,
0.957826285221152));
#5513=DIRECTION('ref_axis',(0.957826285221152,1.11657083521588E-15,-0.287347885566344));
#5514=DIRECTION('',(0.957826285221152,1.11657083521588E-15,-0.287347885566344));
#5515=DIRECTION('',(1.83697019872103E-16,1.,0.));
#5516=DIRECTION('',(0.957826285221152,1.11657083521588E-15,-0.287347885566344));
#5517=DIRECTION('',(-2.22044604925031E-16,-1.,0.));
#5518=DIRECTION('center_axis',(2.22044604925031E-16,1.,0.));
#5519=DIRECTION('ref_axis',(1.,-2.22044604925031E-16,0.));
#5520=DIRECTION('',(0.,0.,1.));
#5521=DIRECTION('',(1.,-2.22044604925031E-16,0.));
#5522=DIRECTION('',(1.,-2.22044604925031E-16,0.));
#5523=DIRECTION('center_axis',(-2.22044604925031E-16,-1.,0.));
#5524=DIRECTION('ref_axis',(-1.,2.22044604925031E-16,0.));
#5525=DIRECTION('',(-1.,2.22044604925031E-16,0.));
#5526=DIRECTION('',(-1.,2.22044604925031E-16,0.));
#5527=DIRECTION('',(0.,0.,-1.));
#5528=DIRECTION('center_axis',(-1.,2.22044604925031E-16,0.));
#5529=DIRECTION('ref_axis',(2.22044604925031E-16,1.,0.));
#5530=DIRECTION('',(2.22044604925031E-16,1.,0.));
#5531=DIRECTION('center_axis',(0.,0.,1.));
#5532=DIRECTION('ref_axis',(-2.22044604925031E-16,-1.,0.));
#5533=DIRECTION('center_axis',(0.,0.,-1.));
#5534=DIRECTION('ref_axis',(1.83697019872103E-16,1.,0.));
#5535=DIRECTION('',(1.83697019872103E-16,1.,0.));
#5536=DIRECTION('',(1.83697019872103E-16,1.,0.));
#5537=DIRECTION('center_axis',(0.,0.,-1.));
#5538=DIRECTION('ref_axis',(2.22044604925031E-16,1.,0.));
#5539=DIRECTION('',(1.83697019872103E-16,1.,0.));
#5540=DIRECTION('',(-1.,2.22044604925031E-16,0.));
#5541=DIRECTION('',(-2.22044604925031E-16,-1.,0.));
#5542=DIRECTION('',(-1.,2.22044604925031E-16,0.));
#5543=DIRECTION('center_axis',(0.287347885566344,-6.38040477266219E-17,
0.957826285221152));
#5544=DIRECTION('ref_axis',(0.957826285221152,1.11657083521588E-15,-0.287347885566344));
#5545=DIRECTION('',(0.957826285221152,1.11657083521588E-15,-0.287347885566344));
#5546=DIRECTION('',(1.83697019872103E-16,1.,0.));
#5547=DIRECTION('',(0.957826285221152,1.11657083521588E-15,-0.287347885566344));
#5548=DIRECTION('',(-2.22044604925031E-16,-1.,0.));
#5549=DIRECTION('center_axis',(2.22044604925031E-16,1.,0.));
#5550=DIRECTION('ref_axis',(1.,-2.22044604925031E-16,0.));
#5551=DIRECTION('',(0.,0.,1.));
#5552=DIRECTION('',(1.,-2.22044604925031E-16,0.));
#5553=DIRECTION('',(1.,-2.22044604925031E-16,0.));
#5554=DIRECTION('center_axis',(-2.22044604925031E-16,-1.,0.));
#5555=DIRECTION('ref_axis',(-1.,2.22044604925031E-16,0.));
#5556=DIRECTION('',(-1.,2.22044604925031E-16,0.));
#5557=DIRECTION('',(-1.,2.22044604925031E-16,0.));
#5558=DIRECTION('',(0.,0.,-1.));
#5559=DIRECTION('center_axis',(-1.,2.22044604925031E-16,0.));
#5560=DIRECTION('ref_axis',(2.22044604925031E-16,1.,0.));
#5561=DIRECTION('',(2.22044604925031E-16,1.,0.));
#5562=DIRECTION('center_axis',(0.,0.,1.));
#5563=DIRECTION('ref_axis',(-2.22044604925031E-16,-1.,0.));
#5564=DIRECTION('center_axis',(0.,0.,-1.));
#5565=DIRECTION('ref_axis',(1.83697019872103E-16,1.,0.));
#5566=DIRECTION('',(1.83697019872103E-16,1.,0.));
#5567=DIRECTION('',(1.83697019872103E-16,1.,0.));
#5568=DIRECTION('center_axis',(0.,0.,-1.));
#5569=DIRECTION('ref_axis',(1.,0.,0.));
#5570=DIRECTION('',(1.,-1.22464679914735E-16,0.));
#5571=DIRECTION('',(0.,1.,0.));
#5572=DIRECTION('',(-1.,0.,0.));
#5573=DIRECTION('',(0.,1.,0.));
#5574=DIRECTION('center_axis',(0.,-0.287347885566344,0.957826285221152));
#5575=DIRECTION('ref_axis',(1.32925099430462E-15,-0.957826285221152,-0.287347885566344));
#5576=DIRECTION('',(1.32925099430462E-15,-0.957826285221152,-0.287347885566344));
#5577=DIRECTION('',(1.,-1.22464679914735E-16,0.));
#5578=DIRECTION('',(1.32925099430462E-15,-0.957826285221152,-0.287347885566344));
#5579=DIRECTION('',(-1.,0.,0.));
#5580=DIRECTION('center_axis',(1.,0.,0.));
#5581=DIRECTION('ref_axis',(0.,-1.,0.));
#5582=DIRECTION('',(0.,0.,1.));
#5583=DIRECTION('',(0.,-1.,0.));
#5584=DIRECTION('',(0.,-1.,0.));
#5585=DIRECTION('center_axis',(-1.,0.,0.));
#5586=DIRECTION('ref_axis',(0.,1.,0.));
#5587=DIRECTION('',(0.,1.,0.));
#5588=DIRECTION('',(0.,1.,0.));
#5589=DIRECTION('',(0.,0.,-1.));
#5590=DIRECTION('center_axis',(0.,1.,0.));
#5591=DIRECTION('ref_axis',(1.,0.,0.));
#5592=DIRECTION('',(1.,0.,0.));
#5593=DIRECTION('center_axis',(0.,0.,1.));
#5594=DIRECTION('ref_axis',(-1.,0.,0.));
#5595=DIRECTION('center_axis',(0.,0.,-1.));
#5596=DIRECTION('ref_axis',(1.83697019872103E-16,1.,0.));
#5597=DIRECTION('',(1.83697019872103E-16,1.,0.));
#5598=DIRECTION('',(1.,-1.22464679914735E-16,0.));
#5599=DIRECTION('',(1.,-1.22464679914735E-16,0.));
#5600=DIRECTION('',(1.83697019872103E-16,1.,0.));
#5601=DIRECTION('center_axis',(0.,0.,-1.));
#5602=DIRECTION('ref_axis',(1.,0.,0.));
#5603=DIRECTION('',(1.,-1.22464679914735E-16,0.));
#5604=DIRECTION('',(0.,1.,0.));
#5605=DIRECTION('',(-1.,0.,0.));
#5606=DIRECTION('',(0.,1.,0.));
#5607=DIRECTION('center_axis',(0.,-0.287347885566344,0.957826285221152));
#5608=DIRECTION('ref_axis',(1.32925099430462E-15,-0.957826285221152,-0.287347885566344));
#5609=DIRECTION('',(1.32925099430462E-15,-0.957826285221152,-0.287347885566344));
#5610=DIRECTION('',(1.,-1.22464679914735E-16,0.));
#5611=DIRECTION('',(1.32925099430462E-15,-0.957826285221152,-0.287347885566344));
#5612=DIRECTION('',(-1.,0.,0.));
#5613=DIRECTION('center_axis',(1.,0.,0.));
#5614=DIRECTION('ref_axis',(0.,-1.,0.));
#5615=DIRECTION('',(0.,0.,1.));
#5616=DIRECTION('',(0.,-1.,0.));
#5617=DIRECTION('',(0.,-1.,0.));
#5618=DIRECTION('center_axis',(-1.,0.,0.));
#5619=DIRECTION('ref_axis',(0.,1.,0.));
#5620=DIRECTION('',(0.,1.,0.));
#5621=DIRECTION('',(0.,1.,0.));
#5622=DIRECTION('',(0.,0.,-1.));
#5623=DIRECTION('center_axis',(0.,1.,0.));
#5624=DIRECTION('ref_axis',(1.,0.,0.));
#5625=DIRECTION('',(1.,0.,0.));
#5626=DIRECTION('center_axis',(0.,0.,1.));
#5627=DIRECTION('ref_axis',(-1.,0.,0.));
#5628=DIRECTION('center_axis',(0.,0.,-1.));
#5629=DIRECTION('ref_axis',(1.83697019872103E-16,1.,0.));
#5630=DIRECTION('',(1.,-1.22464679914735E-16,0.));
#5631=DIRECTION('',(1.,-1.22464679914735E-16,0.));
#5632=DIRECTION('center_axis',(0.,0.,-1.));
#5633=DIRECTION('ref_axis',(1.,0.,0.));
#5634=DIRECTION('',(1.,-1.22464679914735E-16,0.));
#5635=DIRECTION('',(0.,1.,0.));
#5636=DIRECTION('',(-1.,0.,0.));
#5637=DIRECTION('',(0.,1.,0.));
#5638=DIRECTION('center_axis',(0.,-0.287347885566344,0.957826285221152));
#5639=DIRECTION('ref_axis',(1.32925099430462E-15,-0.957826285221152,-0.287347885566344));
#5640=DIRECTION('',(1.32925099430462E-15,-0.957826285221152,-0.287347885566344));
#5641=DIRECTION('',(1.,-1.22464679914735E-16,0.));
#5642=DIRECTION('',(1.32925099430462E-15,-0.957826285221152,-0.287347885566344));
#5643=DIRECTION('',(-1.,0.,0.));
#5644=DIRECTION('center_axis',(1.,0.,0.));
#5645=DIRECTION('ref_axis',(0.,-1.,0.));
#5646=DIRECTION('',(0.,0.,1.));
#5647=DIRECTION('',(0.,-1.,0.));
#5648=DIRECTION('',(0.,-1.,0.));
#5649=DIRECTION('center_axis',(-1.,0.,0.));
#5650=DIRECTION('ref_axis',(0.,1.,0.));
#5651=DIRECTION('',(0.,1.,0.));
#5652=DIRECTION('',(0.,1.,0.));
#5653=DIRECTION('',(0.,0.,-1.));
#5654=DIRECTION('center_axis',(0.,1.,0.));
#5655=DIRECTION('ref_axis',(1.,0.,0.));
#5656=DIRECTION('',(1.,0.,0.));
#5657=DIRECTION('center_axis',(0.,0.,1.));
#5658=DIRECTION('ref_axis',(-1.,0.,0.));
#5659=DIRECTION('center_axis',(0.,0.,-1.));
#5660=DIRECTION('ref_axis',(1.83697019872103E-16,1.,0.));
#5661=DIRECTION('',(1.,-1.22464679914735E-16,0.));
#5662=DIRECTION('',(1.,-1.22464679914735E-16,0.));
#5663=DIRECTION('center_axis',(0.,0.,-1.));
#5664=DIRECTION('ref_axis',(-2.22044604925031E-16,-1.,0.));
#5665=DIRECTION('',(-6.12323399573677E-17,-1.,0.));
#5666=DIRECTION('',(1.,-2.22044604925031E-16,0.));
#5667=DIRECTION('',(2.22044604925031E-16,1.,0.));
#5668=DIRECTION('',(1.,-2.22044604925031E-16,0.));
#5669=DIRECTION('center_axis',(-0.287347885566344,6.38040477266219E-17,
0.957826285221152));
#5670=DIRECTION('ref_axis',(-0.957826285221152,-1.11657083521588E-15,-0.287347885566344));
#5671=DIRECTION('',(-0.957826285221152,-1.11657083521588E-15,-0.287347885566344));
#5672=DIRECTION('',(-6.12323399573677E-17,-1.,0.));
#5673=DIRECTION('',(-0.957826285221152,-1.11657083521588E-15,-0.287347885566344));
#5674=DIRECTION('',(2.22044604925031E-16,1.,0.));
#5675=DIRECTION('center_axis',(-2.22044604925031E-16,-1.,0.));
#5676=DIRECTION('ref_axis',(-1.,2.22044604925031E-16,0.));
#5677=DIRECTION('',(0.,0.,1.));
#5678=DIRECTION('',(-1.,2.22044604925031E-16,0.));
#5679=DIRECTION('',(-1.,2.22044604925031E-16,0.));
#5680=DIRECTION('center_axis',(2.22044604925031E-16,1.,0.));
#5681=DIRECTION('ref_axis',(1.,-2.22044604925031E-16,0.));
#5682=DIRECTION('',(1.,-2.22044604925031E-16,0.));
#5683=DIRECTION('',(0.,0.,-1.));
#5684=DIRECTION('center_axis',(1.,-2.22044604925031E-16,0.));
#5685=DIRECTION('ref_axis',(-2.22044604925031E-16,-1.,0.));
#5686=DIRECTION('',(-2.22044604925031E-16,-1.,0.));
#5687=DIRECTION('center_axis',(0.,0.,1.));
#5688=DIRECTION('ref_axis',(2.22044604925031E-16,1.,0.));
#5689=DIRECTION('center_axis',(0.,0.,-1.));
#5690=DIRECTION('ref_axis',(1.83697019872103E-16,1.,0.));
#5691=DIRECTION('',(-6.12323399573677E-17,-1.,0.));
#5692=DIRECTION('',(1.,-2.22044604925031E-16,0.));
#5693=DIRECTION('',(-6.12323399573677E-17,-1.,0.));
#5694=DIRECTION('center_axis',(0.,0.,-1.));
#5695=DIRECTION('ref_axis',(-2.22044604925031E-16,-1.,0.));
#5696=DIRECTION('',(-6.12323399573677E-17,-1.,0.));
#5697=DIRECTION('',(1.,-2.22044604925031E-16,0.));
#5698=DIRECTION('',(2.22044604925031E-16,1.,0.));
#5699=DIRECTION('',(1.,-2.22044604925031E-16,0.));
#5700=DIRECTION('center_axis',(-0.287347885566344,6.38040477266219E-17,
0.957826285221152));
#5701=DIRECTION('ref_axis',(-0.957826285221152,-1.11657083521588E-15,-0.287347885566344));
#5702=DIRECTION('',(-0.957826285221152,-1.11657083521588E-15,-0.287347885566344));
#5703=DIRECTION('',(-6.12323399573677E-17,-1.,0.));
#5704=DIRECTION('',(-0.957826285221152,-1.11657083521588E-15,-0.287347885566344));
#5705=DIRECTION('',(2.22044604925031E-16,1.,0.));
#5706=DIRECTION('center_axis',(-2.22044604925031E-16,-1.,0.));
#5707=DIRECTION('ref_axis',(-1.,2.22044604925031E-16,0.));
#5708=DIRECTION('',(0.,0.,1.));
#5709=DIRECTION('',(-1.,2.22044604925031E-16,0.));
#5710=DIRECTION('',(-1.,2.22044604925031E-16,0.));
#5711=DIRECTION('center_axis',(2.22044604925031E-16,1.,0.));
#5712=DIRECTION('ref_axis',(1.,-2.22044604925031E-16,0.));
#5713=DIRECTION('',(1.,-2.22044604925031E-16,0.));
#5714=DIRECTION('',(0.,0.,-1.));
#5715=DIRECTION('center_axis',(1.,-2.22044604925031E-16,0.));
#5716=DIRECTION('ref_axis',(-2.22044604925031E-16,-1.,0.));
#5717=DIRECTION('',(-2.22044604925031E-16,-1.,0.));
#5718=DIRECTION('center_axis',(0.,0.,1.));
#5719=DIRECTION('ref_axis',(2.22044604925031E-16,1.,0.));
#5720=DIRECTION('center_axis',(0.,0.,-1.));
#5721=DIRECTION('ref_axis',(1.83697019872103E-16,1.,0.));
#5722=DIRECTION('',(-6.12323399573677E-17,-1.,0.));
#5723=DIRECTION('',(1.,2.22044604925031E-16,0.));
#5724=DIRECTION('',(-6.12323399573677E-17,-1.,0.));
#5725=DIRECTION('center_axis',(0.,0.,1.));
#5726=DIRECTION('ref_axis',(-2.22044604925031E-16,1.,0.));
#5727=DIRECTION('',(-6.12323399573677E-17,-1.,0.));
#5728=DIRECTION('',(1.,2.22044604925031E-16,0.));
#5729=DIRECTION('',(2.22044604925031E-16,-1.,0.));
#5730=DIRECTION('',(1.,2.22044604925031E-16,0.));
#5731=DIRECTION('center_axis',(0.287347885566344,6.38040477266219E-17,-0.957826285221152));
#5732=DIRECTION('ref_axis',(-0.957826285221152,1.11657083521588E-15,-0.287347885566344));
#5733=DIRECTION('',(-0.957826285221152,1.11657083521588E-15,-0.287347885566344));
#5734=DIRECTION('',(2.22044604925031E-16,-1.,0.));
#5735=DIRECTION('',(-0.957826285221152,1.11657083521588E-15,-0.287347885566344));
#5736=DIRECTION('',(-6.12323399573677E-17,-1.,0.));
#5737=DIRECTION('center_axis',(2.22044604925031E-16,-1.,0.));
#5738=DIRECTION('ref_axis',(-1.,-2.22044604925031E-16,0.));
#5739=DIRECTION('',(0.,0.,1.));
#5740=DIRECTION('',(-1.,-2.22044604925031E-16,0.));
#5741=DIRECTION('center_axis',(-2.22044604925031E-16,1.,0.));
#5742=DIRECTION('ref_axis',(1.,2.22044604925031E-16,0.));
#5743=DIRECTION('',(1.,2.22044604925031E-16,0.));
#5744=DIRECTION('',(0.,0.,-1.));
#5745=DIRECTION('',(-1.,-2.22044604925031E-16,0.));
#5746=DIRECTION('center_axis',(-1.,-2.22044604925031E-16,0.));
#5747=DIRECTION('ref_axis',(-2.22044604925031E-16,1.,0.));
#5748=DIRECTION('',(-2.22044604925031E-16,1.,0.));
#5749=DIRECTION('center_axis',(0.,0.,-1.));
#5750=DIRECTION('ref_axis',(2.22044604925031E-16,-1.,0.));
#5751=DIRECTION('center_axis',(0.,0.,-1.));
#5752=DIRECTION('ref_axis',(1.83697019872103E-16,1.,0.));
#5753=DIRECTION('',(-6.12323399573677E-17,-1.,0.));
#5754=DIRECTION('',(1.,2.22044604925031E-16,0.));
#5755=DIRECTION('',(-6.12323399573677E-17,-1.,0.));
#5756=DIRECTION('center_axis',(0.,0.,1.));
#5757=DIRECTION('ref_axis',(-2.22044604925031E-16,1.,0.));
#5758=DIRECTION('',(-6.12323399573677E-17,-1.,0.));
#5759=DIRECTION('',(1.,2.22044604925031E-16,0.));
#5760=DIRECTION('',(2.22044604925031E-16,-1.,0.));
#5761=DIRECTION('',(1.,2.22044604925031E-16,0.));
#5762=DIRECTION('center_axis',(0.287347885566344,6.38040477266219E-17,-0.957826285221152));
#5763=DIRECTION('ref_axis',(-0.957826285221152,1.11657083521588E-15,-0.287347885566344));
#5764=DIRECTION('',(-0.957826285221152,1.11657083521588E-15,-0.287347885566344));
#5765=DIRECTION('',(2.22044604925031E-16,-1.,0.));
#5766=DIRECTION('',(-0.957826285221152,1.11657083521588E-15,-0.287347885566344));
#5767=DIRECTION('',(-6.12323399573677E-17,-1.,0.));
#5768=DIRECTION('center_axis',(2.22044604925031E-16,-1.,0.));
#5769=DIRECTION('ref_axis',(-1.,-2.22044604925031E-16,0.));
#5770=DIRECTION('',(0.,0.,1.));
#5771=DIRECTION('',(-1.,-2.22044604925031E-16,0.));
#5772=DIRECTION('center_axis',(-2.22044604925031E-16,1.,0.));
#5773=DIRECTION('ref_axis',(1.,2.22044604925031E-16,0.));
#5774=DIRECTION('',(1.,2.22044604925031E-16,0.));
#5775=DIRECTION('',(0.,0.,-1.));
#5776=DIRECTION('',(-1.,-2.22044604925031E-16,0.));
#5777=DIRECTION('center_axis',(-1.,-2.22044604925031E-16,0.));
#5778=DIRECTION('ref_axis',(-2.22044604925031E-16,1.,0.));
#5779=DIRECTION('',(-2.22044604925031E-16,1.,0.));
#5780=DIRECTION('center_axis',(0.,0.,-1.));
#5781=DIRECTION('ref_axis',(2.22044604925031E-16,-1.,0.));
#5782=DIRECTION('center_axis',(0.,0.,1.));
#5783=DIRECTION('ref_axis',(-1.,1.22464679914735E-16,0.));
#5784=DIRECTION('',(1.,-1.22464679914735E-16,0.));
#5785=DIRECTION('',(-1.22464679914735E-16,-1.,0.));
#5786=DIRECTION('',(-1.,1.22464679914735E-16,0.));
#5787=DIRECTION('',(-1.22464679914735E-16,-1.,0.));
#5788=DIRECTION('center_axis',(-1.,1.22464679914735E-16,0.));
#5789=DIRECTION('ref_axis',(0.,0.,-1.));
#5790=DIRECTION('',(0.,0.,1.));
#5791=DIRECTION('',(0.,0.,-1.));
#5792=DIRECTION('',(-1.22464679914735E-16,-1.,0.));
#5793=DIRECTION('center_axis',(0.,0.,-1.));
#5794=DIRECTION('ref_axis',(1.,-1.22464679914735E-16,0.));
#5795=DIRECTION('',(-1.,1.22464679914735E-16,0.));
#5796=DIRECTION('',(1.,-1.22464679914735E-16,0.));
#5797=DIRECTION('',(-1.22464679914735E-16,-1.,0.));
#5798=DIRECTION('center_axis',(1.,-1.22464679914735E-16,0.));
#5799=DIRECTION('ref_axis',(0.,0.,1.));
#5800=DIRECTION('',(0.,0.,-1.));
#5801=DIRECTION('',(0.,0.,1.));
#5802=DIRECTION('center_axis',(0.,0.,-1.));
#5803=DIRECTION('ref_axis',(1.,-1.22464679914735E-16,0.));
#5804=DIRECTION('',(-1.,1.22464679914735E-16,0.));
#5805=DIRECTION('',(-1.22464679914735E-16,-1.,0.));
#5806=DIRECTION('',(1.,-1.22464679914735E-16,0.));
#5807=DIRECTION('',(-1.22464679914735E-16,-1.,0.));
#5808=DIRECTION('center_axis',(1.,-1.22464679914735E-16,0.));
#5809=DIRECTION('ref_axis',(0.,0.,1.));
#5810=DIRECTION('',(0.,0.,-1.));
#5811=DIRECTION('',(0.,0.,1.));
#5812=DIRECTION('',(-1.22464679914735E-16,-1.,0.));
#5813=DIRECTION('center_axis',(0.,0.,1.));
#5814=DIRECTION('ref_axis',(-1.,1.22464679914735E-16,0.));
#5815=DIRECTION('',(1.,-1.22464679914735E-16,0.));
#5816=DIRECTION('',(-1.,1.22464679914735E-16,0.));
#5817=DIRECTION('',(-1.22464679914735E-16,-1.,0.));
#5818=DIRECTION('center_axis',(-1.,1.22464679914735E-16,0.));
#5819=DIRECTION('ref_axis',(0.,0.,-1.));
#5820=DIRECTION('',(0.,0.,1.));
#5821=DIRECTION('',(0.,0.,-1.));
#5822=DIRECTION('center_axis',(1.,-1.22464679914735E-16,0.));
#5823=DIRECTION('ref_axis',(0.,0.,1.));
#5824=DIRECTION('',(0.,0.,-1.));
#5825=DIRECTION('',(-1.22464679914735E-16,-1.,0.));
#5826=DIRECTION('',(0.,0.,1.));
#5827=DIRECTION('',(-1.22464679914735E-16,-1.,0.));
#5828=DIRECTION('center_axis',(-1.,1.22464679914735E-16,0.));
#5829=DIRECTION('ref_axis',(0.,0.,-1.));
#5830=DIRECTION('',(0.,0.,1.));
#5831=DIRECTION('',(-1.22464679914735E-16,-1.,0.));
#5832=DIRECTION('',(0.,0.,-1.));
#5833=DIRECTION('',(-1.22464679914735E-16,-1.,0.));
#5834=DIRECTION('center_axis',(-1.22464679914735E-16,-1.,0.));
#5835=DIRECTION('ref_axis',(0.,0.,1.));
#5836=DIRECTION('',(0.,0.,-1.));
#5837=DIRECTION('',(-1.,1.22464679914735E-16,0.));
#5838=DIRECTION('',(1.,-1.22464679914735E-16,0.));
#5839=DIRECTION('',(0.,0.,-1.));
#5840=DIRECTION('',(-1.,1.22464679914735E-16,0.));
#5841=DIRECTION('',(0.,0.,1.));
#5842=DIRECTION('',(1.,-1.22464679914735E-16,0.));
#5843=DIRECTION('',(-1.,1.22464679914735E-16,0.));
#5844=DIRECTION('',(0.,0.,1.));
#5845=DIRECTION('',(1.,-1.22464679914735E-16,0.));
#5846=DIRECTION('center_axis',(0.,0.,1.));
#5847=DIRECTION('ref_axis',(6.12323399573677E-17,1.,0.));
#5848=DIRECTION('',(6.12323399573677E-17,1.,0.));
#5849=DIRECTION('',(-1.,6.12323399573677E-17,0.));
#5850=DIRECTION('',(-6.12323399573677E-17,-1.,0.));
#5851=DIRECTION('',(1.,-1.22464679914735E-16,0.));
#5852=DIRECTION('center_axis',(0.,0.,-1.));
#5853=DIRECTION('ref_axis',(1.83697019872103E-16,1.,0.));
#5854=DIRECTION('',(1.83697019872103E-16,1.,0.));
#5855=DIRECTION('',(1.,-1.83697019872103E-16,0.));
#5856=DIRECTION('',(-1.83697019872103E-16,-1.,0.));
#5857=DIRECTION('',(-1.,1.22464679914735E-16,0.));
#5858=DIRECTION('center_axis',(1.,-1.83697019872103E-16,0.));
#5859=DIRECTION('ref_axis',(0.,0.,1.));
#5860=DIRECTION('',(-1.83697019872103E-16,-1.,0.));
#5861=DIRECTION('',(0.,0.,1.));
#5862=DIRECTION('',(-1.83697019872103E-16,-1.,0.));
#5863=DIRECTION('',(0.,0.,-1.));
#5864=DIRECTION('',(1.83697019872103E-16,1.,0.));
#5865=DIRECTION('',(0.,0.,-1.));
#5866=DIRECTION('',(-1.83697019872103E-16,-1.,0.));
#5867=DIRECTION('',(0.,0.,-1.));
#5868=DIRECTION('',(0.,0.,-1.));
#5869=DIRECTION('',(-1.83697019872103E-16,-1.,0.));
#5870=DIRECTION('',(0.,0.,1.));
#5871=DIRECTION('',(1.83697019872103E-16,1.,0.));
#5872=DIRECTION('',(0.,0.,1.));
#5873=DIRECTION('',(1.83697019872103E-16,1.,0.));
#5874=DIRECTION('',(0.,0.,-1.));
#5875=DIRECTION('',(-1.83697019872103E-16,-1.,0.));
#5876=DIRECTION('center_axis',(-1.,6.12323399573677E-17,0.));
#5877=DIRECTION('ref_axis',(0.,0.,1.));
#5878=DIRECTION('',(-6.12323399573677E-17,-1.,0.));
#5879=DIRECTION('',(0.,0.,1.));
#5880=DIRECTION('',(6.12323399573677E-17,1.,0.));
#5881=DIRECTION('',(0.,0.,1.));
#5882=DIRECTION('',(-6.12323399573677E-17,-1.,0.));
#5883=DIRECTION('',(0.,0.,1.));
#5884=DIRECTION('',(6.12323399573677E-17,1.,0.));
#5885=DIRECTION('',(-6.12323399573677E-17,-1.,0.));
#5886=DIRECTION('',(0.,0.,-1.));
#5887=DIRECTION('',(0.,0.,-1.));
#5888=DIRECTION('',(6.12323399573677E-17,1.,0.));
#5889=DIRECTION('',(0.,0.,1.));
#5890=DIRECTION('',(-6.12323399573677E-17,-1.,0.));
#5891=DIRECTION('',(0.,0.,1.));
#5892=DIRECTION('',(-6.12323399573677E-17,-1.,0.));
#5893=DIRECTION('',(0.,0.,-1.));
#5894=DIRECTION('',(6.12323399573677E-17,1.,0.));
#5895=DIRECTION('center_axis',(0.,0.,1.));
#5896=DIRECTION('ref_axis',(1.,0.,0.));
#5897=DIRECTION('',(-1.,0.,0.));
#5898=DIRECTION('',(0.,1.,0.));
#5899=DIRECTION('',(1.,0.,0.));
#5900=DIRECTION('',(0.,1.,0.));
#5901=DIRECTION('center_axis',(1.,0.,0.));
#5902=DIRECTION('ref_axis',(0.,0.,-1.));
#5903=DIRECTION('',(0.,0.,1.));
#5904=DIRECTION('',(0.,0.,-1.));
#5905=DIRECTION('',(0.,1.,0.));
#5906=DIRECTION('center_axis',(0.,0.,-1.));
#5907=DIRECTION('ref_axis',(-1.,0.,0.));
#5908=DIRECTION('',(1.,0.,0.));
#5909=DIRECTION('',(-1.,0.,0.));
#5910=DIRECTION('',(0.,1.,0.));
#5911=DIRECTION('center_axis',(-1.,0.,0.));
#5912=DIRECTION('ref_axis',(0.,0.,1.));
#5913=DIRECTION('',(0.,0.,-1.));
#5914=DIRECTION('',(0.,0.,1.));
#5915=DIRECTION('center_axis',(0.,0.,-1.));
#5916=DIRECTION('ref_axis',(-1.,0.,0.));
#5917=DIRECTION('',(1.,0.,0.));
#5918=DIRECTION('',(0.,1.,0.));
#5919=DIRECTION('',(-1.,0.,0.));
#5920=DIRECTION('',(0.,1.,0.));
#5921=DIRECTION('center_axis',(-1.,0.,0.));
#5922=DIRECTION('ref_axis',(0.,0.,1.));
#5923=DIRECTION('',(0.,0.,-1.));
#5924=DIRECTION('',(0.,0.,1.));
#5925=DIRECTION('',(0.,1.,0.));
#5926=DIRECTION('center_axis',(0.,0.,1.));
#5927=DIRECTION('ref_axis',(1.,0.,0.));
#5928=DIRECTION('',(-1.,0.,0.));
#5929=DIRECTION('',(1.,0.,0.));
#5930=DIRECTION('',(0.,1.,0.));
#5931=DIRECTION('center_axis',(1.,0.,0.));
#5932=DIRECTION('ref_axis',(0.,0.,-1.));
#5933=DIRECTION('',(0.,0.,1.));
#5934=DIRECTION('',(0.,0.,-1.));
#5935=DIRECTION('center_axis',(-1.,0.,0.));
#5936=DIRECTION('ref_axis',(0.,0.,1.));
#5937=DIRECTION('',(0.,0.,-1.));
#5938=DIRECTION('',(0.,1.,0.));
#5939=DIRECTION('',(0.,0.,1.));
#5940=DIRECTION('',(0.,1.,0.));
#5941=DIRECTION('center_axis',(1.,0.,0.));
#5942=DIRECTION('ref_axis',(0.,0.,-1.));
#5943=DIRECTION('',(0.,0.,1.));
#5944=DIRECTION('',(0.,1.,0.));
#5945=DIRECTION('',(0.,0.,-1.));
#5946=DIRECTION('',(0.,1.,0.));
#5947=DIRECTION('center_axis',(0.,1.,0.));
#5948=DIRECTION('ref_axis',(0.,0.,1.));
#5949=DIRECTION('',(1.,0.,0.));
#5950=DIRECTION('',(-1.,0.,0.));
#5951=DIRECTION('',(1.,0.,0.));
#5952=DIRECTION('',(-1.,0.,0.));
#5953=DIRECTION('',(1.,0.,0.));
#5954=DIRECTION('center_axis',(0.,0.,1.));
#5955=DIRECTION('ref_axis',(6.12323399573677E-17,1.,0.));
#5956=DIRECTION('',(-6.12323399573677E-17,-1.,0.));
#5957=DIRECTION('',(-1.,6.12323399573677E-17,0.));
#5958=DIRECTION('',(-1.,0.,0.));
#5959=DIRECTION('center_axis',(0.,0.,1.));
#5960=DIRECTION('ref_axis',(6.12323399573677E-17,1.,0.));
#5961=DIRECTION('',(-6.12323399573677E-17,-1.,0.));
#5962=DIRECTION('',(-1.,6.12323399573677E-17,0.));
#5963=DIRECTION('',(-1.,6.12323399573677E-17,0.));
#5964=DIRECTION('center_axis',(6.12323399573677E-17,1.,0.));
#5965=DIRECTION('ref_axis',(0.,0.,-1.));
#5966=DIRECTION('',(0.,0.,1.));
#5967=DIRECTION('',(-1.,6.12323399573677E-17,0.));
#5968=DIRECTION('center_axis',(0.,0.,-1.));
#5969=DIRECTION('ref_axis',(-6.12323399573677E-17,-1.,0.));
#5970=DIRECTION('',(6.12323399573677E-17,1.,0.));
#5971=DIRECTION('',(-1.,6.12323399573677E-17,0.));
#5972=DIRECTION('center_axis',(-6.12323399573677E-17,-1.,0.));
#5973=DIRECTION('ref_axis',(0.,0.,1.));
#5974=DIRECTION('',(0.,0.,-1.));
#5975=DIRECTION('center_axis',(0.,0.,-1.));
#5976=DIRECTION('ref_axis',(-6.12323399573677E-17,-1.,0.));
#5977=DIRECTION('',(6.12323399573677E-17,1.,0.));
#5978=DIRECTION('',(-1.,6.12323399573677E-17,0.));
#5979=DIRECTION('',(-1.,6.12323399573677E-17,0.));
#5980=DIRECTION('center_axis',(-6.12323399573677E-17,-1.,0.));
#5981=DIRECTION('ref_axis',(0.,0.,1.));
#5982=DIRECTION('',(0.,0.,-1.));
#5983=DIRECTION('',(-1.,6.12323399573677E-17,0.));
#5984=DIRECTION('center_axis',(0.,0.,1.));
#5985=DIRECTION('ref_axis',(6.12323399573677E-17,1.,0.));
#5986=DIRECTION('',(-6.12323399573677E-17,-1.,0.));
#5987=DIRECTION('',(-1.,6.12323399573677E-17,0.));
#5988=DIRECTION('center_axis',(6.12323399573677E-17,1.,0.));
#5989=DIRECTION('ref_axis',(0.,0.,-1.));
#5990=DIRECTION('',(0.,0.,1.));
#5991=DIRECTION('center_axis',(-6.12323399573677E-17,-1.,0.));
#5992=DIRECTION('ref_axis',(0.,0.,1.));
#5993=DIRECTION('',(0.,0.,-1.));
#5994=DIRECTION('',(-1.,6.12323399573677E-17,0.));
#5995=DIRECTION('center_axis',(6.12323399573677E-17,1.,0.));
#5996=DIRECTION('ref_axis',(0.,0.,-1.));
#5997=DIRECTION('',(0.,0.,1.));
#5998=DIRECTION('',(1.,-1.22464679914735E-16,0.));
#5999=DIRECTION('',(0.,0.,-1.));
#6000=DIRECTION('',(1.,-1.22464679914735E-16,0.));
#6001=DIRECTION('',(0.,0.,-1.));
#6002=DIRECTION('',(-1.,1.22464679914735E-16,0.));
#6003=DIRECTION('',(0.,0.,1.));
#6004=DIRECTION('',(-1.,1.22464679914735E-16,0.));
#6005=DIRECTION('center_axis',(6.12323399573677E-17,1.,0.));
#6006=DIRECTION('ref_axis',(0.,0.,-1.));
#6007=DIRECTION('',(0.,0.,1.));
#6008=DIRECTION('',(-1.,6.12323399573677E-17,0.));
#6009=DIRECTION('center_axis',(0.,0.,-1.));
#6010=DIRECTION('ref_axis',(-6.12323399573677E-17,-1.,0.));
#6011=DIRECTION('',(6.12323399573677E-17,1.,0.));
#6012=DIRECTION('center_axis',(0.,0.,-1.));
#6013=DIRECTION('ref_axis',(-6.12323399573677E-17,-1.,0.));
#6014=DIRECTION('',(6.12323399573677E-17,1.,0.));
#6015=DIRECTION('',(1.,0.,0.));
#6016=DIRECTION('center_axis',(1.,-6.12323399573677E-17,0.));
#6017=DIRECTION('ref_axis',(6.12323399573677E-17,1.,0.));
#6018=DIRECTION('',(6.12323399573677E-17,1.,0.));
#6019=DIRECTION('',(0.,0.,-1.));
#6020=DIRECTION('',(0.,0.,-1.));
#6021=DIRECTION('',(-6.12323399573677E-17,-1.,0.));
#6022=DIRECTION('center_axis',(0.,0.,-1.));
#6023=DIRECTION('ref_axis',(1.83697019872103E-16,1.,0.));
#6024=DIRECTION('center_axis',(0.,0.,-1.));
#6025=DIRECTION('ref_axis',(1.83697019872103E-16,1.,0.));
#6026=DIRECTION('',(-1.83697019872103E-16,-1.,0.));
#6027=DIRECTION('',(1.,-1.83697019872103E-16,0.));
#6028=DIRECTION('',(1.,0.,0.));
#6029=DIRECTION('center_axis',(0.,0.,1.));
#6030=DIRECTION('ref_axis',(-1.83697019872103E-16,-1.,0.));
#6031=DIRECTION('',(1.83697019872103E-16,1.,0.));
#6032=DIRECTION('',(1.,-1.83697019872103E-16,0.));
#6033=DIRECTION('',(1.,-1.83697019872103E-16,0.));
#6034=DIRECTION('center_axis',(-1.83697019872103E-16,-1.,0.));
#6035=DIRECTION('ref_axis',(0.,0.,-1.));
#6036=DIRECTION('',(0.,0.,1.));
#6037=DIRECTION('',(1.,-1.83697019872103E-16,0.));
#6038=DIRECTION('center_axis',(0.,0.,-1.));
#6039=DIRECTION('ref_axis',(1.83697019872103E-16,1.,0.));
#6040=DIRECTION('',(-1.83697019872103E-16,-1.,0.));
#6041=DIRECTION('',(1.,-1.83697019872103E-16,0.));
#6042=DIRECTION('center_axis',(1.83697019872103E-16,1.,0.));
#6043=DIRECTION('ref_axis',(0.,0.,1.));
#6044=DIRECTION('',(0.,0.,-1.));
#6045=DIRECTION('center_axis',(0.,0.,-1.));
#6046=DIRECTION('ref_axis',(1.83697019872103E-16,1.,0.));
#6047=DIRECTION('',(-1.83697019872103E-16,-1.,0.));
#6048=DIRECTION('',(1.,-1.83697019872103E-16,0.));
#6049=DIRECTION('',(1.,-1.83697019872103E-16,0.));
#6050=DIRECTION('center_axis',(1.83697019872103E-16,1.,0.));
#6051=DIRECTION('ref_axis',(0.,0.,1.));
#6052=DIRECTION('',(0.,0.,-1.));
#6053=DIRECTION('',(1.,-1.83697019872103E-16,0.));
#6054=DIRECTION('center_axis',(0.,0.,1.));
#6055=DIRECTION('ref_axis',(-1.83697019872103E-16,-1.,0.));
#6056=DIRECTION('',(1.83697019872103E-16,1.,0.));
#6057=DIRECTION('',(1.,-1.83697019872103E-16,0.));
#6058=DIRECTION('center_axis',(-1.83697019872103E-16,-1.,0.));
#6059=DIRECTION('ref_axis',(0.,0.,-1.));
#6060=DIRECTION('',(0.,0.,1.));
#6061=DIRECTION('center_axis',(1.83697019872103E-16,1.,0.));
#6062=DIRECTION('ref_axis',(0.,0.,1.));
#6063=DIRECTION('',(0.,0.,-1.));
#6064=DIRECTION('',(1.,-1.83697019872103E-16,0.));
#6065=DIRECTION('center_axis',(0.,0.,1.));
#6066=DIRECTION('ref_axis',(-1.83697019872103E-16,-1.,0.));
#6067=DIRECTION('',(1.83697019872103E-16,1.,0.));
#6068=DIRECTION('center_axis',(-1.83697019872103E-16,-1.,0.));
#6069=DIRECTION('ref_axis',(0.,0.,-1.));
#6070=DIRECTION('',(0.,0.,1.));
#6071=DIRECTION('',(1.,0.,0.));
#6072=DIRECTION('',(0.,0.,1.));
#6073=DIRECTION('',(-1.,0.,0.));
#6074=DIRECTION('center_axis',(0.,0.,1.));
#6075=DIRECTION('ref_axis',(-1.83697019872103E-16,-1.,0.));
#6076=DIRECTION('',(1.,-1.83697019872103E-16,0.));
#6077=DIRECTION('',(1.83697019872103E-16,1.,0.));
#6078=DIRECTION('center_axis',(-1.83697019872103E-16,-1.,0.));
#6079=DIRECTION('ref_axis',(0.,0.,-1.));
#6080=DIRECTION('',(0.,0.,1.));
#6081=DIRECTION('center_axis',(0.,0.,1.));
#6082=DIRECTION('ref_axis',(-1.83697019872103E-16,-1.,0.));
#6083=DIRECTION('',(-1.83697019872103E-16,-1.,0.));
#6084=DIRECTION('center_axis',(-1.,1.83697019872103E-16,0.));
#6085=DIRECTION('ref_axis',(-1.83697019872103E-16,-1.,0.));
#6086=CARTESIAN_POINT('',(0.,0.,0.));
#6087=CARTESIAN_POINT('Origin',(0.,0.,0.61));
#6088=CARTESIAN_POINT('',(0.25,3.06161699786838E-17,0.61));
#6089=CARTESIAN_POINT('Origin',(0.,0.,0.61));
#6090=CARTESIAN_POINT('',(0.25,3.06161699786838E-17,0.6));
#6091=CARTESIAN_POINT('',(0.25,-3.06161699786838E-17,0.61));
#6092=CARTESIAN_POINT('Origin',(0.,0.,0.6));
#6093=CARTESIAN_POINT('Origin',(0.,0.,0.6));
#6094=CARTESIAN_POINT('Origin',(-1.73,1.75,0.));
#6095=CARTESIAN_POINT('',(-1.73,-1.73,-0.61));
#6096=CARTESIAN_POINT('',(-1.73,1.73,-0.61));
#6097=CARTESIAN_POINT('',(-1.73,0.875,-0.61));
#6098=CARTESIAN_POINT('',(-1.73,-1.73,0.61));
#6099=CARTESIAN_POINT('',(-1.73,-1.73,0.));
#6100=CARTESIAN_POINT('',(-1.73,1.73,0.61));
#6101=CARTESIAN_POINT('',(-1.73,0.875,0.61));
#6102=CARTESIAN_POINT('',(-1.73,1.73,0.));
#6103=CARTESIAN_POINT('Origin',(-1.75,-1.73,0.));
#6104=CARTESIAN_POINT('',(1.73,-1.73,-0.61));
#6105=CARTESIAN_POINT('',(-0.875,-1.73,-0.61));
#6106=CARTESIAN_POINT('',(1.73,-1.73,0.61));
#6107=CARTESIAN_POINT('',(1.73,-1.73,0.));
#6108=CARTESIAN_POINT('',(-0.875,-1.73,0.61));
#6109=CARTESIAN_POINT('Origin',(1.73,-1.75,0.));
#6110=CARTESIAN_POINT('',(1.73,1.73,-0.61));
#6111=CARTESIAN_POINT('',(1.73,-0.875,-0.61));
#6112=CARTESIAN_POINT('',(1.73,1.73,0.61));
#6113=CARTESIAN_POINT('',(1.73,1.73,0.));
#6114=CARTESIAN_POINT('',(1.73,-0.875,0.61));
#6115=CARTESIAN_POINT('Origin',(1.75,1.73,0.));
#6116=CARTESIAN_POINT('',(0.875,1.73,-0.61));
#6117=CARTESIAN_POINT('',(0.875,1.73,0.61));
#6118=CARTESIAN_POINT('Origin',(0.,0.,-0.61));
#6119=CARTESIAN_POINT('Origin',(0.,0.,0.61));
#6120=CARTESIAN_POINT('Origin',(-1.55,1.55,0.63));
#6121=CARTESIAN_POINT('',(-1.55,1.55,0.63));
#6122=CARTESIAN_POINT('',(-1.33562003952016,1.55,0.63));
#6123=CARTESIAN_POINT('',(-0.775,1.55,0.63));
#6124=CARTESIAN_POINT('',(-1.55,1.55,0.628));
#6125=CARTESIAN_POINT('',(-1.55,1.55,0.63));
#6126=CARTESIAN_POINT('',(-1.33562003952016,1.55,0.628));
#6127=CARTESIAN_POINT('',(1.55,1.55,0.628));
#6128=CARTESIAN_POINT('',(-1.33562003952016,1.55,0.63));
#6129=CARTESIAN_POINT('Origin',(-1.55,1.33562003952016,0.63));
#6130=CARTESIAN_POINT('',(-1.55,1.33562003952016,0.63));
#6131=CARTESIAN_POINT('',(-1.55,0.667810019760078,0.63));
#6132=CARTESIAN_POINT('',(-1.55,1.33562003952016,0.628));
#6133=CARTESIAN_POINT('',(-1.55,1.33562003952016,0.63));
#6134=CARTESIAN_POINT('',(-1.55,1.55,0.628));
#6135=CARTESIAN_POINT('Origin',(-1.33562003952016,1.55,0.63));
#6136=CARTESIAN_POINT('',(-1.38921502964012,1.49640500988004,0.63));
#6137=CARTESIAN_POINT('',(-1.55,1.33562003952016,0.628));
#6138=CARTESIAN_POINT('Origin',(-1.44281001976008,1.44281001976008,0.628));
#6139=CARTESIAN_POINT('Origin',(0.,0.,0.61));
#6140=CARTESIAN_POINT('',(1.75,1.75,0.61));
#6141=CARTESIAN_POINT('',(-1.75,1.75,0.61));
#6142=CARTESIAN_POINT('',(0.875,1.75,0.61));
#6143=CARTESIAN_POINT('',(1.75,-1.75,0.61));
#6144=CARTESIAN_POINT('',(1.75,-0.875,0.61));
#6145=CARTESIAN_POINT('',(-1.75,-1.75,0.61));
#6146=CARTESIAN_POINT('',(-0.875,-1.75,0.61));
#6147=CARTESIAN_POINT('',(-1.75,0.875,0.61));
#6148=CARTESIAN_POINT('',(0.375,4.59242549680258E-17,0.61));
#6149=CARTESIAN_POINT('Origin',(0.,0.,0.61));
#6150=CARTESIAN_POINT('Origin',(-1.75,-1.75,0.));
#6151=CARTESIAN_POINT('',(1.75,-1.75,0.63));
#6152=CARTESIAN_POINT('',(1.75,-1.75,0.));
#6153=CARTESIAN_POINT('',(-1.75,-1.75,0.63));
#6154=CARTESIAN_POINT('',(-1.75,-1.75,0.63));
#6155=CARTESIAN_POINT('',(-1.75,-1.75,0.));
#6156=CARTESIAN_POINT('Origin',(1.75,-1.75,0.));
#6157=CARTESIAN_POINT('',(1.75,1.75,0.63));
#6158=CARTESIAN_POINT('',(1.75,1.75,0.));
#6159=CARTESIAN_POINT('',(1.75,-1.75,0.63));
#6160=CARTESIAN_POINT('Origin',(0.,0.,0.63));
#6161=CARTESIAN_POINT('',(0.375,4.59242549680258E-17,0.63));
#6162=CARTESIAN_POINT('Origin',(0.,0.,0.63));
#6163=CARTESIAN_POINT('',(0.375,-4.59242549680258E-17,0.63));
#6164=CARTESIAN_POINT('Origin',(1.75,1.75,0.));
#6165=CARTESIAN_POINT('',(-1.75,1.75,0.63));
#6166=CARTESIAN_POINT('',(-1.75,1.75,0.));
#6167=CARTESIAN_POINT('',(1.75,1.75,0.63));
#6168=CARTESIAN_POINT('Origin',(-1.75,1.75,0.));
#6169=CARTESIAN_POINT('',(-1.75,1.75,0.63));
#6170=CARTESIAN_POINT('Origin',(0.,0.,0.63));
#6171=CARTESIAN_POINT('Origin',(-1.44281001976008,1.44281001976008,-0.63));
#6172=CARTESIAN_POINT('',(-1.51781001976008,1.44281001976008,-0.63));
#6173=CARTESIAN_POINT('Origin',(-1.44281001976008,1.44281001976008,-0.63));
#6174=CARTESIAN_POINT('',(-1.51781001976008,1.44281001976008,-0.628));
#6175=CARTESIAN_POINT('',(-1.51781001976008,1.44281001976008,-0.63));
#6176=CARTESIAN_POINT('Origin',(-1.44281001976008,1.44281001976008,-0.628));
#6177=CARTESIAN_POINT('Origin',(-1.44281001976008,1.44281001976008,-0.628));
#6178=CARTESIAN_POINT('Origin',(0.200000000000001,1.17,-0.61));
#6179=CARTESIAN_POINT('',(-0.200000000000001,1.17,-0.63));
#6180=CARTESIAN_POINT('',(0.200000000000001,1.17,-0.63));
#6181=CARTESIAN_POINT('',(0.1,1.17,-0.63));
#6182=CARTESIAN_POINT('',(-0.200000000000001,1.17,-0.61));
#6183=CARTESIAN_POINT('',(-0.200000000000001,1.17,-0.61));
#6184=CARTESIAN_POINT('',(0.200000000000001,1.17,-0.61));
#6185=CARTESIAN_POINT('',(0.1,1.17,-0.61));
#6186=CARTESIAN_POINT('',(0.200000000000001,1.17,-0.61));
#6187=CARTESIAN_POINT('Origin',(0.199999999999999,1.75,-0.61));
#6188=CARTESIAN_POINT('',(0.199999999999999,1.75,-0.63));
#6189=CARTESIAN_POINT('',(0.199999999999999,0.875,-0.63));
#6190=CARTESIAN_POINT('',(0.199999999999999,1.75,-0.61));
#6191=CARTESIAN_POINT('',(0.199999999999999,0.875,-0.61));
#6192=CARTESIAN_POINT('',(0.199999999999999,1.75,-0.305));
#6193=CARTESIAN_POINT('Origin',(-0.200000000000001,1.17,-0.61));
#6194=CARTESIAN_POINT('',(-0.200000000000001,1.75,-0.63));
#6195=CARTESIAN_POINT('',(-0.200000000000001,0.585,-0.63));
#6196=CARTESIAN_POINT('',(-0.200000000000001,1.75,-0.61));
#6197=CARTESIAN_POINT('',(-0.200000000000001,1.75,-0.305));
#6198=CARTESIAN_POINT('',(-0.200000000000001,0.585,-0.61));
#6199=CARTESIAN_POINT('Origin',(-1.17,0.774999999999999,-0.61));
#6200=CARTESIAN_POINT('',(-1.75,0.774999999999999,-0.63));
#6201=CARTESIAN_POINT('',(-1.17,0.774999999999999,-0.63));
#6202=CARTESIAN_POINT('',(-0.585,0.774999999999999,-0.63));
#6203=CARTESIAN_POINT('',(-1.75,0.774999999999999,-0.61));
#6204=CARTESIAN_POINT('',(-1.75,0.775,-0.305));
#6205=CARTESIAN_POINT('',(-1.17,0.774999999999999,-0.61));
#6206=CARTESIAN_POINT('',(-0.585,0.774999999999999,-0.61));
#6207=CARTESIAN_POINT('',(-1.17,0.774999999999999,-0.61));
#6208=CARTESIAN_POINT('Origin',(-1.17,1.175,-0.61));
#6209=CARTESIAN_POINT('',(-1.17,1.175,-0.63));
#6210=CARTESIAN_POINT('',(-1.17,0.587500000000001,-0.63));
#6211=CARTESIAN_POINT('',(-1.17,1.175,-0.61));
#6212=CARTESIAN_POINT('',(-1.17,0.587500000000001,-0.61));
#6213=CARTESIAN_POINT('',(-1.17,1.175,-0.61));
#6214=CARTESIAN_POINT('Origin',(-1.75,1.175,-0.61));
#6215=CARTESIAN_POINT('',(-1.75,1.175,-0.63));
#6216=CARTESIAN_POINT('',(-0.875,1.175,-0.63));
#6217=CARTESIAN_POINT('',(-1.75,1.175,-0.61));
#6218=CARTESIAN_POINT('',(-0.875,1.175,-0.61));
#6219=CARTESIAN_POINT('',(-1.75,1.175,-0.305));
#6220=CARTESIAN_POINT('Origin',(-1.17,-0.524999999999999,-0.61));
#6221=CARTESIAN_POINT('',(-1.75,-0.524999999999999,-0.63));
#6222=CARTESIAN_POINT('',(-1.17,-0.525000000000001,-0.63));
#6223=CARTESIAN_POINT('',(-0.585,-0.524999999999999,-0.63));
#6224=CARTESIAN_POINT('',(-1.75,-0.524999999999999,-0.61));
#6225=CARTESIAN_POINT('',(-1.75,-0.524999999999999,-0.305));
#6226=CARTESIAN_POINT('',(-1.17,-0.525000000000001,-0.61));
#6227=CARTESIAN_POINT('',(-0.585,-0.524999999999999,-0.61));
#6228=CARTESIAN_POINT('',(-1.17,-0.525000000000001,-0.61));
#6229=CARTESIAN_POINT('Origin',(-1.17,-0.124999999999999,-0.61));
#6230=CARTESIAN_POINT('',(-1.17,-0.124999999999999,-0.63));
#6231=CARTESIAN_POINT('',(-1.17,-0.0624999999999998,-0.63));
#6232=CARTESIAN_POINT('',(-1.17,-0.124999999999999,-0.61));
#6233=CARTESIAN_POINT('',(-1.17,-0.0624999999999998,-0.61));
#6234=CARTESIAN_POINT('',(-1.17,-0.124999999999999,-0.61));
#6235=CARTESIAN_POINT('Origin',(-1.75,-0.125,-0.61));
#6236=CARTESIAN_POINT('',(-1.75,-0.124999999999999,-0.63));
#6237=CARTESIAN_POINT('',(-0.875,-0.124999999999999,-0.63));
#6238=CARTESIAN_POINT('',(-1.75,-0.124999999999999,-0.61));
#6239=CARTESIAN_POINT('',(-0.875,-0.124999999999999,-0.61));
#6240=CARTESIAN_POINT('',(-1.75,-0.125,-0.305));
#6241=CARTESIAN_POINT('Origin',(-0.850000000000001,-1.17,-0.61));
#6242=CARTESIAN_POINT('',(-0.449999999999999,-1.17,-0.63));
#6243=CARTESIAN_POINT('',(-0.850000000000001,-1.17,-0.63));
#6244=CARTESIAN_POINT('',(-0.425,-1.17,-0.63));
#6245=CARTESIAN_POINT('',(-0.449999999999999,-1.17,-0.61));
#6246=CARTESIAN_POINT('',(-0.449999999999999,-1.17,-0.61));
#6247=CARTESIAN_POINT('',(-0.850000000000001,-1.17,-0.61));
#6248=CARTESIAN_POINT('',(-0.425,-1.17,-0.61));
#6249=CARTESIAN_POINT('',(-0.850000000000001,-1.17,-0.61));
#6250=CARTESIAN_POINT('Origin',(-0.850000000000001,-1.75,-0.61));
#6251=CARTESIAN_POINT('',(-0.850000000000001,-1.75,-0.63));
#6252=CARTESIAN_POINT('',(-0.850000000000001,-0.875,-0.63));
#6253=CARTESIAN_POINT('',(-0.850000000000001,-1.75,-0.61));
#6254=CARTESIAN_POINT('',(-0.850000000000001,-0.875,-0.61));
#6255=CARTESIAN_POINT('',(-0.850000000000001,-1.75,-0.305));
#6256=CARTESIAN_POINT('Origin',(-0.450000000000001,-1.17,-0.61));
#6257=CARTESIAN_POINT('',(-0.450000000000001,-1.75,-0.63));
#6258=CARTESIAN_POINT('',(-0.450000000000001,-0.585,-0.63));
#6259=CARTESIAN_POINT('',(-0.450000000000001,-1.75,-0.61));
#6260=CARTESIAN_POINT('',(-0.450000000000001,-1.75,-0.305));
#6261=CARTESIAN_POINT('',(-0.450000000000001,-0.585,-0.61));
#6262=CARTESIAN_POINT('Origin',(0.449999999999999,-1.17,-0.61));
#6263=CARTESIAN_POINT('',(0.850000000000001,-1.17,-0.63));
#6264=CARTESIAN_POINT('',(0.449999999999999,-1.17,-0.63));
#6265=CARTESIAN_POINT('',(0.225,-1.17,-0.63));
#6266=CARTESIAN_POINT('',(0.850000000000001,-1.17,-0.61));
#6267=CARTESIAN_POINT('',(0.850000000000001,-1.17,-0.61));
#6268=CARTESIAN_POINT('',(0.449999999999999,-1.17,-0.61));
#6269=CARTESIAN_POINT('',(0.225,-1.17,-0.61));
#6270=CARTESIAN_POINT('',(0.449999999999999,-1.17,-0.61));
#6271=CARTESIAN_POINT('Origin',(0.449999999999999,-1.75,-0.61));
#6272=CARTESIAN_POINT('',(0.449999999999999,-1.75,-0.63));
#6273=CARTESIAN_POINT('',(0.449999999999999,-0.875,-0.63));
#6274=CARTESIAN_POINT('',(0.449999999999999,-1.75,-0.61));
#6275=CARTESIAN_POINT('',(0.449999999999999,-0.875,-0.61));
#6276=CARTESIAN_POINT('',(0.449999999999999,-1.75,-0.305));
#6277=CARTESIAN_POINT('Origin',(0.849999999999999,-1.17,-0.61));
#6278=CARTESIAN_POINT('',(0.849999999999999,-1.75,-0.63));
#6279=CARTESIAN_POINT('',(0.849999999999999,-0.585,-0.63));
#6280=CARTESIAN_POINT('',(0.849999999999999,-1.75,-0.61));
#6281=CARTESIAN_POINT('',(0.849999999999999,-1.75,-0.305));
#6282=CARTESIAN_POINT('',(0.849999999999999,-0.585,-0.61));
#6283=CARTESIAN_POINT('Origin',(1.17,0.124999999999999,-0.61));
#6284=CARTESIAN_POINT('',(1.17,0.525000000000001,-0.63));
#6285=CARTESIAN_POINT('',(1.17,0.124999999999999,-0.63));
#6286=CARTESIAN_POINT('',(1.17,0.0624999999999998,-0.63));
#6287=CARTESIAN_POINT('',(1.17,0.525000000000001,-0.61));
#6288=CARTESIAN_POINT('',(1.17,0.525000000000001,-0.61));
#6289=CARTESIAN_POINT('',(1.17,0.124999999999999,-0.61));
#6290=CARTESIAN_POINT('',(1.17,0.0624999999999998,-0.61));
#6291=CARTESIAN_POINT('',(1.17,0.124999999999999,-0.61));
#6292=CARTESIAN_POINT('Origin',(1.75,0.125,-0.61));
#6293=CARTESIAN_POINT('',(1.75,0.125,-0.63));
#6294=CARTESIAN_POINT('',(0.875,0.124999999999999,-0.63));
#6295=CARTESIAN_POINT('',(1.75,0.124999999999999,-0.61));
#6296=CARTESIAN_POINT('',(0.875,0.124999999999999,-0.61));
#6297=CARTESIAN_POINT('',(1.75,0.125,-0.305));
#6298=CARTESIAN_POINT('Origin',(1.17,0.524999999999999,-0.61));
#6299=CARTESIAN_POINT('',(1.75,0.524999999999999,-0.63));
#6300=CARTESIAN_POINT('',(0.585,0.524999999999999,-0.63));
#6301=CARTESIAN_POINT('',(1.75,0.524999999999999,-0.61));
#6302=CARTESIAN_POINT('',(1.75,0.524999999999999,-0.305));
#6303=CARTESIAN_POINT('',(0.585,0.524999999999999,-0.61));
#6304=CARTESIAN_POINT('Origin',(1.17,-1.175,-0.61));
#6305=CARTESIAN_POINT('',(1.17,-0.774999999999999,-0.63));
#6306=CARTESIAN_POINT('',(1.17,-1.175,-0.63));
#6307=CARTESIAN_POINT('',(1.17,-0.587500000000001,-0.63));
#6308=CARTESIAN_POINT('',(1.17,-0.774999999999999,-0.61));
#6309=CARTESIAN_POINT('',(1.17,-0.774999999999999,-0.61));
#6310=CARTESIAN_POINT('',(1.17,-1.175,-0.61));
#6311=CARTESIAN_POINT('',(1.17,-0.587500000000001,-0.61));
#6312=CARTESIAN_POINT('',(1.17,-1.175,-0.61));
#6313=CARTESIAN_POINT('Origin',(1.75,-1.175,-0.61));
#6314=CARTESIAN_POINT('',(1.75,-1.175,-0.63));
#6315=CARTESIAN_POINT('',(0.875,-1.175,-0.63));
#6316=CARTESIAN_POINT('',(1.75,-1.175,-0.61));
#6317=CARTESIAN_POINT('',(0.875,-1.175,-0.61));
#6318=CARTESIAN_POINT('',(1.75,-1.175,-0.305));
#6319=CARTESIAN_POINT('Origin',(1.17,-0.774999999999999,-0.61));
#6320=CARTESIAN_POINT('',(1.75,-0.774999999999999,-0.63));
#6321=CARTESIAN_POINT('',(0.585,-0.774999999999999,-0.63));
#6322=CARTESIAN_POINT('',(1.75,-0.774999999999999,-0.61));
#6323=CARTESIAN_POINT('',(1.75,-0.775,-0.305));
#6324=CARTESIAN_POINT('',(0.585,-0.774999999999999,-0.61));
#6325=CARTESIAN_POINT('Origin',(1.17,-0.525000000000001,-0.61));
#6326=CARTESIAN_POINT('',(1.17,-0.124999999999999,-0.63));
#6327=CARTESIAN_POINT('',(1.17,-0.525000000000001,-0.63));
#6328=CARTESIAN_POINT('',(1.17,-0.262500000000001,-0.63));
#6329=CARTESIAN_POINT('',(1.17,-0.124999999999999,-0.61));
#6330=CARTESIAN_POINT('',(1.17,-0.124999999999999,-0.61));
#6331=CARTESIAN_POINT('',(1.17,-0.525000000000001,-0.61));
#6332=CARTESIAN_POINT('',(1.17,-0.262500000000001,-0.61));
#6333=CARTESIAN_POINT('',(1.17,-0.525000000000001,-0.61));
#6334=CARTESIAN_POINT('Origin',(1.75,-0.524999999999999,-0.61));
#6335=CARTESIAN_POINT('',(1.75,-0.524999999999999,-0.63));
#6336=CARTESIAN_POINT('',(0.875,-0.524999999999999,-0.63));
#6337=CARTESIAN_POINT('',(1.75,-0.524999999999999,-0.61));
#6338=CARTESIAN_POINT('',(0.875,-0.524999999999999,-0.61));
#6339=CARTESIAN_POINT('',(1.75,-0.524999999999999,-0.305));
#6340=CARTESIAN_POINT('Origin',(1.17,-0.124999999999999,-0.61));
#6341=CARTESIAN_POINT('',(1.75,-0.124999999999999,-0.63));
#6342=CARTESIAN_POINT('',(0.585,-0.124999999999999,-0.63));
#6343=CARTESIAN_POINT('',(1.75,-0.124999999999999,-0.61));
#6344=CARTESIAN_POINT('',(1.75,-0.124999999999999,-0.305));
#6345=CARTESIAN_POINT('',(0.585,-0.124999999999999,-0.61));
#6346=CARTESIAN_POINT('Origin',(1.17,0.774999999999999,-0.61));
#6347=CARTESIAN_POINT('',(1.17,1.175,-0.63));
#6348=CARTESIAN_POINT('',(1.17,0.774999999999999,-0.63));
#6349=CARTESIAN_POINT('',(1.17,0.3875,-0.63));
#6350=CARTESIAN_POINT('',(1.17,1.175,-0.61));
#6351=CARTESIAN_POINT('',(1.17,1.175,-0.61));
#6352=CARTESIAN_POINT('',(1.17,0.774999999999999,-0.61));
#6353=CARTESIAN_POINT('',(1.17,0.3875,-0.61));
#6354=CARTESIAN_POINT('',(1.17,0.774999999999999,-0.61));
#6355=CARTESIAN_POINT('Origin',(1.75,0.775,-0.61));
#6356=CARTESIAN_POINT('',(1.75,0.775,-0.63));
#6357=CARTESIAN_POINT('',(0.875,0.774999999999999,-0.63));
#6358=CARTESIAN_POINT('',(1.75,0.774999999999999,-0.61));
#6359=CARTESIAN_POINT('',(0.875,0.774999999999999,-0.61));
#6360=CARTESIAN_POINT('',(1.75,0.775,-0.305));
#6361=CARTESIAN_POINT('Origin',(1.17,1.175,-0.61));
#6362=CARTESIAN_POINT('',(1.75,1.175,-0.63));
#6363=CARTESIAN_POINT('',(0.585,1.175,-0.63));
#6364=CARTESIAN_POINT('',(1.75,1.175,-0.61));
#6365=CARTESIAN_POINT('',(1.75,1.175,-0.305));
#6366=CARTESIAN_POINT('',(0.585,1.175,-0.61));
#6367=CARTESIAN_POINT('Origin',(-0.200000000000001,-1.17,-0.61));
#6368=CARTESIAN_POINT('',(0.200000000000001,-1.17,-0.63));
#6369=CARTESIAN_POINT('',(-0.200000000000001,-1.17,-0.63));
#6370=CARTESIAN_POINT('',(-0.1,-1.17,-0.63));
#6371=CARTESIAN_POINT('',(0.200000000000001,-1.17,-0.61));
#6372=CARTESIAN_POINT('',(0.200000000000001,-1.17,-0.61));
#6373=CARTESIAN_POINT('',(-0.200000000000001,-1.17,-0.61));
#6374=CARTESIAN_POINT('',(-0.1,-1.17,-0.61));
#6375=CARTESIAN_POINT('',(-0.200000000000001,-1.17,-0.61));
#6376=CARTESIAN_POINT('Origin',(-0.200000000000001,-1.75,-0.61));
#6377=CARTESIAN_POINT('',(-0.200000000000001,-1.75,-0.63));
#6378=CARTESIAN_POINT('',(-0.200000000000001,-0.875,-0.63));
#6379=CARTESIAN_POINT('',(-0.200000000000001,-1.75,-0.61));
#6380=CARTESIAN_POINT('',(-0.200000000000001,-0.875,-0.61));
#6381=CARTESIAN_POINT('',(-0.200000000000001,-1.75,-0.305));
#6382=CARTESIAN_POINT('Origin',(0.199999999999999,-1.17,-0.61));
#6383=CARTESIAN_POINT('',(0.199999999999999,-1.75,-0.63));
#6384=CARTESIAN_POINT('',(0.199999999999999,-0.585,-0.63));
#6385=CARTESIAN_POINT('',(0.199999999999999,-1.75,-0.61));
#6386=CARTESIAN_POINT('',(0.199999999999999,-1.75,-0.305));
#6387=CARTESIAN_POINT('',(0.199999999999999,-0.585,-0.61));
#6388=CARTESIAN_POINT('Origin',(-1.17,-1.175,-0.61));
#6389=CARTESIAN_POINT('',(-1.75,-1.175,-0.63));
#6390=CARTESIAN_POINT('',(-1.17,-1.175,-0.63));
#6391=CARTESIAN_POINT('',(-0.585,-1.175,-0.63));
#6392=CARTESIAN_POINT('',(-1.75,-1.175,-0.61));
#6393=CARTESIAN_POINT('',(-1.75,-1.175,-0.305));
#6394=CARTESIAN_POINT('',(-1.17,-1.175,-0.61));
#6395=CARTESIAN_POINT('',(-0.585,-1.175,-0.61));
#6396=CARTESIAN_POINT('',(-1.17,-1.175,-0.61));
#6397=CARTESIAN_POINT('Origin',(-1.17,-0.774999999999999,-0.61));
#6398=CARTESIAN_POINT('',(-1.17,-0.774999999999999,-0.63));
#6399=CARTESIAN_POINT('',(-1.17,-0.3875,-0.63));
#6400=CARTESIAN_POINT('',(-1.17,-0.774999999999999,-0.61));
#6401=CARTESIAN_POINT('',(-1.17,-0.3875,-0.61));
#6402=CARTESIAN_POINT('',(-1.17,-0.774999999999999,-0.61));
#6403=CARTESIAN_POINT('Origin',(-1.75,-0.775,-0.61));
#6404=CARTESIAN_POINT('',(-1.75,-0.774999999999999,-0.63));
#6405=CARTESIAN_POINT('',(-0.875,-0.774999999999999,-0.63));
#6406=CARTESIAN_POINT('',(-1.75,-0.774999999999999,-0.61));
#6407=CARTESIAN_POINT('',(-0.875,-0.774999999999999,-0.61));
#6408=CARTESIAN_POINT('',(-1.75,-0.775,-0.305));
#6409=CARTESIAN_POINT('Origin',(-1.17,0.124999999999999,-0.61));
#6410=CARTESIAN_POINT('',(-1.75,0.124999999999999,-0.63));
#6411=CARTESIAN_POINT('',(-1.17,0.124999999999999,-0.63));
#6412=CARTESIAN_POINT('',(-0.585,0.124999999999999,-0.63));
#6413=CARTESIAN_POINT('',(-1.75,0.124999999999999,-0.61));
#6414=CARTESIAN_POINT('',(-1.75,0.124999999999999,-0.305));
#6415=CARTESIAN_POINT('',(-1.17,0.124999999999999,-0.61));
#6416=CARTESIAN_POINT('',(-0.585,0.124999999999999,-0.61));
#6417=CARTESIAN_POINT('',(-1.17,0.124999999999999,-0.61));
#6418=CARTESIAN_POINT('Origin',(-1.17,0.525000000000001,-0.61));
#6419=CARTESIAN_POINT('',(-1.17,0.525000000000001,-0.63));
#6420=CARTESIAN_POINT('',(-1.17,0.262500000000001,-0.63));
#6421=CARTESIAN_POINT('',(-1.17,0.525000000000001,-0.61));
#6422=CARTESIAN_POINT('',(-1.17,0.262500000000001,-0.61));
#6423=CARTESIAN_POINT('',(-1.17,0.525000000000001,-0.61));
#6424=CARTESIAN_POINT('Origin',(-1.75,0.524999999999999,-0.61));
#6425=CARTESIAN_POINT('',(-1.75,0.524999999999999,-0.63));
#6426=CARTESIAN_POINT('',(-0.875,0.524999999999999,-0.63));
#6427=CARTESIAN_POINT('',(-1.75,0.524999999999999,-0.61));
#6428=CARTESIAN_POINT('',(-0.875,0.524999999999999,-0.61));
#6429=CARTESIAN_POINT('',(-1.75,0.524999999999999,-0.305));
#6430=CARTESIAN_POINT('Origin',(-0.449999999999999,1.17,-0.61));
#6431=CARTESIAN_POINT('',(-0.850000000000001,1.17,-0.63));
#6432=CARTESIAN_POINT('',(-0.449999999999999,1.17,-0.63));
#6433=CARTESIAN_POINT('',(-0.225,1.17,-0.63));
#6434=CARTESIAN_POINT('',(-0.850000000000001,1.17,-0.61));
#6435=CARTESIAN_POINT('',(-0.850000000000001,1.17,-0.61));
#6436=CARTESIAN_POINT('',(-0.449999999999999,1.17,-0.61));
#6437=CARTESIAN_POINT('',(-0.225,1.17,-0.61));
#6438=CARTESIAN_POINT('',(-0.449999999999999,1.17,-0.61));
#6439=CARTESIAN_POINT('Origin',(-0.450000000000001,1.75,-0.61));
#6440=CARTESIAN_POINT('',(-0.450000000000001,1.75,-0.63));
#6441=CARTESIAN_POINT('',(-0.450000000000001,0.875,-0.63));
#6442=CARTESIAN_POINT('',(-0.450000000000001,1.75,-0.61));
#6443=CARTESIAN_POINT('',(-0.450000000000001,0.875,-0.61));
#6444=CARTESIAN_POINT('',(-0.450000000000001,1.75,-0.305));
#6445=CARTESIAN_POINT('Origin',(-0.850000000000001,1.17,-0.61));
#6446=CARTESIAN_POINT('',(-0.850000000000001,1.75,-0.63));
#6447=CARTESIAN_POINT('',(-0.850000000000001,0.585,-0.63));
#6448=CARTESIAN_POINT('',(-0.850000000000001,1.75,-0.61));
#6449=CARTESIAN_POINT('',(-0.850000000000001,1.75,-0.305));
#6450=CARTESIAN_POINT('',(-0.850000000000001,0.585,-0.61));
#6451=CARTESIAN_POINT('Origin',(0.850000000000001,1.17,-0.61));
#6452=CARTESIAN_POINT('',(0.449999999999999,1.17,-0.63));
#6453=CARTESIAN_POINT('',(0.850000000000001,1.17,-0.63));
#6454=CARTESIAN_POINT('',(0.425,1.17,-0.63));
#6455=CARTESIAN_POINT('',(0.449999999999999,1.17,-0.61));
#6456=CARTESIAN_POINT('',(0.449999999999999,1.17,-0.61));
#6457=CARTESIAN_POINT('',(0.850000000000001,1.17,-0.61));
#6458=CARTESIAN_POINT('',(0.425,1.17,-0.61));
#6459=CARTESIAN_POINT('',(0.850000000000001,1.17,-0.61));
#6460=CARTESIAN_POINT('Origin',(0.849999999999999,1.75,-0.61));
#6461=CARTESIAN_POINT('',(0.849999999999999,1.75,-0.63));
#6462=CARTESIAN_POINT('',(0.849999999999999,0.875,-0.63));
#6463=CARTESIAN_POINT('',(0.849999999999999,1.75,-0.61));
#6464=CARTESIAN_POINT('',(0.849999999999999,0.875,-0.61));
#6465=CARTESIAN_POINT('',(0.849999999999999,1.75,-0.305));
#6466=CARTESIAN_POINT('Origin',(0.449999999999999,1.17,-0.61));
#6467=CARTESIAN_POINT('',(0.449999999999999,1.75,-0.63));
#6468=CARTESIAN_POINT('',(0.449999999999999,0.585,-0.63));
#6469=CARTESIAN_POINT('',(0.449999999999999,1.75,-0.61));
#6470=CARTESIAN_POINT('',(0.449999999999999,1.75,-0.305));
#6471=CARTESIAN_POINT('',(0.449999999999999,0.585,-0.61));
#6472=CARTESIAN_POINT('Origin',(1.75,-1.75,0.));
#6473=CARTESIAN_POINT('',(1.75,-1.75,-0.61));
#6474=CARTESIAN_POINT('',(1.75,-0.875,-0.61));
#6475=CARTESIAN_POINT('',(1.75,-1.75,-0.63));
#6476=CARTESIAN_POINT('',(1.75,-1.75,0.));
#6477=CARTESIAN_POINT('',(1.75,-1.75,-0.63));
#6478=CARTESIAN_POINT('Origin',(1.75,-1.75,0.));
#6479=CARTESIAN_POINT('',(1.75,1.75,-0.63));
#6480=CARTESIAN_POINT('',(1.75,-1.75,-0.63));
#6481=CARTESIAN_POINT('',(1.75,1.75,-0.61));
#6482=CARTESIAN_POINT('',(1.75,1.75,0.));
#6483=CARTESIAN_POINT('',(1.75,-0.875,-0.61));
#6484=CARTESIAN_POINT('Origin',(1.75,-1.75,0.));
#6485=CARTESIAN_POINT('',(1.75,-0.875,-0.61));
#6486=CARTESIAN_POINT('',(1.75,-1.75,-0.63));
#6487=CARTESIAN_POINT('Origin',(1.75,-1.75,0.));
#6488=CARTESIAN_POINT('',(1.75,-1.75,-0.63));
#6489=CARTESIAN_POINT('',(1.75,-0.875,-0.61));
#6490=CARTESIAN_POINT('Origin',(-1.75,-1.75,0.));
#6491=CARTESIAN_POINT('',(-1.75,-1.75,-0.61));
#6492=CARTESIAN_POINT('',(-0.875,-1.75,-0.61));
#6493=CARTESIAN_POINT('',(-1.75,-1.75,-0.63));
#6494=CARTESIAN_POINT('',(-1.75,-1.75,0.));
#6495=CARTESIAN_POINT('',(-1.75,-1.75,-0.63));
#6496=CARTESIAN_POINT('Origin',(-1.75,-1.75,0.));
#6497=CARTESIAN_POINT('',(-0.875,-1.75,-0.61));
#6498=CARTESIAN_POINT('',(-1.75,-1.75,-0.63));
#6499=CARTESIAN_POINT('Origin',(-1.75,-1.75,0.));
#6500=CARTESIAN_POINT('',(-1.75,-1.75,-0.63));
#6501=CARTESIAN_POINT('',(-0.875,-1.75,-0.61));
#6502=CARTESIAN_POINT('Origin',(-1.75,1.75,0.));
#6503=CARTESIAN_POINT('',(-1.75,1.75,-0.63));
#6504=CARTESIAN_POINT('',(-1.75,0.875,-0.61));
#6505=CARTESIAN_POINT('Origin',(-1.75,1.75,0.));
#6506=CARTESIAN_POINT('',(-1.75,0.875,-0.61));
#6507=CARTESIAN_POINT('',(-1.75,1.75,-0.63));
#6508=CARTESIAN_POINT('Origin',(-1.75,1.75,0.));
#6509=CARTESIAN_POINT('',(-1.75,1.75,-0.63));
#6510=CARTESIAN_POINT('',(-1.75,0.875,-0.61));
#6511=CARTESIAN_POINT('Origin',(-1.75,1.75,0.));
#6512=CARTESIAN_POINT('',(-1.75,1.75,-0.61));
#6513=CARTESIAN_POINT('',(-1.75,0.875,-0.61));
#6514=CARTESIAN_POINT('',(-1.75,1.75,-0.63));
#6515=CARTESIAN_POINT('',(-1.75,1.75,0.));
#6516=CARTESIAN_POINT('',(-1.75,1.75,-0.63));
#6517=CARTESIAN_POINT('Origin',(-1.75,1.75,0.));
#6518=CARTESIAN_POINT('',(-1.75,1.75,-0.63));
#6519=CARTESIAN_POINT('',(-1.75,0.875,-0.61));
#6520=CARTESIAN_POINT('Origin',(0.,0.,-0.63));
#6521=CARTESIAN_POINT('',(1.75,1.75,-0.63));
#6522=CARTESIAN_POINT('',(1.75,1.75,-0.63));
#6523=CARTESIAN_POINT('',(1.75,-1.75,-0.63));
#6524=CARTESIAN_POINT('',(-1.75,-1.75,-0.63));
#6525=CARTESIAN_POINT('',(1.75,1.75,-0.63));
#6526=CARTESIAN_POINT('',(1.75,1.75,-0.63));
#6527=CARTESIAN_POINT('Origin',(1.75,1.75,0.));
#6528=CARTESIAN_POINT('',(0.875,1.75,-0.61));
#6529=CARTESIAN_POINT('Origin',(1.75,1.75,0.));
#6530=CARTESIAN_POINT('',(0.875,1.75,-0.61));
#6531=CARTESIAN_POINT('Origin',(1.75,1.75,0.));
#6532=CARTESIAN_POINT('',(0.875,1.75,-0.61));
#6533=CARTESIAN_POINT('Origin',(0.,0.,-0.61));
#6534=CARTESIAN_POINT('',(0.875,1.75,-0.61));
#6535=CARTESIAN_POINT('',(-0.875,-1.75,-0.61));
#6536=CARTESIAN_POINT('',(1.75,-0.875,-0.61));
#6537=CARTESIAN_POINT('Origin',(1.75,1.75,0.));
#6538=CARTESIAN_POINT('Origin',(1.75,-1.75,0.));
#6539=CARTESIAN_POINT('Origin',(-1.75,-1.75,0.));
#6540=CARTESIAN_POINT('Origin',(0.65,-1.41,-0.61));
#6541=CARTESIAN_POINT('',(0.849999999999999,-1.55,-0.61));
#6542=CARTESIAN_POINT('',(0.449999999999999,-1.55,-0.61));
#6543=CARTESIAN_POINT('',(1.75,-1.55,-0.61));
#6544=CARTESIAN_POINT('',(0.850000000000001,-1.17,-0.61));
#6545=CARTESIAN_POINT('',(0.849999999999999,-1.75,-0.61));
#6546=CARTESIAN_POINT('',(0.449999999999999,-1.17,-0.61));
#6547=CARTESIAN_POINT('',(0.850000000000001,-1.17,-0.61));
#6548=CARTESIAN_POINT('',(0.449999999999999,-1.17,-0.61));
#6549=CARTESIAN_POINT('Origin',(0.449999999999999,-1.75,-0.61));
#6550=CARTESIAN_POINT('',(0.449999999999999,-1.75,-0.61));
#6551=CARTESIAN_POINT('',(0.449999999999999,-1.65,-0.64));
#6552=CARTESIAN_POINT('',(0.449999999999999,-1.75,-0.61));
#6553=CARTESIAN_POINT('',(0.850000000000001,-1.65,-0.64));
#6554=CARTESIAN_POINT('',(1.75,-1.65,-0.64));
#6555=CARTESIAN_POINT('',(0.849999999999999,-1.75,-0.61));
#6556=CARTESIAN_POINT('',(0.849999999999999,-1.75,-0.61));
#6557=CARTESIAN_POINT('',(1.75,-1.75,-0.61));
#6558=CARTESIAN_POINT('Origin',(0.449999999999999,-1.65,-0.63));
#6559=CARTESIAN_POINT('',(0.449999999999999,-1.17,-0.64));
#6560=CARTESIAN_POINT('',(0.449999999999999,-1.17,-0.63));
#6561=CARTESIAN_POINT('',(0.449999999999999,-1.17,-0.64));
#6562=CARTESIAN_POINT('',(0.449999999999999,-1.7,-0.61));
#6563=CARTESIAN_POINT('Origin',(0.850000000000001,-1.17,-0.63));
#6564=CARTESIAN_POINT('',(0.850000000000001,-1.17,-0.64));
#6565=CARTESIAN_POINT('',(0.850000000000001,-1.17,-0.64));
#6566=CARTESIAN_POINT('',(0.850000000000001,-1.17,-0.63));
#6567=CARTESIAN_POINT('',(0.850000000000001,-1.46,-0.61));
#6568=CARTESIAN_POINT('Origin',(0.449999999999999,-1.17,-0.63));
#6569=CARTESIAN_POINT('',(0.850000000000001,-1.17,-0.64));
#6570=CARTESIAN_POINT('Origin',(0.65,-1.41,-0.64));
#6571=CARTESIAN_POINT('Origin',(-1.75,-1.75,-0.61));
#6572=CARTESIAN_POINT('',(0.199999999999999,-1.75,-0.61));
#6573=CARTESIAN_POINT('',(1.75,-1.75,-0.61));
#6574=CARTESIAN_POINT('',(0.199999999999999,-1.55,-0.61));
#6575=CARTESIAN_POINT('',(0.2,-1.46,-0.61));
#6576=CARTESIAN_POINT('',(1.75,-1.55,-0.61));
#6577=CARTESIAN_POINT('Origin',(-1.75,-1.75,-0.61));
#6578=CARTESIAN_POINT('',(1.55,-1.55,-0.61));
#6579=CARTESIAN_POINT('',(1.75,-1.55,-0.61));
#6580=CARTESIAN_POINT('',(1.55,-1.175,-0.61));
#6581=CARTESIAN_POINT('',(1.55,1.75,-0.61));
#6582=CARTESIAN_POINT('',(1.75,-1.175,-0.61));
#6583=CARTESIAN_POINT('',(-0.29,-1.175,-0.61));
#6584=CARTESIAN_POINT('',(1.75,-1.75,-0.61));
#6585=CARTESIAN_POINT('',(1.75,1.75,-0.61));
#6586=CARTESIAN_POINT('',(1.75,-1.75,-0.61));
#6587=CARTESIAN_POINT('Origin',(-2.77555756156289E-16,-1.41,-0.61));
#6588=CARTESIAN_POINT('',(-0.200000000000001,-1.55,-0.61));
#6589=CARTESIAN_POINT('',(1.75,-1.55,-0.61));
#6590=CARTESIAN_POINT('',(0.200000000000001,-1.17,-0.61));
#6591=CARTESIAN_POINT('',(0.199999999999999,-1.75,-0.61));
#6592=CARTESIAN_POINT('',(-0.200000000000001,-1.17,-0.61));
#6593=CARTESIAN_POINT('',(0.200000000000001,-1.17,-0.61));
#6594=CARTESIAN_POINT('',(-0.200000000000001,-1.17,-0.61));
#6595=CARTESIAN_POINT('Origin',(-0.200000000000001,-1.75,-0.61));
#6596=CARTESIAN_POINT('',(-0.200000000000001,-1.75,-0.61));
#6597=CARTESIAN_POINT('',(-0.200000000000001,-1.65,-0.64));
#6598=CARTESIAN_POINT('',(-0.200000000000001,-1.75,-0.61));
#6599=CARTESIAN_POINT('',(0.200000000000001,-1.65,-0.64));
#6600=CARTESIAN_POINT('',(1.1,-1.65,-0.64));
#6601=CARTESIAN_POINT('',(0.199999999999999,-1.75,-0.61));
#6602=CARTESIAN_POINT('',(1.75,-1.75,-0.61));
#6603=CARTESIAN_POINT('Origin',(-0.200000000000001,-1.65,-0.63));
#6604=CARTESIAN_POINT('',(-0.200000000000001,-1.17,-0.64));
#6605=CARTESIAN_POINT('',(-0.200000000000001,-1.17,-0.63));
#6606=CARTESIAN_POINT('',(-0.200000000000001,-1.17,-0.64));
#6607=CARTESIAN_POINT('',(-0.200000000000001,-1.7,-0.61));
#6608=CARTESIAN_POINT('Origin',(0.200000000000001,-1.17,-0.63));
#6609=CARTESIAN_POINT('',(0.200000000000001,-1.17,-0.64));
#6610=CARTESIAN_POINT('',(0.200000000000001,-1.17,-0.64));
#6611=CARTESIAN_POINT('',(0.200000000000001,-1.17,-0.63));
#6612=CARTESIAN_POINT('Origin',(-0.200000000000001,-1.17,-0.63));
#6613=CARTESIAN_POINT('',(0.200000000000001,-1.17,-0.64));
#6614=CARTESIAN_POINT('Origin',(-2.77555756156289E-16,-1.41,-0.64));
#6615=CARTESIAN_POINT('Origin',(-1.75,-1.75,-0.61));
#6616=CARTESIAN_POINT('',(-0.450000000000001,-1.75,-0.61));
#6617=CARTESIAN_POINT('',(1.75,-1.75,-0.61));
#6618=CARTESIAN_POINT('',(-0.450000000000001,-1.55,-0.61));
#6619=CARTESIAN_POINT('',(-0.45,-1.46,-0.61));
#6620=CARTESIAN_POINT('',(1.75,-1.55,-0.61));
#6621=CARTESIAN_POINT('Origin',(-0.65,-1.41,-0.61));
#6622=CARTESIAN_POINT('',(-0.850000000000001,-1.55,-0.61));
#6623=CARTESIAN_POINT('',(1.75,-1.55,-0.61));
#6624=CARTESIAN_POINT('',(-0.449999999999999,-1.17,-0.61));
#6625=CARTESIAN_POINT('',(-0.450000000000001,-1.75,-0.61));
#6626=CARTESIAN_POINT('',(-0.850000000000001,-1.17,-0.61));
#6627=CARTESIAN_POINT('',(-0.449999999999999,-1.17,-0.61));
#6628=CARTESIAN_POINT('',(-0.850000000000001,-1.17,-0.61));
#6629=CARTESIAN_POINT('Origin',(-0.850000000000001,-1.75,-0.61));
#6630=CARTESIAN_POINT('',(-0.850000000000001,-1.75,-0.61));
#6631=CARTESIAN_POINT('',(-0.850000000000001,-1.65,-0.64));
#6632=CARTESIAN_POINT('',(-0.850000000000001,-1.75,-0.61));
#6633=CARTESIAN_POINT('',(-0.449999999999999,-1.65,-0.64));
#6634=CARTESIAN_POINT('',(0.450000000000001,-1.65,-0.64));
#6635=CARTESIAN_POINT('',(-0.450000000000001,-1.75,-0.61));
#6636=CARTESIAN_POINT('',(1.75,-1.75,-0.61));
#6637=CARTESIAN_POINT('Origin',(-0.850000000000001,-1.65,-0.63));
#6638=CARTESIAN_POINT('',(-0.850000000000001,-1.17,-0.64));
#6639=CARTESIAN_POINT('',(-0.850000000000001,-1.17,-0.63));
#6640=CARTESIAN_POINT('',(-0.850000000000001,-1.17,-0.64));
#6641=CARTESIAN_POINT('',(-0.850000000000001,-1.7,-0.61));
#6642=CARTESIAN_POINT('Origin',(-0.449999999999999,-1.17,-0.63));
#6643=CARTESIAN_POINT('',(-0.449999999999999,-1.17,-0.64));
#6644=CARTESIAN_POINT('',(-0.449999999999999,-1.17,-0.64));
#6645=CARTESIAN_POINT('',(-0.449999999999999,-1.17,-0.63));
#6646=CARTESIAN_POINT('Origin',(-0.850000000000001,-1.17,-0.63));
#6647=CARTESIAN_POINT('',(-0.449999999999999,-1.17,-0.64));
#6648=CARTESIAN_POINT('Origin',(-0.65,-1.41,-0.64));
#6649=CARTESIAN_POINT('Origin',(-1.75,-1.75,-0.61));
#6650=CARTESIAN_POINT('',(-1.75,-1.75,-0.61));
#6651=CARTESIAN_POINT('',(1.75,-1.75,-0.61));
#6652=CARTESIAN_POINT('',(-1.75,-1.175,-0.61));
#6653=CARTESIAN_POINT('',(-1.75,-1.75,-0.61));
#6654=CARTESIAN_POINT('',(-1.55,-1.175,-0.61));
#6655=CARTESIAN_POINT('',(-1.46,-1.175,-0.61));
#6656=CARTESIAN_POINT('',(-1.55,-1.55,-0.61));
#6657=CARTESIAN_POINT('',(-1.55,-1.75,-0.61));
#6658=CARTESIAN_POINT('',(1.75,-1.55,-0.61));
#6659=CARTESIAN_POINT('Origin',(-1.41,-0.975,-0.61));
#6660=CARTESIAN_POINT('',(-1.55,-0.775,-0.61));
#6661=CARTESIAN_POINT('',(-1.55,-1.75,-0.61));
#6662=CARTESIAN_POINT('',(-1.17,-1.175,-0.61));
#6663=CARTESIAN_POINT('',(-1.75,-1.175,-0.61));
#6664=CARTESIAN_POINT('',(-1.17,-0.774999999999999,-0.61));
#6665=CARTESIAN_POINT('',(-1.17,-1.175,-0.61));
#6666=CARTESIAN_POINT('',(-1.17,-0.774999999999999,-0.61));
#6667=CARTESIAN_POINT('Origin',(-1.75,-0.774999999999999,-0.61));
#6668=CARTESIAN_POINT('',(-1.75,-0.774999999999999,-0.61));
#6669=CARTESIAN_POINT('',(-1.65,-0.774999999999999,-0.64));
#6670=CARTESIAN_POINT('',(-1.75,-0.774999999999999,-0.61));
#6671=CARTESIAN_POINT('',(-1.65,-1.175,-0.64));
#6672=CARTESIAN_POINT('',(-1.65,-2.075,-0.64));
#6673=CARTESIAN_POINT('',(-1.75,-1.175,-0.61));
#6674=CARTESIAN_POINT('',(-1.75,-1.75,-0.61));
#6675=CARTESIAN_POINT('Origin',(-1.65,-0.775,-0.63));
#6676=CARTESIAN_POINT('',(-1.17,-0.774999999999999,-0.64));
#6677=CARTESIAN_POINT('',(-1.17,-0.774999999999999,-0.63));
#6678=CARTESIAN_POINT('',(-1.17,-0.774999999999999,-0.64));
#6679=CARTESIAN_POINT('',(-1.7,-0.774999999999999,-0.61));
#6680=CARTESIAN_POINT('Origin',(-1.17,-1.175,-0.63));
#6681=CARTESIAN_POINT('',(-1.17,-1.175,-0.64));
#6682=CARTESIAN_POINT('',(-1.17,-1.175,-0.64));
#6683=CARTESIAN_POINT('',(-1.17,-1.175,-0.63));
#6684=CARTESIAN_POINT('Origin',(-1.17,-0.774999999999999,-0.63));
#6685=CARTESIAN_POINT('',(-1.17,-1.175,-0.64));
#6686=CARTESIAN_POINT('Origin',(-1.41,-0.975,-0.64));
#6687=CARTESIAN_POINT('Origin',(-1.41,-0.325,-0.61));
#6688=CARTESIAN_POINT('',(-1.55,-0.524999999999999,-0.61));
#6689=CARTESIAN_POINT('',(-1.55,-0.124999999999999,-0.61));
#6690=CARTESIAN_POINT('',(-1.55,-1.75,-0.61));
#6691=CARTESIAN_POINT('',(-1.17,-0.525000000000001,-0.61));
#6692=CARTESIAN_POINT('',(-1.75,-0.524999999999999,-0.61));
#6693=CARTESIAN_POINT('',(-1.17,-0.124999999999999,-0.61));
#6694=CARTESIAN_POINT('',(-1.17,-0.525000000000001,-0.61));
#6695=CARTESIAN_POINT('',(-1.17,-0.124999999999999,-0.61));
#6696=CARTESIAN_POINT('Origin',(-1.75,-0.124999999999999,-0.61));
#6697=CARTESIAN_POINT('',(-1.75,-0.124999999999999,-0.61));
#6698=CARTESIAN_POINT('',(-1.65,-0.124999999999999,-0.64));
#6699=CARTESIAN_POINT('',(-1.75,-0.124999999999999,-0.61));
#6700=CARTESIAN_POINT('',(-1.65,-0.525000000000001,-0.64));
#6701=CARTESIAN_POINT('',(-1.65,-1.425,-0.64));
#6702=CARTESIAN_POINT('',(-1.75,-0.524999999999999,-0.61));
#6703=CARTESIAN_POINT('',(-1.75,-0.524999999999999,-0.61));
#6704=CARTESIAN_POINT('',(-1.75,-1.75,-0.61));
#6705=CARTESIAN_POINT('Origin',(-1.65,-0.125,-0.63));
#6706=CARTESIAN_POINT('',(-1.17,-0.124999999999999,-0.64));
#6707=CARTESIAN_POINT('',(-1.17,-0.124999999999999,-0.63));
#6708=CARTESIAN_POINT('',(-1.17,-0.124999999999999,-0.64));
#6709=CARTESIAN_POINT('',(-1.7,-0.125,-0.61));
#6710=CARTESIAN_POINT('Origin',(-1.17,-0.525000000000001,-0.63));
#6711=CARTESIAN_POINT('',(-1.17,-0.525000000000001,-0.64));
#6712=CARTESIAN_POINT('',(-1.17,-0.525000000000001,-0.64));
#6713=CARTESIAN_POINT('',(-1.17,-0.525000000000001,-0.63));
#6714=CARTESIAN_POINT('',(-1.46,-0.525000000000001,-0.61));
#6715=CARTESIAN_POINT('Origin',(-1.17,-0.124999999999999,-0.63));
#6716=CARTESIAN_POINT('',(-1.17,-0.525000000000001,-0.64));
#6717=CARTESIAN_POINT('Origin',(-1.41,-0.325,-0.64));
#6718=CARTESIAN_POINT('Origin',(-1.75,-1.75,-0.61));
#6719=CARTESIAN_POINT('',(-1.75,-1.75,-0.61));
#6720=CARTESIAN_POINT('',(-1.55,-1.75,-0.61));
#6721=CARTESIAN_POINT('Origin',(-1.41,0.325,-0.61));
#6722=CARTESIAN_POINT('',(-1.55,0.124999999999999,-0.61));
#6723=CARTESIAN_POINT('',(-1.55,0.524999999999999,-0.61));
#6724=CARTESIAN_POINT('',(-1.55,-1.75,-0.61));
#6725=CARTESIAN_POINT('',(-1.17,0.124999999999999,-0.61));
#6726=CARTESIAN_POINT('',(-1.17,0.124999999999999,-0.61));
#6727=CARTESIAN_POINT('',(-1.17,0.525000000000001,-0.61));
#6728=CARTESIAN_POINT('',(-1.17,0.525000000000001,-0.61));
#6729=CARTESIAN_POINT('',(-1.75,0.524999999999999,-0.61));
#6730=CARTESIAN_POINT('Origin',(-1.75,0.124999999999999,-0.61));
#6731=CARTESIAN_POINT('',(-1.75,0.124999999999999,-0.61));
#6732=CARTESIAN_POINT('',(-1.65,0.124999999999999,-0.64));
#6733=CARTESIAN_POINT('',(-1.75,0.124999999999999,-0.61));
#6734=CARTESIAN_POINT('',(-1.75,0.524999999999999,-0.61));
#6735=CARTESIAN_POINT('',(-1.75,-1.75,-0.61));
#6736=CARTESIAN_POINT('',(-1.65,0.525000000000001,-0.64));
#6737=CARTESIAN_POINT('',(-1.75,0.524999999999999,-0.61));
#6738=CARTESIAN_POINT('',(-1.65,1.425,-0.64));
#6739=CARTESIAN_POINT('Origin',(-1.65,0.125,-0.63));
#6740=CARTESIAN_POINT('',(-1.17,0.124999999999999,-0.64));
#6741=CARTESIAN_POINT('',(-1.17,0.124999999999999,-0.63));
#6742=CARTESIAN_POINT('',(-1.7,0.125,-0.61));
#6743=CARTESIAN_POINT('',(-1.17,0.124999999999999,-0.64));
#6744=CARTESIAN_POINT('Origin',(-1.17,0.525000000000001,-0.63));
#6745=CARTESIAN_POINT('',(-1.17,0.525000000000001,-0.64));
#6746=CARTESIAN_POINT('',(-1.17,0.525000000000001,-0.64));
#6747=CARTESIAN_POINT('',(-1.46,0.525000000000001,-0.61));
#6748=CARTESIAN_POINT('',(-1.17,0.525000000000001,-0.63));
#6749=CARTESIAN_POINT('Origin',(-1.17,0.124999999999999,-0.63));
#6750=CARTESIAN_POINT('',(-1.17,0.525000000000001,-0.64));
#6751=CARTESIAN_POINT('Origin',(-1.41,0.325,-0.64));
#6752=CARTESIAN_POINT('Origin',(-1.75,-1.75,-0.61));
#6753=CARTESIAN_POINT('',(-1.75,-1.75,-0.61));
#6754=CARTESIAN_POINT('',(-1.55,-1.75,-0.61));
#6755=CARTESIAN_POINT('Origin',(-1.41,0.975,-0.61));
#6756=CARTESIAN_POINT('',(-1.55,0.775,-0.61));
#6757=CARTESIAN_POINT('',(-1.55,1.175,-0.61));
#6758=CARTESIAN_POINT('',(-1.55,-1.75,-0.61));
#6759=CARTESIAN_POINT('',(-1.17,0.774999999999999,-0.61));
#6760=CARTESIAN_POINT('',(-1.17,0.774999999999999,-0.61));
#6761=CARTESIAN_POINT('',(-1.17,1.175,-0.61));
#6762=CARTESIAN_POINT('',(-1.17,1.175,-0.61));
#6763=CARTESIAN_POINT('',(-1.75,1.175,-0.61));
#6764=CARTESIAN_POINT('Origin',(-1.75,0.774999999999999,-0.61));
#6765=CARTESIAN_POINT('',(-1.75,0.774999999999999,-0.61));
#6766=CARTESIAN_POINT('',(-1.65,0.774999999999999,-0.64));
#6767=CARTESIAN_POINT('',(-1.75,0.774999999999999,-0.61));
#6768=CARTESIAN_POINT('',(-1.75,1.175,-0.61));
#6769=CARTESIAN_POINT('',(-1.75,-1.75,-0.61));
#6770=CARTESIAN_POINT('',(-1.65,1.175,-0.64));
#6771=CARTESIAN_POINT('',(-1.75,1.175,-0.61));
#6772=CARTESIAN_POINT('',(-1.65,2.075,-0.64));
#6773=CARTESIAN_POINT('Origin',(-1.65,0.775,-0.63));
#6774=CARTESIAN_POINT('',(-1.17,0.774999999999999,-0.64));
#6775=CARTESIAN_POINT('',(-1.17,0.774999999999999,-0.63));
#6776=CARTESIAN_POINT('',(-1.7,0.774999999999999,-0.61));
#6777=CARTESIAN_POINT('',(-1.17,0.774999999999999,-0.64));
#6778=CARTESIAN_POINT('Origin',(-1.17,1.175,-0.63));
#6779=CARTESIAN_POINT('',(-1.17,1.175,-0.64));
#6780=CARTESIAN_POINT('',(-1.17,1.175,-0.64));
#6781=CARTESIAN_POINT('',(-1.46,1.175,-0.61));
#6782=CARTESIAN_POINT('',(-1.17,1.175,-0.63));
#6783=CARTESIAN_POINT('Origin',(-1.17,0.774999999999999,-0.63));
#6784=CARTESIAN_POINT('',(-1.17,1.175,-0.64));
#6785=CARTESIAN_POINT('Origin',(-1.41,0.975,-0.64));
#6786=CARTESIAN_POINT('Origin',(-1.75,-1.75,-0.61));
#6787=CARTESIAN_POINT('',(-1.75,-1.75,-0.61));
#6788=CARTESIAN_POINT('',(-1.55,-1.75,-0.61));
#6789=CARTESIAN_POINT('Origin',(-0.65,1.41,-0.61));
#6790=CARTESIAN_POINT('',(-0.850000000000001,1.55,-0.61));
#6791=CARTESIAN_POINT('',(-0.450000000000001,1.55,-0.61));
#6792=CARTESIAN_POINT('',(-1.75,1.55,-0.61));
#6793=CARTESIAN_POINT('',(-0.850000000000001,1.17,-0.61));
#6794=CARTESIAN_POINT('',(-0.850000000000001,1.17,-0.61));
#6795=CARTESIAN_POINT('',(-0.449999999999999,1.17,-0.61));
#6796=CARTESIAN_POINT('',(-0.449999999999999,1.17,-0.61));
#6797=CARTESIAN_POINT('',(-0.450000000000001,1.75,-0.61));
#6798=CARTESIAN_POINT('Origin',(-0.850000000000001,1.75,-0.61));
#6799=CARTESIAN_POINT('',(-0.850000000000001,1.75,-0.61));
#6800=CARTESIAN_POINT('',(-0.850000000000001,1.65,-0.64));
#6801=CARTESIAN_POINT('',(-0.850000000000001,1.75,-0.61));
#6802=CARTESIAN_POINT('',(-0.450000000000001,1.75,-0.61));
#6803=CARTESIAN_POINT('',(-1.75,1.75,-0.61));
#6804=CARTESIAN_POINT('',(-0.449999999999999,1.65,-0.64));
#6805=CARTESIAN_POINT('',(-0.450000000000001,1.75,-0.61));
#6806=CARTESIAN_POINT('',(0.450000000000001,1.65,-0.64));
#6807=CARTESIAN_POINT('Origin',(-0.850000000000001,1.65,-0.63));
#6808=CARTESIAN_POINT('',(-0.850000000000001,1.17,-0.64));
#6809=CARTESIAN_POINT('',(-0.850000000000001,1.17,-0.63));
#6810=CARTESIAN_POINT('',(-0.850000000000001,-0.0500000000000002,-0.61));
#6811=CARTESIAN_POINT('',(-0.850000000000001,1.17,-0.64));
#6812=CARTESIAN_POINT('Origin',(-0.449999999999999,1.17,-0.63));
#6813=CARTESIAN_POINT('',(-0.449999999999999,1.17,-0.64));
#6814=CARTESIAN_POINT('',(-0.449999999999999,1.17,-0.64));
#6815=CARTESIAN_POINT('',(-0.45,-0.29,-0.61));
#6816=CARTESIAN_POINT('',(-0.449999999999999,1.17,-0.63));
#6817=CARTESIAN_POINT('Origin',(-0.850000000000001,1.17,-0.63));
#6818=CARTESIAN_POINT('',(-0.449999999999999,1.17,-0.64));
#6819=CARTESIAN_POINT('Origin',(-0.65,1.41,-0.64));
#6820=CARTESIAN_POINT('Origin',(-1.75,-1.75,-0.61));
#6821=CARTESIAN_POINT('',(-1.75,1.75,-0.61));
#6822=CARTESIAN_POINT('',(-1.75,-1.75,-0.61));
#6823=CARTESIAN_POINT('',(-1.75,1.75,-0.61));
#6824=CARTESIAN_POINT('',(-1.55,1.55,-0.61));
#6825=CARTESIAN_POINT('',(-1.75,1.55,-0.61));
#6826=CARTESIAN_POINT('',(-1.55,-1.75,-0.61));
#6827=CARTESIAN_POINT('Origin',(-2.77555756156289E-16,1.41,-0.61));
#6828=CARTESIAN_POINT('',(-0.200000000000001,1.55,-0.61));
#6829=CARTESIAN_POINT('',(0.199999999999999,1.55,-0.61));
#6830=CARTESIAN_POINT('',(-1.75,1.55,-0.61));
#6831=CARTESIAN_POINT('',(-0.200000000000001,1.17,-0.61));
#6832=CARTESIAN_POINT('',(-0.200000000000001,1.17,-0.61));
#6833=CARTESIAN_POINT('',(0.200000000000001,1.17,-0.61));
#6834=CARTESIAN_POINT('',(0.200000000000001,1.17,-0.61));
#6835=CARTESIAN_POINT('',(0.199999999999999,1.75,-0.61));
#6836=CARTESIAN_POINT('Origin',(-0.200000000000001,1.75,-0.61));
#6837=CARTESIAN_POINT('',(-0.200000000000001,1.75,-0.61));
#6838=CARTESIAN_POINT('',(-0.200000000000001,1.65,-0.64));
#6839=CARTESIAN_POINT('',(-0.200000000000001,1.75,-0.61));
#6840=CARTESIAN_POINT('',(0.199999999999999,1.75,-0.61));
#6841=CARTESIAN_POINT('',(-1.75,1.75,-0.61));
#6842=CARTESIAN_POINT('',(0.200000000000001,1.65,-0.64));
#6843=CARTESIAN_POINT('',(0.199999999999999,1.75,-0.61));
#6844=CARTESIAN_POINT('',(1.1,1.65,-0.64));
#6845=CARTESIAN_POINT('Origin',(-0.200000000000001,1.65,-0.63));
#6846=CARTESIAN_POINT('',(-0.200000000000001,1.17,-0.64));
#6847=CARTESIAN_POINT('',(-0.200000000000001,1.17,-0.63));
#6848=CARTESIAN_POINT('',(-0.200000000000001,-0.0500000000000002,-0.61));
#6849=CARTESIAN_POINT('',(-0.200000000000001,1.17,-0.64));
#6850=CARTESIAN_POINT('Origin',(0.200000000000001,1.17,-0.63));
#6851=CARTESIAN_POINT('',(0.200000000000001,1.17,-0.64));
#6852=CARTESIAN_POINT('',(0.200000000000001,1.17,-0.64));
#6853=CARTESIAN_POINT('',(0.2,-0.29,-0.61));
#6854=CARTESIAN_POINT('',(0.200000000000001,1.17,-0.63));
#6855=CARTESIAN_POINT('Origin',(-0.200000000000001,1.17,-0.63));
#6856=CARTESIAN_POINT('',(0.200000000000001,1.17,-0.64));
#6857=CARTESIAN_POINT('Origin',(-2.77555756156289E-16,1.41,-0.64));
#6858=CARTESIAN_POINT('Origin',(-1.75,-1.75,-0.61));
#6859=CARTESIAN_POINT('',(-1.75,1.75,-0.61));
#6860=CARTESIAN_POINT('',(-1.75,1.55,-0.61));
#6861=CARTESIAN_POINT('Origin',(0.65,1.41,-0.61));
#6862=CARTESIAN_POINT('',(0.449999999999999,1.55,-0.61));
#6863=CARTESIAN_POINT('',(0.849999999999999,1.55,-0.61));
#6864=CARTESIAN_POINT('',(-1.75,1.55,-0.61));
#6865=CARTESIAN_POINT('',(0.449999999999999,1.17,-0.61));
#6866=CARTESIAN_POINT('',(0.449999999999999,1.17,-0.61));
#6867=CARTESIAN_POINT('',(0.850000000000001,1.17,-0.61));
#6868=CARTESIAN_POINT('',(0.850000000000001,1.17,-0.61));
#6869=CARTESIAN_POINT('',(0.849999999999999,1.75,-0.61));
#6870=CARTESIAN_POINT('Origin',(0.449999999999999,1.75,-0.61));
#6871=CARTESIAN_POINT('',(0.449999999999999,1.75,-0.61));
#6872=CARTESIAN_POINT('',(0.449999999999999,1.65,-0.64));
#6873=CARTESIAN_POINT('',(0.449999999999999,1.75,-0.61));
#6874=CARTESIAN_POINT('',(0.849999999999999,1.75,-0.61));
#6875=CARTESIAN_POINT('',(-1.75,1.75,-0.61));
#6876=CARTESIAN_POINT('',(0.850000000000001,1.65,-0.64));
#6877=CARTESIAN_POINT('',(0.849999999999999,1.75,-0.61));
#6878=CARTESIAN_POINT('',(1.75,1.65,-0.64));
#6879=CARTESIAN_POINT('Origin',(0.449999999999999,1.65,-0.63));
#6880=CARTESIAN_POINT('',(0.449999999999999,1.17,-0.64));
#6881=CARTESIAN_POINT('',(0.449999999999999,1.17,-0.63));
#6882=CARTESIAN_POINT('',(0.449999999999999,-0.0500000000000002,-0.61));
#6883=CARTESIAN_POINT('',(0.449999999999999,1.17,-0.64));
#6884=CARTESIAN_POINT('Origin',(0.850000000000001,1.17,-0.63));
#6885=CARTESIAN_POINT('',(0.850000000000001,1.17,-0.64));
#6886=CARTESIAN_POINT('',(0.850000000000001,1.17,-0.64));
#6887=CARTESIAN_POINT('',(0.850000000000001,-0.29,-0.61));
#6888=CARTESIAN_POINT('',(0.850000000000001,1.17,-0.63));
#6889=CARTESIAN_POINT('Origin',(0.449999999999999,1.17,-0.63));
#6890=CARTESIAN_POINT('',(0.850000000000001,1.17,-0.64));
#6891=CARTESIAN_POINT('Origin',(0.65,1.41,-0.64));
#6892=CARTESIAN_POINT('Origin',(-1.75,-1.75,-0.61));
#6893=CARTESIAN_POINT('',(-1.75,1.75,-0.61));
#6894=CARTESIAN_POINT('',(-1.75,1.55,-0.61));
#6895=CARTESIAN_POINT('Origin',(1.41,-0.975,-0.61));
#6896=CARTESIAN_POINT('',(1.55,-0.775,-0.61));
#6897=CARTESIAN_POINT('',(1.55,1.75,-0.61));
#6898=CARTESIAN_POINT('',(1.17,-0.774999999999999,-0.61));
#6899=CARTESIAN_POINT('',(1.17,-0.774999999999999,-0.61));
#6900=CARTESIAN_POINT('',(1.17,-1.175,-0.61));
#6901=CARTESIAN_POINT('',(1.17,-1.175,-0.61));
#6902=CARTESIAN_POINT('',(1.75,-1.175,-0.61));
#6903=CARTESIAN_POINT('Origin',(1.75,-0.774999999999999,-0.61));
#6904=CARTESIAN_POINT('',(1.75,-0.774999999999999,-0.61));
#6905=CARTESIAN_POINT('',(1.65,-0.774999999999999,-0.64));
#6906=CARTESIAN_POINT('',(1.75,-0.774999999999999,-0.61));
#6907=CARTESIAN_POINT('',(1.75,1.75,-0.61));
#6908=CARTESIAN_POINT('',(1.65,-1.175,-0.64));
#6909=CARTESIAN_POINT('',(1.75,-1.175,-0.61));
#6910=CARTESIAN_POINT('',(1.65,-2.075,-0.64));
#6911=CARTESIAN_POINT('Origin',(1.65,-0.775,-0.63));
#6912=CARTESIAN_POINT('',(1.17,-0.774999999999999,-0.64));
#6913=CARTESIAN_POINT('',(1.17,-0.774999999999999,-0.63));
#6914=CARTESIAN_POINT('',(-0.0500000000000001,-0.774999999999999,-0.61));
#6915=CARTESIAN_POINT('',(1.17,-0.774999999999999,-0.64));
#6916=CARTESIAN_POINT('Origin',(1.17,-1.175,-0.63));
#6917=CARTESIAN_POINT('',(1.17,-1.175,-0.64));
#6918=CARTESIAN_POINT('',(1.17,-1.175,-0.64));
#6919=CARTESIAN_POINT('',(1.17,-1.175,-0.63));
#6920=CARTESIAN_POINT('Origin',(1.17,-0.774999999999999,-0.63));
#6921=CARTESIAN_POINT('',(1.17,-1.175,-0.64));
#6922=CARTESIAN_POINT('Origin',(1.41,-0.975,-0.64));
#6923=CARTESIAN_POINT('Origin',(-1.75,-1.75,-0.61));
#6924=CARTESIAN_POINT('',(1.55,-0.524999999999999,-0.61));
#6925=CARTESIAN_POINT('',(1.55,1.75,-0.61));
#6926=CARTESIAN_POINT('',(1.75,-0.524999999999999,-0.61));
#6927=CARTESIAN_POINT('',(-0.29,-0.525,-0.61));
#6928=CARTESIAN_POINT('',(1.75,1.75,-0.61));
#6929=CARTESIAN_POINT('Origin',(1.41,-0.325,-0.61));
#6930=CARTESIAN_POINT('',(1.55,-0.124999999999999,-0.61));
#6931=CARTESIAN_POINT('',(1.55,1.75,-0.61));
#6932=CARTESIAN_POINT('',(1.17,-0.124999999999999,-0.61));
#6933=CARTESIAN_POINT('',(1.17,-0.124999999999999,-0.61));
#6934=CARTESIAN_POINT('',(1.17,-0.525000000000001,-0.61));
#6935=CARTESIAN_POINT('',(1.17,-0.525000000000001,-0.61));
#6936=CARTESIAN_POINT('',(1.75,-0.524999999999999,-0.61));
#6937=CARTESIAN_POINT('Origin',(1.75,-0.124999999999999,-0.61));
#6938=CARTESIAN_POINT('',(1.75,-0.124999999999999,-0.61));
#6939=CARTESIAN_POINT('',(1.65,-0.124999999999999,-0.64));
#6940=CARTESIAN_POINT('',(1.75,-0.124999999999999,-0.61));
#6941=CARTESIAN_POINT('',(1.75,1.75,-0.61));
#6942=CARTESIAN_POINT('',(1.65,-0.525000000000001,-0.64));
#6943=CARTESIAN_POINT('',(1.75,-0.524999999999999,-0.61));
#6944=CARTESIAN_POINT('',(1.65,-1.425,-0.64));
#6945=CARTESIAN_POINT('Origin',(1.65,-0.125,-0.63));
#6946=CARTESIAN_POINT('',(1.17,-0.124999999999999,-0.64));
#6947=CARTESIAN_POINT('',(1.17,-0.124999999999999,-0.63));
#6948=CARTESIAN_POINT('',(-0.05,-0.124999999999999,-0.61));
#6949=CARTESIAN_POINT('',(1.17,-0.124999999999999,-0.64));
#6950=CARTESIAN_POINT('Origin',(1.17,-0.525000000000001,-0.63));
#6951=CARTESIAN_POINT('',(1.17,-0.525000000000001,-0.64));
#6952=CARTESIAN_POINT('',(1.17,-0.525000000000001,-0.64));
#6953=CARTESIAN_POINT('',(1.17,-0.525000000000001,-0.63));
#6954=CARTESIAN_POINT('Origin',(1.17,-0.124999999999999,-0.63));
#6955=CARTESIAN_POINT('',(1.17,-0.525000000000001,-0.64));
#6956=CARTESIAN_POINT('Origin',(1.41,-0.325,-0.64));
#6957=CARTESIAN_POINT('Origin',(-1.75,-1.75,-0.61));
#6958=CARTESIAN_POINT('',(1.55,0.124999999999999,-0.61));
#6959=CARTESIAN_POINT('',(1.55,1.75,-0.61));
#6960=CARTESIAN_POINT('',(1.75,0.124999999999999,-0.61));
#6961=CARTESIAN_POINT('',(-0.0500000000000004,0.124999999999999,-0.61));
#6962=CARTESIAN_POINT('',(1.75,1.75,-0.61));
#6963=CARTESIAN_POINT('Origin',(1.41,0.325,-0.61));
#6964=CARTESIAN_POINT('',(1.55,0.524999999999999,-0.61));
#6965=CARTESIAN_POINT('',(1.55,1.75,-0.61));
#6966=CARTESIAN_POINT('',(1.17,0.525000000000001,-0.61));
#6967=CARTESIAN_POINT('',(1.75,0.524999999999999,-0.61));
#6968=CARTESIAN_POINT('',(1.17,0.124999999999999,-0.61));
#6969=CARTESIAN_POINT('',(1.17,0.525000000000001,-0.61));
#6970=CARTESIAN_POINT('',(1.17,0.124999999999999,-0.61));
#6971=CARTESIAN_POINT('Origin',(1.75,0.124999999999999,-0.61));
#6972=CARTESIAN_POINT('',(1.65,0.124999999999999,-0.64));
#6973=CARTESIAN_POINT('',(1.75,0.124999999999999,-0.61));
#6974=CARTESIAN_POINT('',(1.65,0.525000000000001,-0.64));
#6975=CARTESIAN_POINT('',(1.65,1.425,-0.64));
#6976=CARTESIAN_POINT('',(1.75,0.524999999999999,-0.61));
#6977=CARTESIAN_POINT('',(1.75,0.524999999999999,-0.61));
#6978=CARTESIAN_POINT('',(1.75,1.75,-0.61));
#6979=CARTESIAN_POINT('Origin',(1.65,0.125,-0.63));
#6980=CARTESIAN_POINT('',(1.17,0.124999999999999,-0.64));
#6981=CARTESIAN_POINT('',(1.17,0.124999999999999,-0.63));
#6982=CARTESIAN_POINT('',(1.17,0.124999999999999,-0.64));
#6983=CARTESIAN_POINT('Origin',(1.17,0.525000000000001,-0.63));
#6984=CARTESIAN_POINT('',(1.17,0.525000000000001,-0.64));
#6985=CARTESIAN_POINT('',(1.17,0.525000000000001,-0.64));
#6986=CARTESIAN_POINT('',(1.17,0.525000000000001,-0.63));
#6987=CARTESIAN_POINT('',(-0.29,0.525000000000001,-0.61));
#6988=CARTESIAN_POINT('Origin',(1.17,0.124999999999999,-0.63));
#6989=CARTESIAN_POINT('',(1.17,0.525000000000001,-0.64));
#6990=CARTESIAN_POINT('Origin',(1.41,0.325,-0.64));
#6991=CARTESIAN_POINT('Origin',(-1.75,-1.75,-0.61));
#6992=CARTESIAN_POINT('',(1.55,0.775,-0.61));
#6993=CARTESIAN_POINT('',(1.55,1.75,-0.61));
#6994=CARTESIAN_POINT('',(1.75,0.774999999999999,-0.61));
#6995=CARTESIAN_POINT('',(-0.0500000000000005,0.774999999999999,-0.61));
#6996=CARTESIAN_POINT('',(1.75,1.75,-0.61));
#6997=CARTESIAN_POINT('Origin',(1.41,0.975,-0.61));
#6998=CARTESIAN_POINT('',(1.55,1.175,-0.61));
#6999=CARTESIAN_POINT('',(1.55,1.75,-0.61));
#7000=CARTESIAN_POINT('',(1.17,1.175,-0.61));
#7001=CARTESIAN_POINT('',(1.75,1.175,-0.61));
#7002=CARTESIAN_POINT('',(1.17,0.774999999999999,-0.61));
#7003=CARTESIAN_POINT('',(1.17,1.175,-0.61));
#7004=CARTESIAN_POINT('',(1.17,0.774999999999999,-0.61));
#7005=CARTESIAN_POINT('Origin',(1.75,0.774999999999999,-0.61));
#7006=CARTESIAN_POINT('',(1.65,0.774999999999999,-0.64));
#7007=CARTESIAN_POINT('',(1.75,0.774999999999999,-0.61));
#7008=CARTESIAN_POINT('',(1.65,1.175,-0.64));
#7009=CARTESIAN_POINT('',(1.65,2.075,-0.64));
#7010=CARTESIAN_POINT('',(1.75,1.175,-0.61));
#7011=CARTESIAN_POINT('',(1.75,1.175,-0.61));
#7012=CARTESIAN_POINT('',(1.75,1.75,-0.61));
#7013=CARTESIAN_POINT('Origin',(1.65,0.775,-0.63));
#7014=CARTESIAN_POINT('',(1.17,0.774999999999999,-0.64));
#7015=CARTESIAN_POINT('',(1.17,0.774999999999999,-0.63));
#7016=CARTESIAN_POINT('',(1.17,0.774999999999999,-0.64));
#7017=CARTESIAN_POINT('Origin',(1.17,1.175,-0.63));
#7018=CARTESIAN_POINT('',(1.17,1.175,-0.64));
#7019=CARTESIAN_POINT('',(1.17,1.175,-0.64));
#7020=CARTESIAN_POINT('',(1.17,1.175,-0.63));
#7021=CARTESIAN_POINT('',(-0.29,1.175,-0.61));
#7022=CARTESIAN_POINT('Origin',(1.17,0.774999999999999,-0.63));
#7023=CARTESIAN_POINT('',(1.17,1.175,-0.64));
#7024=CARTESIAN_POINT('Origin',(1.41,0.975,-0.64));
#7025=CARTESIAN_POINT('Origin',(0.73,1.75,-0.51));
#7026=CARTESIAN_POINT('',(0.0500000000000003,1.75,-0.51));
#7027=CARTESIAN_POINT('',(0.73,1.75,-0.51));
#7028=CARTESIAN_POINT('',(-1.75,1.75,-0.51));
#7029=CARTESIAN_POINT('',(0.0500000000000002,1.55,-0.51));
#7030=CARTESIAN_POINT('',(0.0500000000000003,1.75,-0.51));
#7031=CARTESIAN_POINT('',(0.73,1.55,-0.51));
#7032=CARTESIAN_POINT('',(-1.75,1.55,-0.51));
#7033=CARTESIAN_POINT('',(0.73,1.75,-0.51));
#7034=CARTESIAN_POINT('Origin',(0.73,1.75,0.51));
#7035=CARTESIAN_POINT('',(0.73,1.75,0.51));
#7036=CARTESIAN_POINT('',(0.73,1.75,-0.7035308613161));
#7037=CARTESIAN_POINT('',(0.73,1.55,0.51));
#7038=CARTESIAN_POINT('',(0.73,1.55,-0.7035308613161));
#7039=CARTESIAN_POINT('',(0.73,1.75,0.51));
#7040=CARTESIAN_POINT('Origin',(0.0500000000000003,1.75,0.51));
#7041=CARTESIAN_POINT('',(0.0500000000000003,1.75,0.51));
#7042=CARTESIAN_POINT('',(1.75,1.75,0.51));
#7043=CARTESIAN_POINT('',(0.0500000000000002,1.55,0.51));
#7044=CARTESIAN_POINT('',(1.75,1.55,0.51));
#7045=CARTESIAN_POINT('',(0.0500000000000003,1.75,0.51));
#7046=CARTESIAN_POINT('Origin',(0.0500000000000002,1.75,-0.51));
#7047=CARTESIAN_POINT('',(0.0500000000000002,1.75,0.7035308613161));
#7048=CARTESIAN_POINT('',(0.0500000000000002,1.55,0.7035308613161));
#7049=CARTESIAN_POINT('Origin',(-0.73,1.75,0.51));
#7050=CARTESIAN_POINT('',(-0.0499999999999998,1.75,0.51));
#7051=CARTESIAN_POINT('',(-0.73,1.75,0.51));
#7052=CARTESIAN_POINT('',(1.75,1.75,0.51));
#7053=CARTESIAN_POINT('',(-0.0499999999999999,1.55,0.51));
#7054=CARTESIAN_POINT('',(-0.0499999999999998,1.75,0.51));
#7055=CARTESIAN_POINT('',(-0.73,1.55,0.51));
#7056=CARTESIAN_POINT('',(1.75,1.55,0.51));
#7057=CARTESIAN_POINT('',(-0.73,1.75,0.51));
#7058=CARTESIAN_POINT('Origin',(-0.73,1.75,-0.51));
#7059=CARTESIAN_POINT('',(-0.73,1.75,-0.51));
#7060=CARTESIAN_POINT('',(-0.73,1.75,0.7035308613161));
#7061=CARTESIAN_POINT('',(-0.73,1.55,-0.51));
#7062=CARTESIAN_POINT('',(-0.73,1.55,0.7035308613161));
#7063=CARTESIAN_POINT('',(-0.73,1.75,-0.51));
#7064=CARTESIAN_POINT('Origin',(-0.0499999999999998,1.75,-0.51));
#7065=CARTESIAN_POINT('',(-0.0499999999999998,1.75,-0.51));
#7066=CARTESIAN_POINT('',(-1.75,1.75,-0.51));
#7067=CARTESIAN_POINT('',(-0.0499999999999999,1.55,-0.51));
#7068=CARTESIAN_POINT('',(-1.75,1.55,-0.51));
#7069=CARTESIAN_POINT('',(-0.0499999999999998,1.75,-0.51));
#7070=CARTESIAN_POINT('Origin',(-0.0499999999999998,1.75,0.51));
#7071=CARTESIAN_POINT('',(-0.0499999999999998,1.75,-0.7035308613161));
#7072=CARTESIAN_POINT('',(-0.0499999999999998,1.55,-0.7035308613161));
#7073=CARTESIAN_POINT('Origin',(0.83,1.75,-0.51));
#7074=CARTESIAN_POINT('',(0.83,1.75,0.51));
#7075=CARTESIAN_POINT('',(0.83,1.75,-0.51));
#7076=CARTESIAN_POINT('',(0.83,1.75,0.7035308613161));
#7077=CARTESIAN_POINT('',(0.83,1.55,0.51));
#7078=CARTESIAN_POINT('',(0.83,1.75,0.51));
#7079=CARTESIAN_POINT('',(0.83,1.55,-0.51));
#7080=CARTESIAN_POINT('',(0.83,1.55,0.7035308613161));
#7081=CARTESIAN_POINT('',(0.83,1.75,-0.51));
#7082=CARTESIAN_POINT('Origin',(-0.83,1.75,0.51));
#7083=CARTESIAN_POINT('',(-0.83,1.75,-0.51));
#7084=CARTESIAN_POINT('',(-0.83,1.75,0.51));
#7085=CARTESIAN_POINT('',(-0.83,1.75,-0.7035308613161));
#7086=CARTESIAN_POINT('',(-0.83,1.55,-0.51));
#7087=CARTESIAN_POINT('',(-0.83,1.75,-0.51));
#7088=CARTESIAN_POINT('',(-0.83,1.55,0.51));
#7089=CARTESIAN_POINT('',(-0.83,1.55,-0.7035308613161));
#7090=CARTESIAN_POINT('',(-0.83,1.75,0.51));
#7091=CARTESIAN_POINT('Origin',(1.8982025386784E-16,1.55,0.));
#7092=CARTESIAN_POINT('',(1.55,1.55,-0.51));
#7093=CARTESIAN_POINT('',(1.55,1.55,-0.61));
#7094=CARTESIAN_POINT('',(1.55,1.55,0.));
#7095=CARTESIAN_POINT('',(-1.75,1.55,-0.51));
#7096=CARTESIAN_POINT('',(1.55,1.55,0.51));
#7097=CARTESIAN_POINT('',(1.75,1.55,0.51));
#7098=CARTESIAN_POINT('',(1.55,1.55,0.61));
#7099=CARTESIAN_POINT('',(1.55,1.55,0.));
#7100=CARTESIAN_POINT('',(-1.55,1.55,0.61));
#7101=CARTESIAN_POINT('',(1.75,1.55,0.61));
#7102=CARTESIAN_POINT('',(-1.55,1.55,0.51));
#7103=CARTESIAN_POINT('',(-1.55,1.55,0.));
#7104=CARTESIAN_POINT('',(1.75,1.55,0.51));
#7105=CARTESIAN_POINT('',(-1.55,1.55,-0.51));
#7106=CARTESIAN_POINT('',(-1.75,1.55,-0.51));
#7107=CARTESIAN_POINT('',(-1.55,1.55,0.));
#7108=CARTESIAN_POINT('',(-1.75,1.55,-0.61));
#7109=CARTESIAN_POINT('Origin',(1.75,0.83,-0.51));
#7110=CARTESIAN_POINT('',(1.55,0.83,-0.51));
#7111=CARTESIAN_POINT('',(1.55,1.75,-0.51));
#7112=CARTESIAN_POINT('',(1.75,0.83,-0.51));
#7113=CARTESIAN_POINT('',(1.75,0.83,-0.51));
#7114=CARTESIAN_POINT('',(1.75,1.75,-0.51));
#7115=CARTESIAN_POINT('',(1.75,1.75,-0.51));
#7116=CARTESIAN_POINT('',(-1.75,1.75,-0.51));
#7117=CARTESIAN_POINT('Origin',(-1.75,0.83,0.51));
#7118=CARTESIAN_POINT('',(-1.55,0.83,0.51));
#7119=CARTESIAN_POINT('',(-1.55,1.75,0.51));
#7120=CARTESIAN_POINT('',(-1.75,0.83,0.51));
#7121=CARTESIAN_POINT('',(-1.75,0.83,0.51));
#7122=CARTESIAN_POINT('',(-1.75,1.75,0.51));
#7123=CARTESIAN_POINT('',(-1.75,1.75,0.51));
#7124=CARTESIAN_POINT('',(1.75,1.75,0.51));
#7125=CARTESIAN_POINT('Origin',(-1.55,2.8473038080176E-16,0.));
#7126=CARTESIAN_POINT('',(-1.55,0.83,-0.51));
#7127=CARTESIAN_POINT('',(-1.55,-1.75,-0.51));
#7128=CARTESIAN_POINT('',(-1.55,0.83,0.7035308613161));
#7129=CARTESIAN_POINT('',(-1.55,-1.55,0.61));
#7130=CARTESIAN_POINT('',(-1.55,1.75,0.61));
#7131=CARTESIAN_POINT('',(-1.55,-1.55,0.51));
#7132=CARTESIAN_POINT('',(-1.55,-1.55,0.));
#7133=CARTESIAN_POINT('',(-1.55,-0.83,0.51));
#7134=CARTESIAN_POINT('',(-1.55,1.75,0.51));
#7135=CARTESIAN_POINT('',(-1.55,-0.83,-0.51));
#7136=CARTESIAN_POINT('',(-1.55,-0.83,-0.7035308613161));
#7137=CARTESIAN_POINT('',(-1.55,-1.55,-0.51));
#7138=CARTESIAN_POINT('',(-1.55,-1.75,-0.51));
#7139=CARTESIAN_POINT('',(-1.55,-1.55,0.));
#7140=CARTESIAN_POINT('',(-1.55,-0.0499999999999998,0.51));
#7141=CARTESIAN_POINT('',(-1.55,-0.0499999999999998,-0.51));
#7142=CARTESIAN_POINT('',(-1.55,-0.0499999999999997,-0.7035308613161));
#7143=CARTESIAN_POINT('',(-1.55,-0.73,-0.51));
#7144=CARTESIAN_POINT('',(-1.55,-1.75,-0.51));
#7145=CARTESIAN_POINT('',(-1.55,-0.73,0.51));
#7146=CARTESIAN_POINT('',(-1.55,-0.73,0.7035308613161));
#7147=CARTESIAN_POINT('',(-1.55,1.75,0.51));
#7148=CARTESIAN_POINT('',(-1.55,0.0500000000000003,-0.51));
#7149=CARTESIAN_POINT('',(-1.55,0.0500000000000003,0.51));
#7150=CARTESIAN_POINT('',(-1.55,0.0500000000000003,0.7035308613161));
#7151=CARTESIAN_POINT('',(-1.55,0.73,0.51));
#7152=CARTESIAN_POINT('',(-1.55,1.75,0.51));
#7153=CARTESIAN_POINT('',(-1.55,0.73,-0.51));
#7154=CARTESIAN_POINT('',(-1.55,0.73,-0.7035308613161));
#7155=CARTESIAN_POINT('',(-1.55,-1.75,-0.51));
#7156=CARTESIAN_POINT('Origin',(1.55,-9.49101269339198E-17,0.));
#7157=CARTESIAN_POINT('',(1.55,1.75,-0.61));
#7158=CARTESIAN_POINT('',(1.55,-1.55,-0.51));
#7159=CARTESIAN_POINT('',(1.55,-1.55,0.));
#7160=CARTESIAN_POINT('',(1.55,-0.83,-0.51));
#7161=CARTESIAN_POINT('',(1.55,1.75,-0.51));
#7162=CARTESIAN_POINT('',(1.55,-0.83,0.51));
#7163=CARTESIAN_POINT('',(1.55,-0.83,0.7035308613161));
#7164=CARTESIAN_POINT('',(1.55,-1.55,0.51));
#7165=CARTESIAN_POINT('',(1.55,-1.75,0.51));
#7166=CARTESIAN_POINT('',(1.55,-1.55,0.61));
#7167=CARTESIAN_POINT('',(1.55,-1.55,0.));
#7168=CARTESIAN_POINT('',(1.55,-1.75,0.61));
#7169=CARTESIAN_POINT('',(1.55,0.83,0.51));
#7170=CARTESIAN_POINT('',(1.55,-1.75,0.51));
#7171=CARTESIAN_POINT('',(1.55,0.83,-0.7035308613161));
#7172=CARTESIAN_POINT('',(1.55,0.0499999999999999,0.51));
#7173=CARTESIAN_POINT('',(1.55,0.0499999999999999,-0.51));
#7174=CARTESIAN_POINT('',(1.55,0.0499999999999999,-0.7035308613161));
#7175=CARTESIAN_POINT('',(1.55,0.73,-0.51));
#7176=CARTESIAN_POINT('',(1.55,1.75,-0.51));
#7177=CARTESIAN_POINT('',(1.55,0.73,0.51));
#7178=CARTESIAN_POINT('',(1.55,0.73,0.7035308613161));
#7179=CARTESIAN_POINT('',(1.55,-1.75,0.51));
#7180=CARTESIAN_POINT('',(1.55,-0.0500000000000001,-0.51));
#7181=CARTESIAN_POINT('',(1.55,-0.0500000000000001,0.51));
#7182=CARTESIAN_POINT('',(1.55,-0.0500000000000001,0.7035308613161));
#7183=CARTESIAN_POINT('',(1.55,-0.73,0.51));
#7184=CARTESIAN_POINT('',(1.55,-1.75,0.51));
#7185=CARTESIAN_POINT('',(1.55,-0.73,-0.51));
#7186=CARTESIAN_POINT('',(1.55,-0.73,-0.7035308613161));
#7187=CARTESIAN_POINT('',(1.55,1.75,-0.51));
#7188=CARTESIAN_POINT('Origin',(-0.73,-1.75,-0.51));
#7189=CARTESIAN_POINT('',(-0.05,-1.75,-0.51));
#7190=CARTESIAN_POINT('',(-0.73,-1.75,-0.51));
#7191=CARTESIAN_POINT('',(1.75,-1.75,-0.51));
#7192=CARTESIAN_POINT('',(-0.05,-1.55,-0.51));
#7193=CARTESIAN_POINT('',(-0.05,-1.75,-0.51));
#7194=CARTESIAN_POINT('',(-0.73,-1.55,-0.51));
#7195=CARTESIAN_POINT('',(1.75,-1.55,-0.51));
#7196=CARTESIAN_POINT('',(-0.73,-1.75,-0.51));
#7197=CARTESIAN_POINT('Origin',(-0.73,-1.75,0.51));
#7198=CARTESIAN_POINT('',(-0.73,-1.75,0.51));
#7199=CARTESIAN_POINT('',(-0.73,-1.75,-0.7035308613161));
#7200=CARTESIAN_POINT('',(-0.73,-1.55,0.51));
#7201=CARTESIAN_POINT('',(-0.73,-1.55,-0.7035308613161));
#7202=CARTESIAN_POINT('',(-0.73,-1.75,0.51));
#7203=CARTESIAN_POINT('Origin',(-0.05,-1.75,0.51));
#7204=CARTESIAN_POINT('',(-0.05,-1.75,0.51));
#7205=CARTESIAN_POINT('',(-1.75,-1.75,0.51));
#7206=CARTESIAN_POINT('',(-0.05,-1.55,0.51));
#7207=CARTESIAN_POINT('',(-1.75,-1.55,0.51));
#7208=CARTESIAN_POINT('',(-0.05,-1.75,0.51));
#7209=CARTESIAN_POINT('Origin',(-0.05,-1.75,-0.51));
#7210=CARTESIAN_POINT('',(-0.05,-1.75,0.7035308613161));
#7211=CARTESIAN_POINT('',(-0.05,-1.55,0.7035308613161));
#7212=CARTESIAN_POINT('Origin',(0.73,-1.75,0.51));
#7213=CARTESIAN_POINT('',(0.05,-1.75,0.51));
#7214=CARTESIAN_POINT('',(0.73,-1.75,0.51));
#7215=CARTESIAN_POINT('',(-1.75,-1.75,0.51));
#7216=CARTESIAN_POINT('',(0.05,-1.55,0.51));
#7217=CARTESIAN_POINT('',(0.05,-1.75,0.51));
#7218=CARTESIAN_POINT('',(0.73,-1.55,0.51));
#7219=CARTESIAN_POINT('',(-1.75,-1.55,0.51));
#7220=CARTESIAN_POINT('',(0.73,-1.75,0.51));
#7221=CARTESIAN_POINT('Origin',(0.73,-1.75,-0.51));
#7222=CARTESIAN_POINT('',(0.73,-1.75,-0.51));
#7223=CARTESIAN_POINT('',(0.73,-1.75,0.7035308613161));
#7224=CARTESIAN_POINT('',(0.73,-1.55,-0.51));
#7225=CARTESIAN_POINT('',(0.73,-1.55,0.7035308613161));
#7226=CARTESIAN_POINT('',(0.73,-1.75,-0.51));
#7227=CARTESIAN_POINT('Origin',(0.05,-1.75,-0.51));
#7228=CARTESIAN_POINT('',(0.05,-1.75,-0.51));
#7229=CARTESIAN_POINT('',(1.75,-1.75,-0.51));
#7230=CARTESIAN_POINT('',(0.05,-1.55,-0.51));
#7231=CARTESIAN_POINT('',(1.75,-1.55,-0.51));
#7232=CARTESIAN_POINT('',(0.05,-1.75,-0.51));
#7233=CARTESIAN_POINT('Origin',(0.05,-1.75,0.51));
#7234=CARTESIAN_POINT('',(0.05,-1.75,-0.7035308613161));
#7235=CARTESIAN_POINT('',(0.05,-1.55,-0.7035308613161));
#7236=CARTESIAN_POINT('Origin',(-0.83,-1.75,-0.51));
#7237=CARTESIAN_POINT('',(-0.83,-1.75,0.51));
#7238=CARTESIAN_POINT('',(-0.83,-1.75,-0.51));
#7239=CARTESIAN_POINT('',(-0.83,-1.75,0.7035308613161));
#7240=CARTESIAN_POINT('',(-0.83,-1.55,0.51));
#7241=CARTESIAN_POINT('',(-0.83,-1.75,0.51));
#7242=CARTESIAN_POINT('',(-0.83,-1.55,-0.51));
#7243=CARTESIAN_POINT('',(-0.83,-1.55,0.7035308613161));
#7244=CARTESIAN_POINT('',(-0.83,-1.75,-0.51));
#7245=CARTESIAN_POINT('Origin',(0.83,-1.75,0.51));
#7246=CARTESIAN_POINT('',(0.83,-1.75,-0.51));
#7247=CARTESIAN_POINT('',(0.83,-1.75,0.51));
#7248=CARTESIAN_POINT('',(0.83,-1.75,-0.7035308613161));
#7249=CARTESIAN_POINT('',(0.83,-1.55,-0.51));
#7250=CARTESIAN_POINT('',(0.83,-1.75,-0.51));
#7251=CARTESIAN_POINT('',(0.83,-1.55,0.51));
#7252=CARTESIAN_POINT('',(0.83,-1.55,-0.7035308613161));
#7253=CARTESIAN_POINT('',(0.83,-1.75,0.51));
#7254=CARTESIAN_POINT('Origin',(0.,-1.55,0.));
#7255=CARTESIAN_POINT('',(1.75,-1.55,-0.51));
#7256=CARTESIAN_POINT('',(-1.75,-1.55,0.51));
#7257=CARTESIAN_POINT('',(-1.75,-1.55,0.61));
#7258=CARTESIAN_POINT('',(-1.75,-1.55,0.51));
#7259=CARTESIAN_POINT('',(1.75,-1.55,-0.51));
#7260=CARTESIAN_POINT('Origin',(1.75,-1.75,-0.51));
#7261=CARTESIAN_POINT('',(1.75,-0.83,-0.51));
#7262=CARTESIAN_POINT('',(1.75,-1.75,-0.51));
#7263=CARTESIAN_POINT('',(1.75,1.75,-0.51));
#7264=CARTESIAN_POINT('',(1.75,-0.83,-0.51));
#7265=CARTESIAN_POINT('',(1.75,-1.75,-0.51));
#7266=CARTESIAN_POINT('Origin',(1.75,-0.73,-0.51));
#7267=CARTESIAN_POINT('',(1.75,-0.0500000000000001,-0.51));
#7268=CARTESIAN_POINT('',(1.75,-0.73,-0.51));
#7269=CARTESIAN_POINT('',(1.75,1.75,-0.51));
#7270=CARTESIAN_POINT('',(1.75,-0.0500000000000001,-0.51));
#7271=CARTESIAN_POINT('',(1.75,-0.73,-0.51));
#7272=CARTESIAN_POINT('Origin',(1.75,-0.73,0.51));
#7273=CARTESIAN_POINT('',(1.75,-0.73,0.51));
#7274=CARTESIAN_POINT('',(1.75,-0.73,-0.7035308613161));
#7275=CARTESIAN_POINT('',(1.75,-0.73,0.51));
#7276=CARTESIAN_POINT('Origin',(1.75,-0.0500000000000001,0.51));
#7277=CARTESIAN_POINT('',(1.75,-0.0500000000000001,0.51));
#7278=CARTESIAN_POINT('',(1.75,-1.75,0.51));
#7279=CARTESIAN_POINT('',(1.75,-0.0500000000000001,0.51));
#7280=CARTESIAN_POINT('Origin',(1.75,-0.0500000000000001,-0.51));
#7281=CARTESIAN_POINT('',(1.75,-0.0500000000000001,0.7035308613161));
#7282=CARTESIAN_POINT('Origin',(1.75,0.73,0.51));
#7283=CARTESIAN_POINT('',(1.75,0.0499999999999999,0.51));
#7284=CARTESIAN_POINT('',(1.75,0.73,0.51));
#7285=CARTESIAN_POINT('',(1.75,-1.75,0.51));
#7286=CARTESIAN_POINT('',(1.75,0.0499999999999999,0.51));
#7287=CARTESIAN_POINT('',(1.75,0.73,0.51));
#7288=CARTESIAN_POINT('Origin',(1.75,0.73,-0.51));
#7289=CARTESIAN_POINT('',(1.75,0.73,-0.51));
#7290=CARTESIAN_POINT('',(1.75,0.73,0.7035308613161));
#7291=CARTESIAN_POINT('',(1.75,0.73,-0.51));
#7292=CARTESIAN_POINT('Origin',(1.75,0.0499999999999999,-0.51));
#7293=CARTESIAN_POINT('',(1.75,0.0499999999999999,-0.51));
#7294=CARTESIAN_POINT('',(1.75,1.75,-0.51));
#7295=CARTESIAN_POINT('',(1.75,0.0499999999999999,-0.51));
#7296=CARTESIAN_POINT('Origin',(1.75,0.0499999999999999,0.51));
#7297=CARTESIAN_POINT('',(1.75,0.0499999999999999,-0.7035308613161));
#7298=CARTESIAN_POINT('Origin',(1.75,-0.83,-0.51));
#7299=CARTESIAN_POINT('',(1.75,-0.83,0.51));
#7300=CARTESIAN_POINT('',(1.75,-0.83,0.7035308613161));
#7301=CARTESIAN_POINT('',(1.75,-0.83,0.51));
#7302=CARTESIAN_POINT('Origin',(1.75,1.75,-0.51));
#7303=CARTESIAN_POINT('',(1.75,1.75,-0.61));
#7304=CARTESIAN_POINT('',(1.75,1.75,-0.61));
#7305=CARTESIAN_POINT('',(-1.75,1.75,-0.61));
#7306=CARTESIAN_POINT('',(-1.75,1.75,-0.51));
#7307=CARTESIAN_POINT('',(-1.75,1.75,0.61));
#7308=CARTESIAN_POINT('',(-1.75,1.75,-0.51));
#7309=CARTESIAN_POINT('',(-1.75,1.75,0.61));
#7310=CARTESIAN_POINT('',(-1.75,1.75,0.61));
#7311=CARTESIAN_POINT('',(1.75,1.75,0.61));
#7312=CARTESIAN_POINT('',(1.75,1.75,0.61));
#7313=CARTESIAN_POINT('',(1.75,1.75,0.51));
#7314=CARTESIAN_POINT('',(1.75,1.75,-0.61));
#7315=CARTESIAN_POINT('',(1.75,1.75,0.51));
#7316=CARTESIAN_POINT('Origin',(1.75,0.83,0.51));
#7317=CARTESIAN_POINT('',(1.75,0.83,0.51));
#7318=CARTESIAN_POINT('',(1.75,0.83,-0.7035308613161));
#7319=CARTESIAN_POINT('',(1.75,0.83,0.51));
#7320=CARTESIAN_POINT('Origin',(1.75,1.75,0.51));
#7321=CARTESIAN_POINT('',(1.75,-1.75,0.51));
#7322=CARTESIAN_POINT('Origin',(1.75,-0.83,0.51));
#7323=CARTESIAN_POINT('',(1.75,-1.75,0.51));
#7324=CARTESIAN_POINT('',(1.75,-1.75,0.51));
#7325=CARTESIAN_POINT('',(-1.75,-1.75,0.51));
#7326=CARTESIAN_POINT('Origin',(1.75,-1.07156594925393E-16,0.));
#7327=CARTESIAN_POINT('',(1.75,-1.75,0.61));
#7328=CARTESIAN_POINT('',(1.75,-1.75,0.61));
#7329=CARTESIAN_POINT('',(1.75,-1.75,0.61));
#7330=CARTESIAN_POINT('',(1.75,-1.75,0.61));
#7331=CARTESIAN_POINT('',(1.75,1.75,-0.61));
#7332=CARTESIAN_POINT('Origin',(-1.75,-1.75,-0.61));
#7333=CARTESIAN_POINT('Origin',(-1.75,-1.75,0.51));
#7334=CARTESIAN_POINT('',(-1.75,-0.83,0.51));
#7335=CARTESIAN_POINT('',(-1.75,-1.75,0.51));
#7336=CARTESIAN_POINT('',(-1.75,1.75,0.51));
#7337=CARTESIAN_POINT('',(-1.75,-0.83,0.51));
#7338=CARTESIAN_POINT('',(-1.75,-1.75,0.51));
#7339=CARTESIAN_POINT('Origin',(-1.75,0.73,-0.51));
#7340=CARTESIAN_POINT('',(-1.75,0.0500000000000004,-0.51));
#7341=CARTESIAN_POINT('',(-1.75,0.73,-0.51));
#7342=CARTESIAN_POINT('',(-1.75,-1.75,-0.51));
#7343=CARTESIAN_POINT('',(-1.75,0.0500000000000004,-0.51));
#7344=CARTESIAN_POINT('',(-1.75,0.73,-0.51));
#7345=CARTESIAN_POINT('Origin',(-1.75,0.73,0.51));
#7346=CARTESIAN_POINT('',(-1.75,0.73,0.51));
#7347=CARTESIAN_POINT('',(-1.75,0.73,-0.7035308613161));
#7348=CARTESIAN_POINT('',(-1.75,0.73,0.51));
#7349=CARTESIAN_POINT('Origin',(-1.75,0.0500000000000004,0.51));
#7350=CARTESIAN_POINT('',(-1.75,0.0500000000000004,0.51));
#7351=CARTESIAN_POINT('',(-1.75,1.75,0.51));
#7352=CARTESIAN_POINT('',(-1.75,0.0500000000000004,0.51));
#7353=CARTESIAN_POINT('Origin',(-1.75,0.0500000000000003,-0.51));
#7354=CARTESIAN_POINT('',(-1.75,0.0500000000000003,0.7035308613161));
#7355=CARTESIAN_POINT('Origin',(-1.75,-0.73,0.51));
#7356=CARTESIAN_POINT('',(-1.75,-0.0499999999999997,0.51));
#7357=CARTESIAN_POINT('',(-1.75,-0.73,0.51));
#7358=CARTESIAN_POINT('',(-1.75,1.75,0.51));
#7359=CARTESIAN_POINT('',(-1.75,-0.0499999999999997,0.51));
#7360=CARTESIAN_POINT('',(-1.75,-0.73,0.51));
#7361=CARTESIAN_POINT('Origin',(-1.75,-0.73,-0.51));
#7362=CARTESIAN_POINT('',(-1.75,-0.73,-0.51));
#7363=CARTESIAN_POINT('',(-1.75,-0.73,0.7035308613161));
#7364=CARTESIAN_POINT('',(-1.75,-0.73,-0.51));
#7365=CARTESIAN_POINT('Origin',(-1.75,-0.0499999999999997,-0.51));
#7366=CARTESIAN_POINT('',(-1.75,-0.0499999999999997,-0.51));
#7367=CARTESIAN_POINT('',(-1.75,-1.75,-0.51));
#7368=CARTESIAN_POINT('',(-1.75,-0.0499999999999997,-0.51));
#7369=CARTESIAN_POINT('Origin',(-1.75,-0.0499999999999997,0.51));
#7370=CARTESIAN_POINT('',(-1.75,-0.0499999999999997,-0.7035308613161));
#7371=CARTESIAN_POINT('Origin',(-1.75,0.83,-0.51));
#7372=CARTESIAN_POINT('',(-1.75,0.83,-0.51));
#7373=CARTESIAN_POINT('',(-1.75,0.83,0.7035308613161));
#7374=CARTESIAN_POINT('',(-1.75,0.83,-0.51));
#7375=CARTESIAN_POINT('Origin',(-1.75,1.75,-0.51));
#7376=CARTESIAN_POINT('',(-1.75,-1.75,-0.51));
#7377=CARTESIAN_POINT('Origin',(-1.75,-1.75,-0.51));
#7378=CARTESIAN_POINT('',(-1.75,-1.75,-0.51));
#7379=CARTESIAN_POINT('',(-1.75,-1.75,-0.61));
#7380=CARTESIAN_POINT('',(-1.75,-1.75,0.61));
#7381=CARTESIAN_POINT('',(-1.75,-1.75,0.61));
#7382=CARTESIAN_POINT('',(-1.75,-1.75,-0.61));
#7383=CARTESIAN_POINT('',(1.75,-1.75,-0.51));
#7384=CARTESIAN_POINT('Origin',(-1.75,-0.83,-0.51));
#7385=CARTESIAN_POINT('',(-1.75,-0.83,-0.51));
#7386=CARTESIAN_POINT('',(-1.75,-0.83,-0.51));
#7387=CARTESIAN_POINT('',(-1.75,-1.75,-0.51));
#7388=CARTESIAN_POINT('Origin',(-1.75,-0.83,0.51));
#7389=CARTESIAN_POINT('',(-1.75,-0.83,-0.7035308613161));
#7390=CARTESIAN_POINT('Origin',(-1.75,1.75,0.61));
#7391=CARTESIAN_POINT('',(-1.75,1.75,0.61));
#7392=CARTESIAN_POINT('Origin',(-1.75,3.2146978477618E-16,0.));
#7393=UNCERTAINTY_MEASURE_WITH_UNIT(LENGTH_MEASURE(0.01),#7397,
'DISTANCE_ACCURACY_VALUE',
'Maximum model space distance between geometric entities at asserted c
onnectivities');
#7394=UNCERTAINTY_MEASURE_WITH_UNIT(LENGTH_MEASURE(0.01),#7397,
'DISTANCE_ACCURACY_VALUE',
'Maximum model space distance between geometric entities at asserted c
onnectivities');
#7395=(
GEOMETRIC_REPRESENTATION_CONTEXT(3)
GLOBAL_UNCERTAINTY_ASSIGNED_CONTEXT((#7393))
GLOBAL_UNIT_ASSIGNED_CONTEXT((#7397,#7399,#7400))
REPRESENTATION_CONTEXT('','3D')
);
#7396=(
GEOMETRIC_REPRESENTATION_CONTEXT(3)
GLOBAL_UNCERTAINTY_ASSIGNED_CONTEXT((#7394))
GLOBAL_UNIT_ASSIGNED_CONTEXT((#7397,#7399,#7400))
REPRESENTATION_CONTEXT('','3D')
);
#7397=(
LENGTH_UNIT()
NAMED_UNIT(*)
SI_UNIT(.MILLI.,.METRE.)
);
#7398=(
LENGTH_UNIT()
NAMED_UNIT(*)
SI_UNIT($,.METRE.)
);
#7399=(
NAMED_UNIT(*)
PLANE_ANGLE_UNIT()
SI_UNIT($,.RADIAN.)
);
#7400=(
NAMED_UNIT(*)
SI_UNIT($,.STERADIAN.)
SOLID_ANGLE_UNIT()
);
#7401=SHAPE_DEFINITION_REPRESENTATION(#7402,#7403);
#7402=PRODUCT_DEFINITION_SHAPE('',$,#7405);
#7403=SHAPE_REPRESENTATION('',(#4705),#7395);
#7404=PRODUCT_DEFINITION_CONTEXT('part definition',#7409,'design');
#7405=PRODUCT_DEFINITION('ICU-10201','ICU-10201 v2',#7406,#7404);
#7406=PRODUCT_DEFINITION_FORMATION('',$,#7411);
#7407=PRODUCT_RELATED_PRODUCT_CATEGORY('ICU-10201 v2','ICU-10201 v2',(#7411));
#7408=APPLICATION_PROTOCOL_DEFINITION('international standard',
'automotive_design',2009,#7409);
#7409=APPLICATION_CONTEXT(
'Core Data for Automotive Mechanical Design Process');
#7410=PRODUCT_CONTEXT('part definition',#7409,'mechanical');
#7411=PRODUCT('ICU-10201','ICU-10201 v2',$,(#7410));
#7412=PRESENTATION_STYLE_ASSIGNMENT((#7416));
#7413=PRESENTATION_STYLE_ASSIGNMENT((#7417));
#7414=PRESENTATION_STYLE_ASSIGNMENT((#7418));
#7415=PRESENTATION_STYLE_ASSIGNMENT((#7419));
#7416=SURFACE_STYLE_USAGE(.BOTH.,#7420);
#7417=SURFACE_STYLE_USAGE(.BOTH.,#7421);
#7418=SURFACE_STYLE_USAGE(.BOTH.,#7422);
#7419=SURFACE_STYLE_USAGE(.BOTH.,#7423);
#7420=SURFACE_SIDE_STYLE('',(#7424));
#7421=SURFACE_SIDE_STYLE('',(#7425));
#7422=SURFACE_SIDE_STYLE('',(#7426));
#7423=SURFACE_SIDE_STYLE('',(#7427));
#7424=SURFACE_STYLE_FILL_AREA(#7428);
#7425=SURFACE_STYLE_FILL_AREA(#7429);
#7426=SURFACE_STYLE_FILL_AREA(#7430);
#7427=SURFACE_STYLE_FILL_AREA(#7431);
#7428=FILL_AREA_STYLE('Steel - Satin',(#7432));
#7429=FILL_AREA_STYLE('Opaque(255,255,255) (1)',(#7433));
#7430=FILL_AREA_STYLE('Nickel - Polished',(#7434));
#7431=FILL_AREA_STYLE('Gold - Polished',(#7435));
#7432=FILL_AREA_STYLE_COLOUR('Steel - Satin',#7436);
#7433=FILL_AREA_STYLE_COLOUR('Opaque(255,255,255) (1)',#7437);
#7434=FILL_AREA_STYLE_COLOUR('Nickel - Polished',#7438);
#7435=FILL_AREA_STYLE_COLOUR('Gold - Polished',#7439);
#7436=COLOUR_RGB('Steel - Satin',0.627450980392157,0.627450980392157,0.627450980392157);
#7437=COLOUR_RGB('Opaque(255,255,255) (1)',0.301960784313725,0.301960784313725,
0.301960784313725);
#7438=COLOUR_RGB('Nickel - Polished',0.819607843137255,0.8,0.752941176470588);
#7439=COLOUR_RGB('Gold - Polished',0.956862745098039,0.898039215686275,
0.654901960784314);
ENDSEC;
END-ISO-10303-21;
