ISO-10303-21;
HEADER;
FILE_DESCRIPTION (( 'STEP AP214' ),
    '1' );
FILE_NAME ('SFH 2705.STEP',
    '2023-05-10T19:37:09',
    ( '' ),
    ( '' ),
    'SwSTEP 2.0',
    'SolidWorks 2022',
    '' );
FILE_SCHEMA (( 'AUTOMOTIVE_DESIGN' ));
ENDSEC;

DATA;
#1 = DIRECTION ( 'NONE',  ( -0.000000000000000000, -0.000000000000000000, 1.000000000000000000 ) ) ;
#2 = CARTESIAN_POINT ( 'NONE',  ( 0.5507995028997515474, -0.4387174280381433422, 1.049999999999999822 ) ) ;
#3 = EDGE_LOOP ( 'NONE', ( #151, #987, #2157, #889 ) ) ;
#4 = SURFACE_STYLE_FILL_AREA ( #1064 ) ;
#5 = FILL_AREA_STYLE ('',( #3045 ) ) ;
#6 = CARTESIAN_POINT ( 'NONE',  ( -0.5507995028997515474, -0.9939223609342915378, 0.2000000000000000944 ) ) ;
#7 = VERTEX_POINT ( 'NONE', #2842 ) ;
#8 =( GEOMETRIC_REPRESENTATION_CONTEXT ( 3 ) GLOBAL_UNCERTAINTY_ASSIGNED_CONTEXT ( ( #450 ) ) GLOBAL_UNIT_ASSIGNED_CONTEXT ( ( #1667, #268, #3332 ) ) REPRESENTATION_CONTEXT ( 'NONE', 'WORKASPACE' ) );
#9 = LINE ( 'NONE', #1088, #1678 ) ;
#10 = DIRECTION ( 'NONE',  ( -0.000000000000000000, 0.9992862258249285423, -0.03777616810331912989 ) ) ;
#11 = EDGE_CURVE ( 'NONE', #1664, #396, #900, .T. ) ;
#12 =( GEOMETRIC_REPRESENTATION_CONTEXT ( 3 ) GLOBAL_UNCERTAINTY_ASSIGNED_CONTEXT ( ( #3503 ) ) GLOBAL_UNIT_ASSIGNED_CONTEXT ( ( #2667, #1252, #3213 ) ) REPRESENTATION_CONTEXT ( 'NONE', 'WORKASPACE' ) );
#13 = UNCERTAINTY_MEASURE_WITH_UNIT (LENGTH_MEASURE( 1.000000000000000082E-05 ), #2296, 'distance_accuracy_value', 'NONE');
#14 = CARTESIAN_POINT ( 'NONE',  ( 0.5507995028997514364, -0.9939223609342927590, 1.056170525060946552 ) ) ;
#15 =( LENGTH_UNIT ( ) NAMED_UNIT ( * ) SI_UNIT ( .MILLI., .METRE. ) );
#16 = AXIS2_PLACEMENT_3D ( 'NONE', #1303, #1537, #1288 ) ;
#17 = LINE ( 'NONE', #1993, #1072 ) ;
#18 = CARTESIAN_POINT ( 'NONE',  ( 1.050000000000000044, 1.199999999999999956, -0.05000000000000000278 ) ) ;
#19 = SURFACE_SIDE_STYLE ('',( #2278 ) ) ;
#20 =( NAMED_UNIT ( * ) PLANE_ANGLE_UNIT ( ) SI_UNIT ( $, .RADIAN. ) );
#21 = STYLED_ITEM ( 'NONE', ( #662 ), #2951 ) ;
#22 = PRESENTATION_STYLE_ASSIGNMENT (( #1165 ) ) ;
#23 = CARTESIAN_POINT ( 'NONE',  ( -0.5507995028997514364, -0.9939223609342927590, 1.056170525060946552 ) ) ;
#24 = UNCERTAINTY_MEASURE_WITH_UNIT (LENGTH_MEASURE( 1.000000000000000082E-05 ), #409, 'distance_accuracy_value', 'NONE');
#25 = VECTOR ( 'NONE', #653, 1000.000000000000000 ) ;
#26 =( NAMED_UNIT ( * ) SI_UNIT ( $, .STERADIAN. ) SOLID_ANGLE_UNIT ( ) );
#27 = ORIENTED_EDGE ( 'NONE', *, *, #2334, .F. ) ;
#28 = FILL_AREA_STYLE ('',( #1430 ) ) ;
#29 = ORIENTED_EDGE ( 'NONE', *, *, #181, .T. ) ;
#30 = CARTESIAN_POINT ( 'NONE',  ( -0.6007995028997513698, -0.4913372246352309958, 1.119301011335299911 ) ) ;
#31 = SURFACE_SIDE_STYLE ('',( #2522 ) ) ;
#32 = AXIS2_PLACEMENT_3D ( 'NONE', #1831, #282, #1620 ) ;
#33 = CARTESIAN_POINT ( 'NONE',  ( 0.5757995028997514586, -0.7939223609342919152, 1.139013237535566159 ) ) ;
#34 = CARTESIAN_POINT ( 'NONE',  ( 0.7499999999999995559, 1.000000000000000000, 0.9000000000000000222 ) ) ;
#35 = FACE_OUTER_BOUND ( 'NONE', #1835, .T. ) ;
#36 = SURFACE_STYLE_FILL_AREA ( #1976 ) ;
#37 = AXIS2_PLACEMENT_3D ( 'NONE', #3057, #3606, #258 ) ;
#38 = CIRCLE ( 'NONE', #744, 0.02499999999999995628 ) ;
#39 = MECHANICAL_DESIGN_GEOMETRIC_PRESENTATION_REPRESENTATION (  '', ( #1603 ), #2944 ) ;
#40 = LINE ( 'NONE', #808, #1510 ) ;
#41 = CARTESIAN_POINT ( 'NONE',  ( -0.5757995028997514586, -0.5402279655489612420, 1.139013237535566159 ) ) ;
#42 = CARTESIAN_POINT ( 'NONE',  ( -0.6007995028997513698, -0.4402636542577145207, 1.090902045940731924 ) ) ;
#43 = EDGE_LOOP ( 'NONE', ( #2779, #708, #802, #2035, #1284, #3331, #1738, #2556, #1856, #2408, #3373, #2861 ) ) ;
#44 = CARTESIAN_POINT ( 'NONE',  ( 0.5507995028997515474, -0.7939223609342918042, 1.139013237535566159 ) ) ;
#45 =( LENGTH_UNIT ( ) NAMED_UNIT ( * ) SI_UNIT ( .MILLI., .METRE. ) );
#46 = CARTESIAN_POINT ( 'NONE',  ( -1.100000000000000089, 1.250000000000000000, 0.6000000000000000888 ) ) ;
#47 = ORIENTED_EDGE ( 'NONE', *, *, #1295, .F. ) ;
#48 = CARTESIAN_POINT ( 'NONE',  ( 0.9000000000000006883, 1.049999999999999822, 0.2000000000000000111 ) ) ;
#49 = SURFACE_STYLE_USAGE ( .BOTH. , #2540 ) ;
#50 = SURFACE_STYLE_FILL_AREA ( #2290 ) ;
#51 = CARTESIAN_POINT ( 'NONE',  ( -0.6007995028997513698, -0.9450644879900680362, 1.025013300735999611 ) ) ;
#52 = CARTESIAN_POINT ( 'NONE',  ( -0.6007995028997513698, -0.9939223609342915378, 0.2000000000000000944 ) ) ;
#53 = CIRCLE ( 'NONE', #2445, 0.1000000000000000472 ) ;
#54 = SURFACE_SIDE_STYLE ('',( #3344 ) ) ;
#55 = UNCERTAINTY_MEASURE_WITH_UNIT (LENGTH_MEASURE( 1.000000000000000082E-05 ), #572, 'distance_accuracy_value', 'NONE');
#56 = EDGE_CURVE ( 'NONE', #689, #1608, #353, .T. ) ;
#57 = CARTESIAN_POINT ( 'NONE',  ( 0.5757995028997514586, -0.4887174280381432756, 1.050000000000000044 ) ) ;
#58 = VERTEX_POINT ( 'NONE', #368 ) ;
#59 = DIRECTION ( 'NONE',  ( -0.000000000000000000, -0.000000000000000000, -1.000000000000000000 ) ) ;
#60 = ORIENTED_EDGE ( 'NONE', *, *, #2223, .F. ) ;
#61 = LINE ( 'NONE', #3470, #2073 ) ;
#62 = ORIENTED_EDGE ( 'NONE', *, *, #2862, .T. ) ;
#63 = ORIENTED_EDGE ( 'NONE', *, *, #2914, .T. ) ;
#64 =( GEOMETRIC_REPRESENTATION_CONTEXT ( 3 ) GLOBAL_UNCERTAINTY_ASSIGNED_CONTEXT ( ( #2954 ) ) GLOBAL_UNIT_ASSIGNED_CONTEXT ( ( #2818, #1149, #2219 ) ) REPRESENTATION_CONTEXT ( 'NONE', 'WORKASPACE' ) );
#65 = EDGE_CURVE ( 'NONE', #1753, #1190, #3423, .T. ) ;
#66 = COLOUR_RGB ( '',0.6470588235294117974, 0.6196078431372549211, 0.5882352941176470784 ) ;
#67 = SURFACE_STYLE_FILL_AREA ( #2558 ) ;
#68 = PLANE ( 'NONE',  #3204 ) ;
#69 =( LENGTH_UNIT ( ) NAMED_UNIT ( * ) SI_UNIT ( .MILLI., .METRE. ) );
#70 = SURFACE_SIDE_STYLE ('',( #3346 ) ) ;
#71 = DIRECTION ( 'NONE',  ( 0.000000000000000000, 1.000000000000000000, 0.000000000000000000 ) ) ;
#72 = CARTESIAN_POINT ( 'NONE',  ( 0.5507995028997515474, -0.7939223609342919152, 1.139013237535566603 ) ) ;
#73 = AXIS2_PLACEMENT_3D ( 'NONE', #2206, #2227, #3061 ) ;
#74 =( GEOMETRIC_REPRESENTATION_CONTEXT ( 3 ) GLOBAL_UNCERTAINTY_ASSIGNED_CONTEXT ( ( #1547 ) ) GLOBAL_UNIT_ASSIGNED_CONTEXT ( ( #2660, #2952, #2637 ) ) REPRESENTATION_CONTEXT ( 'NONE', 'WORKASPACE' ) );
#75 = VECTOR ( 'NONE', #2238, 1000.000000000000000 ) ;
#76 = ORIENTED_EDGE ( 'NONE', *, *, #1785, .T. ) ;
#77 = CARTESIAN_POINT ( 'NONE',  ( -1.100000000000000311, -1.250000000000000222, 0.2000000000000000111 ) ) ;
#78 = ORIENTED_EDGE ( 'NONE', *, *, #3240, .F. ) ;
#79 = ORIENTED_EDGE ( 'NONE', *, *, #1937, .F. ) ;
#80 = UNCERTAINTY_MEASURE_WITH_UNIT (LENGTH_MEASURE( 1.000000000000000082E-05 ), #3491, 'distance_accuracy_value', 'NONE');
#81 = SURFACE_STYLE_USAGE ( .BOTH. , #1160 ) ;
#82 = DIRECTION ( 'NONE',  ( 1.734723475976807094E-16, -1.000000000000000000, 0.000000000000000000 ) ) ;
#83 = CARTESIAN_POINT ( 'NONE',  ( -0.6007995028997514808, -0.9110796484596737077, 1.139013237535566159 ) ) ;
#84 = VECTOR ( 'NONE', #2202, 1000.000000000000000 ) ;
#85 = COLOUR_RGB ( '',0.6470588235294117974, 0.6196078431372549211, 0.5882352941176470784 ) ;
#86 = CARTESIAN_POINT ( 'NONE',  ( 0.4257995028997516584, -1.050000000000000044, 0.1500000000000000222 ) ) ;
#87 =( BOUNDED_SURFACE ( )  B_SPLINE_SURFACE ( 3, 1, ( 
 ( #3572, #1077 ),
 ( #2204, #919 ),
 ( #42, #3383 ),
 ( #1475, #367 ),
 ( #3118, #1729 ),
 ( #2822, #2561 ),
 ( #1206, #1965 ) ),
 .UNSPECIFIED., .T., .F., .F. ) 
 B_SPLINE_SURFACE_WITH_KNOTS ( ( 4, 3, 4 ),
 ( 2, 2 ),
 ( 0.000000000000000000, 0.5000000000000000000, 1.000000000000000000 ),
 ( 0.000000000000000000, 1.000000000000000000 ),
 .UNSPECIFIED. ) 
 GEOMETRIC_REPRESENTATION_ITEM ( )  RATIONAL_B_SPLINE_SURFACE ( (
 ( 1.000000000000000000, 1.000000000000000000),
 ( 0.3333333333333333703, 0.3333333333333333703),
 ( 0.3333333333333333703, 0.3333333333333333703),
 ( 1.000000000000000000, 1.000000000000000000),
 ( 0.3333333333333333703, 0.3333333333333333703),
 ( 0.3333333333333333703, 0.3333333333333333703),
 ( 1.000000000000000000, 1.000000000000000000) ) ) 
 REPRESENTATION_ITEM ( '' )  SURFACE ( )  );
#88 =( NAMED_UNIT ( * ) PLANE_ANGLE_UNIT ( ) SI_UNIT ( $, .RADIAN. ) );
#89 = PRESENTATION_STYLE_ASSIGNMENT (( #2580 ) ) ;
#90 =( NAMED_UNIT ( * ) PLANE_ANGLE_UNIT ( ) SI_UNIT ( $, .RADIAN. ) );
#91 = STYLED_ITEM ( 'NONE', ( #348 ), #963 ) ;
#92 = MECHANICAL_DESIGN_GEOMETRIC_PRESENTATION_REPRESENTATION (  '', ( #1969 ), #568 ) ;
#93 = ORIENTED_EDGE ( 'NONE', *, *, #1041, .F. ) ;
#94 = CARTESIAN_POINT ( 'NONE',  ( 0.4257995028997517695, -1.250000000000000222, 0.1500000000000000222 ) ) ;
#95 = CIRCLE ( 'NONE', #1201, 0.02499999999999995628 ) ;
#96 = UNCERTAINTY_MEASURE_WITH_UNIT (LENGTH_MEASURE( 1.000000000000000082E-05 ), #3590, 'distance_accuracy_value', 'NONE');
#97 = VECTOR ( 'NONE', #988, 1000.000000000000000 ) ;
#98 = LINE ( 'NONE', #2301, #3322 ) ;
#99 = VERTEX_POINT ( 'NONE', #1184 ) ;
#100 = DIRECTION ( 'NONE',  ( -1.000000000000000000, 0.000000000000000000, 0.000000000000000000 ) ) ;
#101 = EDGE_LOOP ( 'NONE', ( #3178, #470, #2159, #1513 ) ) ;
#102 = ORIENTED_EDGE ( 'NONE', *, *, #3607, .T. ) ;
#103 = CARTESIAN_POINT ( 'NONE',  ( -0.5507995028997515474, -0.4387174280381433422, 1.049999999999999822 ) ) ;
#104 = DIRECTION ( 'NONE',  ( 9.035018104045870694E-17, 1.000000000000000000, -0.000000000000000000 ) ) ;
#105 = CARTESIAN_POINT ( 'NONE',  ( -0.5507995028997515474, -0.8837000409450584959, 1.087942487897297417 ) ) ;
#106 = ADVANCED_FACE ( 'NONE', ( #2312 ), #2603, .F. ) ;
#107 = CARTESIAN_POINT ( 'NONE',  ( 0.6007995028997513698, -0.4902636542577149537, 1.090902045940732368 ) ) ;
#108 = SURFACE_STYLE_FILL_AREA ( #2581 ) ;
#109 = B_SPLINE_CURVE_WITH_KNOTS ( 'NONE', 1,
 ( #1641, #2247 ),
 .UNSPECIFIED., .F., .F.,
 ( 2, 2 ),
 ( 0.000000000000000000, 1.000000000000000000 ),
 .UNSPECIFIED. ) ;
#110 = ORIENTED_EDGE ( 'NONE', *, *, #2474, .T. ) ;
#111 = CARTESIAN_POINT ( 'NONE',  ( -0.5507995028997515474, -0.7939223609342919152, 1.139013237535566381 ) ) ;
#112 = MECHANICAL_DESIGN_GEOMETRIC_PRESENTATION_REPRESENTATION (  '', ( #2093 ), #398 ) ;
#113 = EDGE_CURVE ( 'NONE', #3392, #3545, #2108, .T. ) ;
#114 = EDGE_CURVE ( 'NONE', #2583, #2595, #3538, .T. ) ;
#115 = ORIENTED_EDGE ( 'NONE', *, *, #2493, .F. ) ;
#116 = CARTESIAN_POINT ( 'NONE',  ( 0.7257995028997515918, -1.050000000000000044, 0.1500000000000000222 ) ) ;
#117 =( NAMED_UNIT ( * ) PLANE_ANGLE_UNIT ( ) SI_UNIT ( $, .RADIAN. ) );
#118 = VERTEX_POINT ( 'NONE', #3540 ) ;
#119 = VERTEX_POINT ( 'NONE', #2673 ) ;
#120 = SURFACE_STYLE_FILL_AREA ( #1756 ) ;
#121 = CARTESIAN_POINT ( 'NONE',  ( -1.100000000000000755, 1.249999999999999778, 0.2000000000000000111 ) ) ;
#122 = CARTESIAN_POINT ( 'NONE',  ( -0.6007995028997513698, -0.7958111693394581687, 1.089048926244319926 ) ) ;
#123 = CARTESIAN_POINT ( 'NONE',  ( 0.5507995028997515474, -0.5402279655489614640, 1.139013237535566159 ) ) ;
#124 = CIRCLE ( 'NONE', #885, 0.02499999999999995628 ) ;
#125 = CARTESIAN_POINT ( 'NONE',  ( 0.6007995028997513698, -0.4887174280381432756, 1.050000000000000044 ) ) ;
#126 = DIRECTION ( 'NONE',  ( -0.000000000000000000, 1.000000000000000000, -0.000000000000000000 ) ) ;
#127 = STYLED_ITEM ( 'NONE', ( #1814 ), #1247 ) ;
#128 = CARTESIAN_POINT ( 'NONE',  ( 0.5507995028997515474, -0.9450644879900680362, 1.025013300735999611 ) ) ;
#129 = DIRECTION ( 'NONE',  ( 5.421010862427520198E-16, -1.000000000000000000, -0.000000000000000000 ) ) ;
#130 = CARTESIAN_POINT ( 'NONE',  ( -0.6007995028997513698, -0.9939223609342915378, 0.2000000000000000944 ) ) ;
#131 = MECHANICAL_DESIGN_GEOMETRIC_PRESENTATION_REPRESENTATION (  '', ( #3244 ), #2538 ) ;
#132 = SURFACE_SIDE_STYLE ('',( #2519 ) ) ;
#133 = ORIENTED_EDGE ( 'NONE', *, *, #2749, .F. ) ;
#134 = MECHANICAL_DESIGN_GEOMETRIC_PRESENTATION_REPRESENTATION (  '', ( #2005 ), #3510 ) ;
#135 = ORIENTED_EDGE ( 'NONE', *, *, #1301, .T. ) ;
#136 = ORIENTED_EDGE ( 'NONE', *, *, #2424, .T. ) ;
#137 = COLOUR_RGB ( '',0.6470588235294117974, 0.6196078431372549211, 0.5882352941176470784 ) ;
#138 = DIRECTION ( 'NONE',  ( 1.000000000000000000, 0.000000000000000000, 0.000000000000000000 ) ) ;
#139 = SURFACE_STYLE_FILL_AREA ( #1490 ) ;
#140 = FACE_OUTER_BOUND ( 'NONE', #1999, .T. ) ;
#141 =( NAMED_UNIT ( * ) PLANE_ANGLE_UNIT ( ) SI_UNIT ( $, .RADIAN. ) );
#142 = MECHANICAL_DESIGN_GEOMETRIC_PRESENTATION_REPRESENTATION (  '', ( #1710 ), #2876 ) ;
#143 = DIRECTION ( 'NONE',  ( -0.000000000000000000, -0.000000000000000000, 1.000000000000000000 ) ) ;
#144 = CARTESIAN_POINT ( 'NONE',  ( -0.6007995028997513698, -1.043886672225537993, 0.9409020459407312353 ) ) ;
#145 =( GEOMETRIC_REPRESENTATION_CONTEXT ( 3 ) GLOBAL_UNCERTAINTY_ASSIGNED_CONTEXT ( ( #2530 ) ) GLOBAL_UNIT_ASSIGNED_CONTEXT ( ( #3560, #246, #3311 ) ) REPRESENTATION_CONTEXT ( 'NONE', 'WORKASPACE' ) );
#146 =( GEOMETRIC_REPRESENTATION_CONTEXT ( 3 ) GLOBAL_UNCERTAINTY_ASSIGNED_CONTEXT ( ( #3355 ) ) GLOBAL_UNIT_ASSIGNED_CONTEXT ( ( #3303, #2527, #3035 ) ) REPRESENTATION_CONTEXT ( 'NONE', 'WORKASPACE' ) );
#147 = VECTOR ( 'NONE', #2016, 1000.000000000000000 ) ;
#148 = STYLED_ITEM ( 'NONE', ( #2711 ), #1070 ) ;
#149 = DIRECTION ( 'NONE',  ( -0.000000000000000000, -0.03777616810331912295, -0.9992862258249284313 ) ) ;
#150 = MECHANICAL_DESIGN_GEOMETRIC_PRESENTATION_REPRESENTATION (  '', ( #1483 ), #3467 ) ;
#151 = ORIENTED_EDGE ( 'NONE', *, *, #3318, .T. ) ;
#152 = UNCERTAINTY_MEASURE_WITH_UNIT (LENGTH_MEASURE( 1.000000000000000082E-05 ), #2959, 'distance_accuracy_value', 'NONE');
#153 = DIRECTION ( 'NONE',  ( -7.973862786511596783E-16, 1.000000000000000000, 0.000000000000000000 ) ) ;
#154 = ORIENTED_EDGE ( 'NONE', *, *, #2334, .T. ) ;
#155 = ORIENTED_EDGE ( 'NONE', *, *, #3600, .T. ) ;
#156 = EDGE_LOOP ( 'NONE', ( #2447, #3370, #359, #2119 ) ) ;
#157 = FILL_AREA_STYLE_COLOUR ( '', #2177 ) ;
#158 = LINE ( 'NONE', #2725, #3378 ) ;
#159 = DIRECTION ( 'NONE',  ( -1.000000000000000000, 0.000000000000000000, 0.000000000000000000 ) ) ;
#160 = EDGE_CURVE ( 'NONE', #1699, #2621, #758, .T. ) ;
#161 = EDGE_CURVE ( 'NONE', #2916, #3247, #183, .T. ) ;
#162 = CARTESIAN_POINT ( 'NONE',  ( 0.5507995028997515474, -0.9939223609342915378, 0.9390132375355652039 ) ) ;
#163 = CARTESIAN_POINT ( 'NONE',  ( 0.5507995028997515474, -0.4887174280381432756, 1.050000000000000044 ) ) ;
#164 = DIRECTION ( 'NONE',  ( 0.000000000000000000, 1.000000000000000000, 0.000000000000000000 ) ) ;
#165 = SURFACE_SIDE_STYLE ('',( #3519 ) ) ;
#166 = CARTESIAN_POINT ( 'NONE',  ( -0.6007995028997513698, -0.9939223609342917598, 0.9390132375355648708 ) ) ;
#167 =( LENGTH_UNIT ( ) NAMED_UNIT ( * ) SI_UNIT ( .MILLI., .METRE. ) );
#168 = DIRECTION ( 'NONE',  ( -0.000000000000000000, -0.000000000000000000, -1.000000000000000000 ) ) ;
#169 = ADVANCED_FACE ( 'NONE', ( #1263 ), #2362, .F. ) ;
#170 =( GEOMETRIC_REPRESENTATION_CONTEXT ( 3 ) GLOBAL_UNCERTAINTY_ASSIGNED_CONTEXT ( ( #1796 ) ) GLOBAL_UNIT_ASSIGNED_CONTEXT ( ( #1385, #3353, #873 ) ) REPRESENTATION_CONTEXT ( 'NONE', 'WORKASPACE' ) );
#171 =( NAMED_UNIT ( * ) PLANE_ANGLE_UNIT ( ) SI_UNIT ( $, .RADIAN. ) );
#172 = VERTEX_POINT ( 'NONE', #3189 ) ;
#173 = ORIENTED_EDGE ( 'NONE', *, *, #2168, .T. ) ;
#174 = EDGE_LOOP ( 'NONE', ( #2392, #3309, #1029, #3265 ) ) ;
#175 = CARTESIAN_POINT ( 'NONE',  ( 0.5507995028997515474, -0.9939223609342915378, 0.9390132375355650929 ) ) ;
#176 = CARTESIAN_POINT ( 'NONE',  ( 0.5507995028997515474, -0.4902636542577147316, 1.090902045940727927 ) ) ;
#177 = FILL_AREA_STYLE ('',( #2462 ) ) ;
#178 = DIRECTION ( 'NONE',  ( 1.000000000000000000, 0.000000000000000000, 0.000000000000000000 ) ) ;
#179 = CARTESIAN_POINT ( 'NONE',  ( 0.6007995028997513698, -0.4902636542577143985, 1.090902045940732146 ) ) ;
#180 =( LENGTH_UNIT ( ) NAMED_UNIT ( * ) SI_UNIT ( .MILLI., .METRE. ) );
#181 = EDGE_CURVE ( 'NONE', #664, #3196, #3460, .T. ) ;
#182 = FILL_AREA_STYLE ('',( #2877 ) ) ;
#183 = LINE ( 'NONE', #2693, #1538 ) ;
#184 = SURFACE_STYLE_USAGE ( .BOTH. , #2109 ) ;
#185 = COLOUR_RGB ( '',1.000000000000000000, 1.000000000000000000, 1.000000000000000000 ) ;
#186 =( GEOMETRIC_REPRESENTATION_CONTEXT ( 3 ) GLOBAL_UNCERTAINTY_ASSIGNED_CONTEXT ( ( #1830 ) ) GLOBAL_UNIT_ASSIGNED_CONTEXT ( ( #843, #584, #2746 ) ) REPRESENTATION_CONTEXT ( 'NONE', 'WORKASPACE' ) );
#187 = AXIS2_PLACEMENT_3D ( 'NONE', #1359, #818, #2190 ) ;
#188 = UNCERTAINTY_MEASURE_WITH_UNIT (LENGTH_MEASURE( 1.000000000000000082E-05 ), #3492, 'distance_accuracy_value', 'NONE');
#189 = PLANE ( 'NONE',  #1665 ) ;
#190 =( NAMED_UNIT ( * ) SI_UNIT ( $, .STERADIAN. ) SOLID_ANGLE_UNIT ( ) );
#191 = EDGE_LOOP ( 'NONE', ( #3230, #407, #433, #949 ) ) ;
#192 = ORIENTED_EDGE ( 'NONE', *, *, #1408, .F. ) ;
#193 = EDGE_LOOP ( 'NONE', ( #3195, #2387, #2346, #1447 ) ) ;
#195 = SURFACE_STYLE_FILL_AREA ( #2684 ) ;
#194 = STYLED_ITEM ( 'NONE', ( #972 ), #3023 ) ;
#196 = FACE_OUTER_BOUND ( 'NONE', #576, .T. ) ;
#197 =( LENGTH_UNIT ( ) NAMED_UNIT ( * ) SI_UNIT ( .MILLI., .METRE. ) );
#198 = LINE ( 'NONE', #1305, #2133 ) ;
#199 = PRESENTATION_STYLE_ASSIGNMENT (( #2986 ) ) ;
#200 = MECHANICAL_DESIGN_GEOMETRIC_PRESENTATION_REPRESENTATION (  '', ( #901 ), #255 ) ;
#201 = DIRECTION ( 'NONE',  ( 0.000000000000000000, 0.000000000000000000, 1.000000000000000000 ) ) ;
#202 =( NAMED_UNIT ( * ) PLANE_ANGLE_UNIT ( ) SI_UNIT ( $, .RADIAN. ) );
#203 =( NAMED_UNIT ( * ) PLANE_ANGLE_UNIT ( ) SI_UNIT ( $, .RADIAN. ) );
#204 = CARTESIAN_POINT ( 'NONE',  ( -0.9000000000000006883, 1.049999999999999822, 0.2000000000000000111 ) ) ;
#205 = STYLED_ITEM ( 'NONE', ( #1445 ), #596 ) ;
#206 = ADVANCED_FACE ( 'NONE', ( #2089, #2948 ), #2128, .T. ) ;
#207 = CLOSED_SHELL ( 'NONE', ( #1399, #1827, #3023, #2443, #3130, #2222 ) ) ;
#208 = SURFACE_STYLE_USAGE ( .BOTH. , #2700 ) ;
#209 = CARTESIAN_POINT ( 'NONE',  ( -1.050000000000000044, 1.199999999999999956, -0.05000000000000000278 ) ) ;
#210 = VERTEX_POINT ( 'NONE', #2197 ) ;
#211 = VECTOR ( 'NONE', #840, 1000.000000000000000 ) ;
#212 = ORIENTED_EDGE ( 'NONE', *, *, #1081, .T. ) ;
#213 = VECTOR ( 'NONE', #2960, 1000.000000000000000 ) ;
#214 = CARTESIAN_POINT ( 'NONE',  ( 0.7257995028997515918, -1.250000000000000000, 0.1500000000000000222 ) ) ;
#215 = SURFACE_SIDE_STYLE ('',( #2432 ) ) ;
#216 = PLANE ( 'NONE',  #16 ) ;
#217 = CARTESIAN_POINT ( 'NONE',  ( -0.5507995028997515474, -0.4902636542577149537, 1.090902045940732368 ) ) ;
#218 = SURFACE_STYLE_USAGE ( .BOTH. , #1592 ) ;
#219 = PLANE ( 'NONE',  #2863 ) ;
#220 = EDGE_CURVE ( 'NONE', #938, #1155, #2893, .T. ) ;
#221 = CARTESIAN_POINT ( 'NONE',  ( -0.5507995028997514364, -0.5118087152274390927, 1.139013237535566381 ) ) ;
#222 = SURFACE_STYLE_USAGE ( .BOTH. , #1633 ) ;
#223 = PRESENTATION_STYLE_ASSIGNMENT (( #2715 ) ) ;
#224 = CIRCLE ( 'NONE', #2275, 0.1000000000000006994 ) ;
#225 = FILL_AREA_STYLE_COLOUR ( '', #2137 ) ;
#226 = PRESENTATION_STYLE_ASSIGNMENT (( #778 ) ) ;
#227 = EDGE_CURVE ( 'NONE', #1155, #938, #3067, .T. ) ;
#228 = CARTESIAN_POINT ( 'NONE',  ( 0.5507995028997515474, -0.4887174280381432756, 1.050000000000000044 ) ) ;
#229 = SURFACE_STYLE_USAGE ( .BOTH. , #1582 ) ;
#230 = VERTEX_POINT ( 'NONE', #2989 ) ;
#231 = MECHANICAL_DESIGN_GEOMETRIC_PRESENTATION_REPRESENTATION (  '', ( #1333 ), #3073 ) ;
#232 = CARTESIAN_POINT ( 'NONE',  ( -0.5507995028997515474, -0.7958111693394577246, 1.089048926244319704 ) ) ;
#233 = PLANE ( 'NONE',  #2618 ) ;
#234 = CARTESIAN_POINT ( 'NONE',  ( 0.6007995028997513698, -0.4887174280381432756, 0.9499999999999999556 ) ) ;
#235 = ORIENTED_EDGE ( 'NONE', *, *, #483, .F. ) ;
#236 = CARTESIAN_POINT ( 'NONE',  ( -0.5507995028997515474, -0.5383391571437956546, 1.188977548826812836 ) ) ;
#237 = CARTESIAN_POINT ( 'NONE',  ( -1.100000000000000755, 1.249999999999999778, 0.2000000000000000111 ) ) ;
#238 = PRODUCT_CONTEXT ( 'NONE', #3601, 'mechanical' ) ;
#239 = DIRECTION ( 'NONE',  ( -0.000000000000000000, -0.000000000000000000, -1.000000000000000000 ) ) ;
#240 = LINE ( 'NONE', #3302, #493 ) ;
#241 = DIRECTION ( 'NONE',  ( 0.000000000000000000, 1.000000000000000000, 0.000000000000000000 ) ) ;
#242 = LINE ( 'NONE', #1375, #1127 ) ;
#243 = CARTESIAN_POINT ( 'NONE',  ( 0.5507995028997515474, -0.5402636542577143874, 1.090902045940731924 ) ) ;
#244 = ORIENTED_EDGE ( 'NONE', *, *, #1338, .T. ) ;
#245 = MECHANICAL_DESIGN_GEOMETRIC_PRESENTATION_REPRESENTATION (  '', ( #2917 ), #2464 ) ;
#246 =( NAMED_UNIT ( * ) PLANE_ANGLE_UNIT ( ) SI_UNIT ( $, .RADIAN. ) );
#247 =( LENGTH_UNIT ( ) NAMED_UNIT ( * ) SI_UNIT ( .MILLI., .METRE. ) );
#248 = CARTESIAN_POINT ( 'NONE',  ( -0.5507995028997515474, -0.9939223609342915378, 0.9390132375355652039 ) ) ;
#249 = CARTESIAN_POINT ( 'NONE',  ( 0.7257995028997515918, -1.250000000000000000, 0.1500000000000000222 ) ) ;
#250 = CARTESIAN_POINT ( 'NONE',  ( 0.5507995028997515474, -0.4887174280381432756, 0.9499999999999999556 ) ) ;
#251 = PRESENTATION_LAYER_ASSIGNMENT (  '', '', ( #314 ) ) ;
#252 = DIRECTION ( 'NONE',  ( 1.000000000000000000, -0.000000000000000000, 0.000000000000000000 ) ) ;
#253 = AXIS2_PLACEMENT_3D ( 'NONE', #954, #702, #3173 ) ;
#254 = FILL_AREA_STYLE ('',( #1596 ) ) ;
#255 =( GEOMETRIC_REPRESENTATION_CONTEXT ( 3 ) GLOBAL_UNCERTAINTY_ASSIGNED_CONTEXT ( ( #3121 ) ) GLOBAL_UNIT_ASSIGNED_CONTEXT ( ( #3570, #2013, #1108 ) ) REPRESENTATION_CONTEXT ( 'NONE', 'WORKASPACE' ) );
#256 = SURFACE_STYLE_USAGE ( .BOTH. , #54 ) ;
#257 = SURFACE_STYLE_USAGE ( .BOTH. , #3345 ) ;
#258 = DIRECTION ( 'NONE',  ( 1.000000000000000000, 0.000000000000000000, 0.000000000000000000 ) ) ;
#259 = PRESENTATION_STYLE_ASSIGNMENT (( #1059 ) ) ;
#260 = CARTESIAN_POINT ( 'NONE',  ( 0.6007995028997513698, -0.5383391571437952106, 1.188977548826812169 ) ) ;
#261 = COLOUR_RGB ( '',0.007843137254901960675, 0.2392156862745097867, 0.8235294117647058432 ) ;
#262 = MECHANICAL_DESIGN_GEOMETRIC_PRESENTATION_REPRESENTATION (  '', ( #1132 ), #1015 ) ;
#263 = ORIENTED_EDGE ( 'NONE', *, *, #2680, .T. ) ;
#264 = MECHANICAL_DESIGN_GEOMETRIC_PRESENTATION_REPRESENTATION (  '', ( #3399 ), #2141 ) ;
#265 = COLOUR_RGB ( '',0.2980392156862745057, 0.2980392156862745057, 0.2980392156862745057 ) ;
#266 = PRESENTATION_LAYER_ASSIGNMENT (  '', '', ( #1426 ) ) ;
#267 = EDGE_CURVE ( 'NONE', #1028, #3545, #53, .T. ) ;
#268 =( NAMED_UNIT ( * ) PLANE_ANGLE_UNIT ( ) SI_UNIT ( $, .RADIAN. ) );
#269 = PLANE ( 'NONE',  #3310 ) ;
#270 = COLOUR_RGB ( '',0.007843137254901960675, 0.2392156862745097867, 0.8235294117647058432 ) ;
#271 = DIRECTION ( 'NONE',  ( -1.000000000000000000, -1.445602896647339656E-16, 0.000000000000000000 ) ) ;
#272 = UNCERTAINTY_MEASURE_WITH_UNIT (LENGTH_MEASURE( 1.000000000000000082E-05 ), #2630, 'distance_accuracy_value', 'NONE');
#273 = ADVANCED_FACE ( 'NONE', ( #1329 ), #527, .T. ) ;
#274 = PRESENTATION_LAYER_ASSIGNMENT (  '', '', ( #2591 ) ) ;
#275 = ADVANCED_FACE ( 'NONE', ( #2407 ), #3573, .F. ) ;
#276 = CARTESIAN_POINT ( 'NONE',  ( 0.5507995028997515474, -0.7920335525291262169, 1.188977548826812836 ) ) ;
#277 = SURFACE_SIDE_STYLE ('',( #1992 ) ) ;
#278 = CARTESIAN_POINT ( 'NONE',  ( -0.5507995028997514364, -0.4913372246352309403, 1.119301011335299911 ) ) ;
#279 = DIRECTION ( 'NONE',  ( -0.000000000000000000, -0.000000000000000000, -1.000000000000000000 ) ) ;
#280 = CARTESIAN_POINT ( 'NONE',  ( 0.5507995028997515474, -1.043886672225537993, 0.2018888084051660148 ) ) ;
#281 = CARTESIAN_POINT ( 'NONE',  ( -0.5507995028997515474, -0.5402279655489612420, 1.139013237535566159 ) ) ;
#282 = DIRECTION ( 'NONE',  ( -0.000000000000000000, -0.000000000000000000, -1.000000000000000000 ) ) ;
#283 = FILL_AREA_STYLE ('',( #3307 ) ) ;
#284 = EDGE_CURVE ( 'NONE', #1584, #356, #1925, .T. ) ;
#285 = PLANE ( 'NONE',  #73 ) ;
#286 = ORIENTED_EDGE ( 'NONE', *, *, #918, .F. ) ;
#287 =( NAMED_UNIT ( * ) SI_UNIT ( $, .STERADIAN. ) SOLID_ANGLE_UNIT ( ) );
#288 = FILL_AREA_STYLE_COLOUR ( '', #3151 ) ;
#289 = EDGE_LOOP ( 'NONE', ( #2941, #1529, #2865, #2353 ) ) ;
#290 = CARTESIAN_POINT ( 'NONE',  ( -0.5507995028997515474, -0.4887174280381432756, 1.050000000000000044 ) ) ;
#291 = CARTESIAN_POINT ( 'NONE',  ( 0.7000000000000000666, 1.199999999999999956, 0.000000000000000000 ) ) ;
#292 = PRESENTATION_LAYER_ASSIGNMENT (  '', '', ( #1333 ) ) ;
#293 = FILL_AREA_STYLE_COLOUR ( '', #1489 ) ;
#294 = PRESENTATION_STYLE_ASSIGNMENT (( #2274 ) ) ;
#295 = CARTESIAN_POINT ( 'NONE',  ( 0.7000000000000000666, 1.199999999999999956, -0.05000000000000000278 ) ) ;
#296 = CARTESIAN_POINT ( 'NONE',  ( 0.5507995028997515474, -0.9439580496430451939, 0.9371244291303991725 ) ) ;
#297 =( NAMED_UNIT ( * ) SI_UNIT ( $, .STERADIAN. ) SOLID_ANGLE_UNIT ( ) );
#298 = DIRECTION ( 'NONE',  ( 0.000000000000000000, 1.000000000000000000, 0.000000000000000000 ) ) ;
#299 = ADVANCED_FACE ( 'NONE', ( #746 ), #3529, .F. ) ;
#300 = CARTESIAN_POINT ( 'NONE',  ( 0.8999999999999996891, -0.6096950455675224090, 0.9000000000000000222 ) ) ;
#301 = ORIENTED_EDGE ( 'NONE', *, *, #3442, .T. ) ;
#302 = MECHANICAL_DESIGN_GEOMETRIC_PRESENTATION_REPRESENTATION (  '', ( #2404 ), #1168 ) ;
#303 = ORIENTED_EDGE ( 'NONE', *, *, #930, .T. ) ;
#304 = SURFACE_STYLE_USAGE ( .BOTH. , #1105 ) ;
#305 = VECTOR ( 'NONE', #414, 1000.000000000000000 ) ;
#306 = DIRECTION ( 'NONE',  ( -1.000000000000000000, -0.000000000000000000, -0.000000000000000000 ) ) ;
#307 = SURFACE_SIDE_STYLE ('',( #2463 ) ) ;
#308 = VECTOR ( 'NONE', #2451, 1000.000000000000000 ) ;
#309 = UNCERTAINTY_MEASURE_WITH_UNIT (LENGTH_MEASURE( 1.000000000000000082E-05 ), #2181, 'distance_accuracy_value', 'NONE');
#310 = FACE_OUTER_BOUND ( 'NONE', #2372, .T. ) ;
#311 = DIRECTION ( 'NONE',  ( 0.000000000000000000, -0.9992862258249284313, 0.03777616810331912295 ) ) ;
#312 = FACE_OUTER_BOUND ( 'NONE', #1509, .T. ) ;
#313 = CARTESIAN_POINT ( 'NONE',  ( -0.6007995028997513698, -0.5383391571437952106, 1.188977548826812169 ) ) ;
#314 = STYLED_ITEM ( 'NONE', ( #2735 ), #2846 ) ;
#315 = VERTEX_POINT ( 'NONE', #290 ) ;
#316 = FILL_AREA_STYLE_COLOUR ( '', #1002 ) ;
#317 = VECTOR ( 'NONE', #1562, 1000.000000000000000 ) ;
#318 = STYLED_ITEM ( 'NONE', ( #2709 ), #2849 ) ;
#319 =( NAMED_UNIT ( * ) SI_UNIT ( $, .STERADIAN. ) SOLID_ANGLE_UNIT ( ) );
#320 = ORIENTED_EDGE ( 'NONE', *, *, #1858, .F. ) ;
#321 = CARTESIAN_POINT ( 'NONE',  ( 0.5507995028997515474, -0.4402636542577146872, 1.090902045940731480 ) ) ;
#322 = CARTESIAN_POINT ( 'NONE',  ( 0.7257995028997515918, -1.250000000000000222, 0.2000000000000000111 ) ) ;
#323 = PLANE ( 'NONE',  #1382 ) ;
#324 = VECTOR ( 'NONE', #241, 1000.000000000000000 ) ;
#325 = PRESENTATION_STYLE_ASSIGNMENT (( #927 ) ) ;
#326 = FACE_BOUND ( 'NONE', #2028, .T. ) ;
#327 = EDGE_CURVE ( 'NONE', #2172, #1664, #2477, .T. ) ;
#328 = CIRCLE ( 'NONE', #3280, 0.02499999999999995628 ) ;
#329 =( GEOMETRIC_REPRESENTATION_CONTEXT ( 3 ) GLOBAL_UNCERTAINTY_ASSIGNED_CONTEXT ( ( #3179 ) ) GLOBAL_UNIT_ASSIGNED_CONTEXT ( ( #2965, #202, #2927 ) ) REPRESENTATION_CONTEXT ( 'NONE', 'WORKASPACE' ) );
#330 =( GEOMETRIC_REPRESENTATION_CONTEXT ( 3 ) GLOBAL_UNCERTAINTY_ASSIGNED_CONTEXT ( ( #2698 ) ) GLOBAL_UNIT_ASSIGNED_CONTEXT ( ( #2745, #3568, #3316 ) ) REPRESENTATION_CONTEXT ( 'NONE', 'WORKASPACE' ) );
#331 = CARTESIAN_POINT ( 'NONE',  ( 0.6007995028997513698, -0.5383391571437956546, 1.188977548826812836 ) ) ;
#332 = COLOUR_RGB ( '',0.2980392156862745057, 0.2980392156862745057, 0.2980392156862745057 ) ;
#333 = CARTESIAN_POINT ( 'NONE',  ( 0.7257995028997515918, -1.250000000000000000, 0.2000000000000000111 ) ) ;
#334 = EDGE_CURVE ( 'NONE', #452, #2069, #1719, .T. ) ;
#335 = CARTESIAN_POINT ( 'NONE',  ( 0.5757995028997514586, -0.4902636542577235024, 1.090902045940727927 ) ) ;
#336 = DIRECTION ( 'NONE',  ( 0.000000000000000000, -1.000000000000000000, 0.000000000000000000 ) ) ;
#337 = LINE ( 'NONE', #94, #3451 ) ;
#338 = DIRECTION ( 'NONE',  ( -0.000000000000000000, -0.000000000000000000, -1.000000000000000000 ) ) ;
#339 = EDGE_CURVE ( 'NONE', #3559, #2640, #1432, .T. ) ;
#340 = EDGE_LOOP ( 'NONE', ( #343, #3366, #1222, #3167, #2191, #3508, #1751, #782, #2339 ) ) ;
#341 = SURFACE_SIDE_STYLE ('',( #625 ) ) ;
#342 = PLANE ( 'NONE',  #1662 ) ;
#343 = ORIENTED_EDGE ( 'NONE', *, *, #2763, .F. ) ;
#344 = CARTESIAN_POINT ( 'NONE',  ( 1.050000000000000044, 1.199999999999999956, -0.05000000000000000278 ) ) ;
#345 =( LENGTH_UNIT ( ) NAMED_UNIT ( * ) SI_UNIT ( .MILLI., .METRE. ) );
#346 = CARTESIAN_POINT ( 'NONE',  ( -0.6007995028997513698, -0.7939223609342919152, 1.139013237535566381 ) ) ;
#347 =( NAMED_UNIT ( * ) PLANE_ANGLE_UNIT ( ) SI_UNIT ( $, .RADIAN. ) );
#348 = PRESENTATION_STYLE_ASSIGNMENT (( #945 ) ) ;
#349 = LINE ( 'NONE', #2015, #2350 ) ;
#350 = FILL_AREA_STYLE ('',( #933 ) ) ;
#351 = UNCERTAINTY_MEASURE_WITH_UNIT (LENGTH_MEASURE( 1.000000000000000082E-05 ), #419, 'distance_accuracy_value', 'NONE');
#352 = CARTESIAN_POINT ( 'NONE',  ( -1.100000000000000755, 1.249999999999999778, 0.000000000000000000 ) ) ;
#353 = LINE ( 'NONE', #1454, #2080 ) ;
#354 = UNCERTAINTY_MEASURE_WITH_UNIT (LENGTH_MEASURE( 1.000000000000000082E-05 ), #3292, 'distance_accuracy_value', 'NONE');
#355 = CARTESIAN_POINT ( 'NONE',  ( -1.100000000000000089, -1.250000000000000222, 0.2000000000000000111 ) ) ;
#356 = VERTEX_POINT ( 'NONE', #3083 ) ;
#357 = CARTESIAN_POINT ( 'NONE',  ( 0.5507995028997515474, -0.5421167739541271624, 1.089048926244319704 ) ) ;
#358 = ORIENTED_EDGE ( 'NONE', *, *, #1613, .F. ) ;
#359 = ORIENTED_EDGE ( 'NONE', *, *, #2671, .F. ) ;
#360 = FACE_OUTER_BOUND ( 'NONE', #709, .T. ) ;
#361 = EDGE_CURVE ( 'NONE', #3127, #7, #224, .T. ) ;
#362 = COLOUR_RGB ( '',0.6470588235294117974, 0.6196078431372549211, 0.5882352941176470784 ) ;
#363 = DIRECTION ( 'NONE',  ( 0.000000000000000000, -0.000000000000000000, -1.000000000000000000 ) ) ;
#364 = SURFACE_SIDE_STYLE ('',( #620 ) ) ;
#365 = CARTESIAN_POINT ( 'NONE',  ( -1.100000000000000089, -1.250000000000000222, 0.6000000000000000888 ) ) ;
#366 = STYLED_ITEM ( 'NONE', ( #1199 ), #1604 ) ;
#367 = CARTESIAN_POINT ( 'NONE',  ( -0.6007995028997513698, -0.4887174280381432756, 1.050000000000000044 ) ) ;
#368 = CARTESIAN_POINT ( 'NONE',  ( 0.7000000000000000666, 1.199999999999999956, 0.000000000000000000 ) ) ;
#369 = AXIS2_PLACEMENT_3D ( 'NONE', #2403, #149, #426 ) ;
#370 = CIRCLE ( 'NONE', #2422, 0.02499999999999995628 ) ;
#371 = CARTESIAN_POINT ( 'NONE',  ( -0.8999999999999996891, -0.6096950455675224090, 0.9000000000000000222 ) ) ;
#372 = EDGE_CURVE ( 'NONE', #1225, #315, #690, .T. ) ;
#373 = VERTEX_POINT ( 'NONE', #1360 ) ;
#374 = FILL_AREA_STYLE ('',( #1511 ) ) ;
#375 = VERTEX_POINT ( 'NONE', #1669 ) ;
#376 = EDGE_CURVE ( 'NONE', #2589, #1608, #2780, .T. ) ;
#377 = ORIENTED_EDGE ( 'NONE', *, *, #2456, .F. ) ;
#378 = CIRCLE ( 'NONE', #3274, 0.02499999999999995628 ) ;
#379 = FILL_AREA_STYLE_COLOUR ( '', #560 ) ;
#380 = SURFACE_STYLE_USAGE ( .BOTH. , #3129 ) ;
#381 = COLOUR_RGB ( '',0.6470588235294117974, 0.6196078431372549211, 0.5882352941176470784 ) ;
#382 = STYLED_ITEM ( 'NONE', ( #389 ), #768 ) ;
#383 = SURFACE_STYLE_USAGE ( .BOTH. , #401 ) ;
#384 = EDGE_CURVE ( 'NONE', #2760, #543, #1952, .T. ) ;
#385 =( NAMED_UNIT ( * ) SI_UNIT ( $, .STERADIAN. ) SOLID_ANGLE_UNIT ( ) );
#386 = CARTESIAN_POINT ( 'NONE',  ( 1.050000000000000044, 1.199999999999999956, -0.05000000000000000278 ) ) ;
#387 = EDGE_CURVE ( 'NONE', #850, #883, #9, .T. ) ;
#388 = CARTESIAN_POINT ( 'NONE',  ( -0.5757995028997514586, -0.4902636542577235024, 1.090902045940727927 ) ) ;
#389 = PRESENTATION_STYLE_ASSIGNMENT (( #1543 ) ) ;
#390 = ORIENTED_EDGE ( 'NONE', *, *, #2048, .T. ) ;
#391 = COLOUR_RGB ( '',0.6470588235294117974, 0.6196078431372549211, 0.5882352941176470784 ) ;
#392 = SURFACE_SIDE_STYLE ('',( #2883 ) ) ;
#393 = EDGE_LOOP ( 'NONE', ( #1319, #904, #434, #1084 ) ) ;
#394 =( NAMED_UNIT ( * ) SI_UNIT ( $, .STERADIAN. ) SOLID_ANGLE_UNIT ( ) );
#395 = PRESENTATION_STYLE_ASSIGNMENT (( #1720 ) ) ;
#396 = VERTEX_POINT ( 'NONE', #594 ) ;
#397 = ORIENTED_EDGE ( 'NONE', *, *, #974, .T. ) ;
#398 =( GEOMETRIC_REPRESENTATION_CONTEXT ( 3 ) GLOBAL_UNCERTAINTY_ASSIGNED_CONTEXT ( ( #309 ) ) GLOBAL_UNIT_ASSIGNED_CONTEXT ( ( #2181, #2466, #1349 ) ) REPRESENTATION_CONTEXT ( 'NONE', 'WORKASPACE' ) );
#399 =( NAMED_UNIT ( * ) PLANE_ANGLE_UNIT ( ) SI_UNIT ( $, .RADIAN. ) );
#400 = PLANE ( 'NONE',  #652 ) ;
#401 = SURFACE_SIDE_STYLE ('',( #2357 ) ) ;
#402 = CARTESIAN_POINT ( 'NONE',  ( 0.5507995028997515474, -0.4902636542577149537, 1.090902045940732368 ) ) ;
#403 = CARTESIAN_POINT ( 'NONE',  ( -0.7257995028997513698, -1.050000000000000044, 0.2000000000000000111 ) ) ;
#404 = SURFACE_SIDE_STYLE ('',( #3438 ) ) ;
#405 = DIRECTION ( 'NONE',  ( -0.000000000000000000, -0.000000000000000000, -1.000000000000000000 ) ) ;
#406 = SURFACE_STYLE_USAGE ( .BOTH. , #1851 ) ;
#407 = ORIENTED_EDGE ( 'NONE', *, *, #3600, .F. ) ;
#408 =( LENGTH_UNIT ( ) NAMED_UNIT ( * ) SI_UNIT ( .MILLI., .METRE. ) );
#409 =( LENGTH_UNIT ( ) NAMED_UNIT ( * ) SI_UNIT ( .MILLI., .METRE. ) );
#410 = VERTEX_POINT ( 'NONE', #249 ) ;
#411 = ORIENTED_EDGE ( 'NONE', *, *, #1469, .F. ) ;
#412 = UNCERTAINTY_MEASURE_WITH_UNIT (LENGTH_MEASURE( 1.000000000000000082E-05 ), #408, 'distance_accuracy_value', 'NONE');
#413 = SURFACE_STYLE_USAGE ( .BOTH. , #3511 ) ;
#414 = DIRECTION ( 'NONE',  ( 1.000000000000000000, 0.000000000000000000, 0.000000000000000000 ) ) ;
#415 = PRESENTATION_STYLE_ASSIGNMENT (( #1323 ) ) ;
#416 = CARTESIAN_POINT ( 'NONE',  ( 0.5507995028997515474, -0.9439580496430451939, 0.1981111915948340907 ) ) ;
#417 =( GEOMETRIC_REPRESENTATION_CONTEXT ( 3 ) GLOBAL_UNCERTAINTY_ASSIGNED_CONTEXT ( ( #152 ) ) GLOBAL_UNIT_ASSIGNED_CONTEXT ( ( #2959, #710, #471 ) ) REPRESENTATION_CONTEXT ( 'NONE', 'WORKASPACE' ) );
#418 = CARTESIAN_POINT ( 'NONE',  ( -0.6007995028997514808, -0.9110796484596735967, 1.139013237535566159 ) ) ;
#419 =( LENGTH_UNIT ( ) NAMED_UNIT ( * ) SI_UNIT ( .MILLI., .METRE. ) );
#420 = MECHANICAL_DESIGN_GEOMETRIC_PRESENTATION_REPRESENTATION (  '', ( #1230 ), #1515 ) ;
#421 = CARTESIAN_POINT ( 'NONE',  ( 0.5507995028997515474, -0.7939223609342919152, 1.139013237535566381 ) ) ;
#422 = CARTESIAN_POINT ( 'NONE',  ( -1.050000000000000044, 1.199999999999999956, -0.05000000000000000278 ) ) ;
#423 = CARTESIAN_POINT ( 'NONE',  ( -0.6007995028997513698, -1.043886672225537993, 0.2018888084051660148 ) ) ;
#424 = COLOUR_RGB ( '',0.7921568627450980005, 0.8196078431372548767, 0.9333333333333333481 ) ;
#425 = DIRECTION ( 'NONE',  ( 0.000000000000000000, 0.000000000000000000, -1.000000000000000000 ) ) ;
#426 = DIRECTION ( 'NONE',  ( -1.000000000000000000, 0.000000000000000000, 0.000000000000000000 ) ) ;
#427 = CIRCLE ( 'NONE', #487, 0.1000000000000000472 ) ;
#428 = EDGE_CURVE ( 'NONE', #2004, #410, #3371, .T. ) ;
#429 = EDGE_LOOP ( 'NONE', ( #2057, #2934, #3506, #3393 ) ) ;
#430 = STYLED_ITEM ( 'NONE', ( #226 ), #3088 ) ;
#431 = CARTESIAN_POINT ( 'NONE',  ( 0.5507995028997515474, -0.5402279655489612420, 1.139013237535566159 ) ) ;
#432 = CARTESIAN_POINT ( 'NONE',  ( -0.8500000000000007550, 0.8999999999999990230, 0.9499999999999999556 ) ) ;
#433 = ORIENTED_EDGE ( 'NONE', *, *, #930, .F. ) ;
#434 = ORIENTED_EDGE ( 'NONE', *, *, #2578, .F. ) ;
#435 = ORIENTED_EDGE ( 'NONE', *, *, #1558, .T. ) ;
#436 = MECHANICAL_DESIGN_GEOMETRIC_PRESENTATION_REPRESENTATION (  '', ( #2806 ), #2923 ) ;
#437 = CARTESIAN_POINT ( 'NONE',  ( 0.6007995028997513698, -0.9439580496430451939, 0.9371244291303991725 ) ) ;
#438 = EDGE_CURVE ( 'NONE', #834, #1717, #1266, .T. ) ;
#439 = MANIFOLD_SOLID_BREP ( 'Boss-Extrude5[1]', #3402 ) ;
#440 = CARTESIAN_POINT ( 'NONE',  ( 0.5507995028997515474, -0.7939223609342919152, 1.139013237535566381 ) ) ;
#441 = SURFACE_STYLE_USAGE ( .BOTH. , #165 ) ;
#442 = CARTESIAN_POINT ( 'NONE',  ( -0.6007995028997513698, -0.7920335525291262169, 1.188977548826812836 ) ) ;
#443 = CIRCLE ( 'NONE', #1189, 0.1000000000000000472 ) ;
#444 = FILL_AREA_STYLE_COLOUR ( '', #556 ) ;
#445 = MECHANICAL_DESIGN_GEOMETRIC_PRESENTATION_REPRESENTATION (  '', ( #2078 ), #1373 ) ;
#446 = MECHANICAL_DESIGN_GEOMETRIC_PRESENTATION_REPRESENTATION (  '', ( #3533 ), #1429 ) ;
#447 = FILL_AREA_STYLE_COLOUR ( '', #1758 ) ;
#448 = MECHANICAL_DESIGN_GEOMETRIC_PRESENTATION_REPRESENTATION (  '', ( #2710 ), #2652 ) ;
#449 = ORIENTED_EDGE ( 'NONE', *, *, #586, .T. ) ;
#450 = UNCERTAINTY_MEASURE_WITH_UNIT (LENGTH_MEASURE( 1.000000000000000082E-05 ), #1667, 'distance_accuracy_value', 'NONE');
#451 = FILL_AREA_STYLE ('',( #2937 ) ) ;
#452 = VERTEX_POINT ( 'NONE', #322 ) ;
#453 = ORIENTED_EDGE ( 'NONE', *, *, #454, .F. ) ;
#454 = EDGE_CURVE ( 'NONE', #2583, #3156, #2503, .T. ) ;
#455 = ORIENTED_EDGE ( 'NONE', *, *, #11, .F. ) ;
#456 = DIRECTION ( 'NONE',  ( -1.734723475976807094E-16, 1.000000000000000000, 0.000000000000000000 ) ) ;
#457 = CARTESIAN_POINT ( 'NONE',  ( 0.5507995028997515474, -0.9939223609342915378, 0.2000000000000000944 ) ) ;
#458 = DIRECTION ( 'NONE',  ( 0.000000000000000000, 0.000000000000000000, 1.000000000000000000 ) ) ;
#459 = CARTESIAN_POINT ( 'NONE',  ( -0.6007995028997513698, -0.5402636542577144985, 1.090902045940732590 ) ) ;
#460 = PRESENTATION_STYLE_ASSIGNMENT (( #2946 ) ) ;
#461 = CARTESIAN_POINT ( 'NONE',  ( 0.5507995028997515474, -0.4402636542577145207, 1.090902045940731924 ) ) ;
#462 =( BOUNDED_CURVE ( )  B_SPLINE_CURVE ( 3, ( #2096, #687, #2898, #957 ),
 .UNSPECIFIED., .F., .F. ) 
 B_SPLINE_CURVE_WITH_KNOTS ( ( 4, 4 ),
 ( 0.000000000000000000, 1.000000000000000000 ),
 .UNSPECIFIED. ) 
 CURVE ( )  GEOMETRIC_REPRESENTATION_ITEM ( )  RATIONAL_B_SPLINE_CURVE ( ( 1.000000000000000000, 0.8135592450094720762, 0.8135592450094720762, 1.000000000000000000 ) ) 
 REPRESENTATION_ITEM ( '' )  );
#463 = CARTESIAN_POINT ( 'NONE',  ( 0.5507995028997515474, -0.9939223609342917598, 0.9390132375355648708 ) ) ;
#464 = FILL_AREA_STYLE_COLOUR ( '', #265 ) ;
#465 = CARTESIAN_POINT ( 'NONE',  ( 1.050000000000000044, -1.199999999999999956, 0.000000000000000000 ) ) ;
#466 =( BOUNDED_SURFACE ( )  B_SPLINE_SURFACE ( 3, 1, ( 
 ( #609, #2056 ),
 ( #626, #907 ),
 ( #3125, #1433 ),
 ( #3428, #888 ),
 ( #1482, #1752 ),
 ( #3155, #357 ),
 ( #1227, #2027 ) ),
 .UNSPECIFIED., .T., .F., .F. ) 
 B_SPLINE_SURFACE_WITH_KNOTS ( ( 4, 3, 4 ),
 ( 2, 2 ),
 ( 0.000000000000000000, 0.5000000000000000000, 1.000000000000000000 ),
 ( 0.000000000000000000, 1.000000000000000000 ),
 .UNSPECIFIED. ) 
 GEOMETRIC_REPRESENTATION_ITEM ( )  RATIONAL_B_SPLINE_SURFACE ( (
 ( 1.000000000000000000, 1.000000000000000000),
 ( 0.3333333333333333703, 0.3333333333333333703),
 ( 0.3333333333333333703, 0.3333333333333333703),
 ( 1.000000000000000000, 1.000000000000000000),
 ( 0.3333333333333333703, 0.3333333333333333703),
 ( 0.3333333333333333703, 0.3333333333333333703),
 ( 1.000000000000000000, 1.000000000000000000) ) ) 
 REPRESENTATION_ITEM ( '' )  SURFACE ( )  );
#467 = PRESENTATION_STYLE_ASSIGNMENT (( #3194 ) ) ;
#468 = ORIENTED_EDGE ( 'NONE', *, *, #1891, .T. ) ;
#469 = ORIENTED_EDGE ( 'NONE', *, *, #1564, .F. ) ;
#470 = ORIENTED_EDGE ( 'NONE', *, *, #2399, .T. ) ;
#471 =( NAMED_UNIT ( * ) SI_UNIT ( $, .STERADIAN. ) SOLID_ANGLE_UNIT ( ) );
#472 = CYLINDRICAL_SURFACE ( 'NONE', #1460, 0.02499999999999995628 ) ;
#473 =( LENGTH_UNIT ( ) NAMED_UNIT ( * ) SI_UNIT ( .MILLI., .METRE. ) );
#474 = LINE ( 'NONE', #3002, #2512 ) ;
#475 =( NAMED_UNIT ( * ) SI_UNIT ( $, .STERADIAN. ) SOLID_ANGLE_UNIT ( ) );
#476 = STYLED_ITEM ( 'NONE', ( #2650 ), #2007 ) ;
#477 = VECTOR ( 'NONE', #1882, 1000.000000000000000 ) ;
#478 = CARTESIAN_POINT ( 'NONE',  ( -1.100000000000000089, 1.250000000000000000, 0.6000000000000000888 ) ) ;
#479 = COLOUR_RGB ( '',0.7921568627450980005, 0.8196078431372548767, 0.9333333333333333481 ) ;
#480 = UNCERTAINTY_MEASURE_WITH_UNIT (LENGTH_MEASURE( 1.000000000000000082E-05 ), #1629, 'distance_accuracy_value', 'NONE');
#481 = PRESENTATION_STYLE_ASSIGNMENT (( #2722 ) ) ;
#482 = VERTEX_POINT ( 'NONE', #2793 ) ;
#483 = EDGE_CURVE ( 'NONE', #3127, #505, #2539, .T. ) ;
#484 = ORIENTED_EDGE ( 'NONE', *, *, #3351, .T. ) ;
#485 =( BOUNDED_CURVE ( )  B_SPLINE_CURVE ( 3, ( #1272, #2394, #30, #2189 ),
 .UNSPECIFIED., .F., .T. ) 
 B_SPLINE_CURVE_WITH_KNOTS ( ( 4, 4 ),
 ( 0.000000000000000000, 1.000000000000000000 ),
 .UNSPECIFIED. ) 
 CURVE ( )  GEOMETRIC_REPRESENTATION_ITEM ( )  RATIONAL_B_SPLINE_CURVE ( ( 1.000000000000000000, 0.8135592450094720762, 0.8135592450094720762, 1.000000000000000000 ) ) 
 REPRESENTATION_ITEM ( '' )  );
#486 = VERTEX_POINT ( 'NONE', #48 ) ;
#488 = DIRECTION ( 'NONE',  ( 0.000000000000000000, 0.000000000000000000, 1.000000000000000000 ) ) ;
#487 = AXIS2_PLACEMENT_3D ( 'NONE', #3523, #2896, #2604 ) ;
#489 = SURFACE_STYLE_USAGE ( .BOTH. , #754 ) ;
#490 = VECTOR ( 'NONE', #1, 1000.000000000000000 ) ;
#491 =( NAMED_UNIT ( * ) SI_UNIT ( $, .STERADIAN. ) SOLID_ANGLE_UNIT ( ) );
#492 = CARTESIAN_POINT ( 'NONE',  ( -0.8499999999999996447, -0.4596950455675217206, 0.9000000000000000222 ) ) ;
#493 = VECTOR ( 'NONE', #2454, 1000.000000000000000 ) ;
#494 = EDGE_CURVE ( 'NONE', #1829, #3205, #1974, .T. ) ;
#495 = DIRECTION ( 'NONE',  ( 1.000000000000000000, 0.000000000000000000, 0.000000000000000000 ) ) ;
#496 = SURFACE_SIDE_STYLE ('',( #2990 ) ) ;
#497 = EDGE_CURVE ( 'NONE', #664, #2760, #3154, .T. ) ;
#498 = DIRECTION ( 'NONE',  ( -1.000000000000000000, 0.000000000000000000, 0.000000000000000000 ) ) ;
#499 = MECHANICAL_DESIGN_GEOMETRIC_PRESENTATION_REPRESENTATION (  '', ( #205 ), #1836 ) ;
#500 = AXIS2_PLACEMENT_3D ( 'NONE', #1892, #2249, #2738 ) ;
#501 = COLOUR_RGB ( '',0.6470588235294117974, 0.6196078431372549211, 0.5882352941176470784 ) ;
#502 = STYLED_ITEM ( 'NONE', ( #1961 ), #2342 ) ;
#503 = MECHANICAL_DESIGN_GEOMETRIC_PRESENTATION_REPRESENTATION (  '', ( #2825 ), #329 ) ;
#504 = PRESENTATION_LAYER_ASSIGNMENT (  '', '', ( #3533 ) ) ;
#505 = VERTEX_POINT ( 'NONE', #2352 ) ;
#506 = AXIS2_PLACEMENT_3D ( 'NONE', #2871, #692, #3249 ) ;
#507 = SURFACE_STYLE_FILL_AREA ( #3296 ) ;
#508 = CARTESIAN_POINT ( 'NONE',  ( -0.6007995028997513698, -0.9439580496430451939, 0.1981111915948340907 ) ) ;
#509 = ORIENTED_EDGE ( 'NONE', *, *, #376, .T. ) ;
#510 = LINE ( 'NONE', #545, #679 ) ;
#511 = CARTESIAN_POINT ( 'NONE',  ( 0.000000000000000000, 0.000000000000000000, 0.000000000000000000 ) ) ;
#512 = DIRECTION ( 'NONE',  ( -7.228014483236696555E-16, 1.000000000000000000, 0.000000000000000000 ) ) ;
#513 =( NAMED_UNIT ( * ) PLANE_ANGLE_UNIT ( ) SI_UNIT ( $, .RADIAN. ) );
#514 = SURFACE_STYLE_FILL_AREA ( #1597 ) ;
#515 = CARTESIAN_POINT ( 'NONE',  ( -0.7499999999999988898, -0.5596950455675224756, 0.9499999999999999556 ) ) ;
#516 = AXIS2_PLACEMENT_3D ( 'NONE', #1615, #2731, #495 ) ;
#517 = FILL_AREA_STYLE_COLOUR ( '', #1424 ) ;
#518 = DIRECTION ( 'NONE',  ( 1.000000000000000000, 0.000000000000000000, 0.000000000000000000 ) ) ;
#519 = DIRECTION ( 'NONE',  ( -1.000000000000000000, -0.000000000000000000, -0.000000000000000000 ) ) ;
#520 = DIRECTION ( 'NONE',  ( 1.000000000000000000, 0.000000000000000000, -0.000000000000000000 ) ) ;
#521 = EDGE_LOOP ( 'NONE', ( #1795, #3384, #2228, #751 ) ) ;
#522 = CARTESIAN_POINT ( 'NONE',  ( -0.6007995028997513698, -0.4402636542577146872, 1.090902045940731480 ) ) ;
#523 = CARTESIAN_POINT ( 'NONE',  ( -0.8999999999999996891, -0.6096950455675224090, 0.2000000000000000111 ) ) ;
#524 = DIRECTION ( 'NONE',  ( 0.000000000000000000, -0.03777616810331912295, -0.9992862258249284313 ) ) ;
#525 = CARTESIAN_POINT ( 'NONE',  ( 0.6007995028997514808, -0.9939223609342927590, 1.056170525060946552 ) ) ;
#526 =( NAMED_UNIT ( * ) PLANE_ANGLE_UNIT ( ) SI_UNIT ( $, .RADIAN. ) );
#527 = PLANE ( 'NONE',  #1496 ) ;
#528 = CARTESIAN_POINT ( 'NONE',  ( -0.5757995028997514586, -0.4887174280381432756, 0.9499999999999999556 ) ) ;
#529 = CARTESIAN_POINT ( 'NONE',  ( 0.6007995028997513698, -0.9439580496430451939, 0.9371244291303991725 ) ) ;
#530 = SURFACE_STYLE_FILL_AREA ( #2240 ) ;
#531 = CARTESIAN_POINT ( 'NONE',  ( -0.5507995028997515474, -0.7939223609342918042, 1.139013237535566159 ) ) ;
#532 = UNCERTAINTY_MEASURE_WITH_UNIT (LENGTH_MEASURE( 1.000000000000000082E-05 ), #1461, 'distance_accuracy_value', 'NONE');
#533 = SURFACE_STYLE_FILL_AREA ( #1811 ) ;
#534 = SURFACE_STYLE_USAGE ( .BOTH. , #2992 ) ;
#535 = EDGE_CURVE ( 'NONE', #2008, #1398, #462, .T. ) ;
#536 =( GEOMETRIC_REPRESENTATION_CONTEXT ( 3 ) GLOBAL_UNCERTAINTY_ASSIGNED_CONTEXT ( ( #704 ) ) GLOBAL_UNIT_ASSIGNED_CONTEXT ( ( #2259, #846, #297 ) ) REPRESENTATION_CONTEXT ( 'NONE', 'WORKASPACE' ) );
#537 = AXIS2_PLACEMENT_3D ( 'NONE', #1571, #1251, #733 ) ;
#538 = EDGE_CURVE ( 'NONE', #3205, #210, #3138, .T. ) ;
#539 = ORIENTED_EDGE ( 'NONE', *, *, #1290, .T. ) ;
#540 = PRESENTATION_LAYER_ASSIGNMENT (  '', '', ( #832 ) ) ;
#541 =( NAMED_UNIT ( * ) PLANE_ANGLE_UNIT ( ) SI_UNIT ( $, .RADIAN. ) );
#542 = CARTESIAN_POINT ( 'NONE',  ( -0.6007995028997513698, -1.043886672225537993, 0.2018888084051660148 ) ) ;
#543 = VERTEX_POINT ( 'NONE', #3390 ) ;
#544 = DIRECTION ( 'NONE',  ( -0.000000000000000000, 0.9992862258249285423, -0.03777616810331912989 ) ) ;
#545 = CARTESIAN_POINT ( 'NONE',  ( -0.7257995028997513698, -1.250000000000000222, 0.1500000000000000222 ) ) ;
#546 = VECTOR ( 'NONE', #519, 1000.000000000000000 ) ;
#547 = CARTESIAN_POINT ( 'NONE',  ( 0.6007995028997513698, -0.9439580496430451939, 0.9371244291303990614 ) ) ;
#548 = CARTESIAN_POINT ( 'NONE',  ( -0.5507995028997515474, -0.9384592559742888085, 1.190083987173834235 ) ) ;
#549 = CIRCLE ( 'NONE', #2573, 0.02499999999999995628 ) ;
#550 = LINE ( 'NONE', #2218, #844 ) ;
#551 = SURFACE_STYLE_USAGE ( .BOTH. , #19 ) ;
#552 = DIRECTION ( 'NONE',  ( -1.000000000000000000, -7.228014483236696555E-16, 0.000000000000000000 ) ) ;
#553 = ADVANCED_FACE ( 'NONE', ( #3446 ), #2055, .F. ) ;
#554 =( NAMED_UNIT ( * ) SI_UNIT ( $, .STERADIAN. ) SOLID_ANGLE_UNIT ( ) );
#555 = CARTESIAN_POINT ( 'NONE',  ( 0.5507995028997515474, -0.4902636542577147316, 1.090902045940727927 ) ) ;
#556 = COLOUR_RGB ( '',0.6470588235294117974, 0.6196078431372549211, 0.5882352941176470784 ) ;
#557 = STYLED_ITEM ( 'NONE', ( #3039 ), #640 ) ;
#558 = CARTESIAN_POINT ( 'NONE',  ( 0.6007995028997513698, -0.5402636542577143874, 1.090902045940731924 ) ) ;
#559 = VERTEX_POINT ( 'NONE', #116 ) ;
#560 = COLOUR_RGB ( '',0.6470588235294117974, 0.6196078431372549211, 0.5882352941176470784 ) ;
#561 = MECHANICAL_DESIGN_GEOMETRIC_PRESENTATION_REPRESENTATION (  '', ( #3527 ), #3339 ) ;
#562 = CARTESIAN_POINT ( 'NONE',  ( -0.5507995028997515474, -0.5402279655489612420, 1.139013237535566159 ) ) ;
#563 = SURFACE_SIDE_STYLE ('',( #1973 ) ) ;
#564 = CARTESIAN_POINT ( 'NONE',  ( -1.050000000000000044, 1.199999999999999956, 0.000000000000000000 ) ) ;
#565 = CIRCLE ( 'NONE', #2316, 0.02499999999999995628 ) ;
#566 = DIRECTION ( 'NONE',  ( -0.000000000000000000, -0.000000000000000000, -1.000000000000000000 ) ) ;
#567 = VECTOR ( 'NONE', #3216, 1000.000000000000000 ) ;
#568 =( GEOMETRIC_REPRESENTATION_CONTEXT ( 3 ) GLOBAL_UNCERTAINTY_ASSIGNED_CONTEXT ( ( #2402 ) ) GLOBAL_UNIT_ASSIGNED_CONTEXT ( ( #2154, #706, #3208 ) ) REPRESENTATION_CONTEXT ( 'NONE', 'WORKASPACE' ) );
#569 = FILL_AREA_STYLE ('',( #1402 ) ) ;
#570 = CARTESIAN_POINT ( 'NONE',  ( -0.6007995028997513698, -0.7920335525291262169, 1.188977548826812836 ) ) ;
#571 = CARTESIAN_POINT ( 'NONE',  ( 1.050000000000000044, -1.199999999999999956, -0.05000000000000000278 ) ) ;
#572 =( LENGTH_UNIT ( ) NAMED_UNIT ( * ) SI_UNIT ( .MILLI., .METRE. ) );
#573 = LINE ( 'NONE', #2788, #739 ) ;
#574 =( NAMED_UNIT ( * ) PLANE_ANGLE_UNIT ( ) SI_UNIT ( $, .RADIAN. ) );
#575 = CARTESIAN_POINT ( 'NONE',  ( 0.5507995028997515474, -0.5387174280381431535, 1.049999999999999822 ) ) ;
#576 = EDGE_LOOP ( 'NONE', ( #1119, #235, #1680, #435 ) ) ;
#577 = CYLINDRICAL_SURFACE ( 'NONE', #2430, 0.1000000000000006994 ) ;
#578 = ORIENTED_EDGE ( 'NONE', *, *, #2905, .T. ) ;
#579 = CARTESIAN_POINT ( 'NONE',  ( 0.5507995028997515474, -0.5383391571437956546, 1.188977548826812836 ) ) ;
#580 = FILL_AREA_STYLE_COLOUR ( '', #1632 ) ;
#581 = CARTESIAN_POINT ( 'NONE',  ( -1.050000000000000044, -1.199999999999999956, -0.05000000000000000278 ) ) ;
#582 =( NAMED_UNIT ( * ) SI_UNIT ( $, .STERADIAN. ) SOLID_ANGLE_UNIT ( ) );
#583 = SURFACE_STYLE_FILL_AREA ( #569 ) ;
#584 =( NAMED_UNIT ( * ) PLANE_ANGLE_UNIT ( ) SI_UNIT ( $, .RADIAN. ) );
#585 = CARTESIAN_POINT ( 'NONE',  ( 0.6007995028997513698, -0.5420964890271725567, 1.090122496621836357 ) ) ;
#586 = EDGE_CURVE ( 'NONE', #883, #1569, #61, .T. ) ;
#587 = CARTESIAN_POINT ( 'NONE',  ( -0.6007995028997513698, -0.7939223609342918042, 1.139013237535566159 ) ) ;
#588 = DIRECTION ( 'NONE',  ( -0.000000000000000000, -0.000000000000000000, 1.000000000000000000 ) ) ;
#589 = MECHANICAL_DESIGN_GEOMETRIC_PRESENTATION_REPRESENTATION (  '', ( #476 ), #417 ) ;
#590 = DIRECTION ( 'NONE',  ( 0.000000000000000000, 0.000000000000000000, 1.000000000000000000 ) ) ;
#591 = ORIENTED_EDGE ( 'NONE', *, *, #3069, .F. ) ;
#592 = CARTESIAN_POINT ( 'NONE',  ( 0.6007995028997513698, -0.4413372246352302852, 1.147720261656822283 ) ) ;
#593 = MECHANICAL_DESIGN_GEOMETRIC_PRESENTATION_REPRESENTATION (  '', ( #127 ), #3259 ) ;
#594 = CARTESIAN_POINT ( 'NONE',  ( -1.100000000000000089, -1.250000000000000222, 0.2000000000000000111 ) ) ;
#595 = SURFACE_STYLE_FILL_AREA ( #645 ) ;
#596 = ADVANCED_FACE ( 'NONE', ( #705 ), #1193, .F. ) ;
#597 = PRESENTATION_STYLE_ASSIGNMENT (( #2273 ) ) ;
#598 =( BOUNDED_SURFACE ( )  B_SPLINE_SURFACE ( 3, 1, ( 
 ( #1945, #1335 ),
 ( #3591, #2 ),
 ( #849, #2721 ),
 ( #3009, #1380 ),
 ( #558, #1118 ),
 ( #243, #575 ),
 ( #2993, #228 ) ),
 .UNSPECIFIED., .T., .F., .F. ) 
 B_SPLINE_SURFACE_WITH_KNOTS ( ( 4, 3, 4 ),
 ( 2, 2 ),
 ( 0.000000000000000000, 0.5000000000000000000, 1.000000000000000000 ),
 ( 0.000000000000000000, 1.000000000000000000 ),
 .UNSPECIFIED. ) 
 GEOMETRIC_REPRESENTATION_ITEM ( )  RATIONAL_B_SPLINE_SURFACE ( (
 ( 1.000000000000000000, 1.000000000000000000),
 ( 0.3333333333333333703, 0.3333333333333333703),
 ( 0.3333333333333333703, 0.3333333333333333703),
 ( 1.000000000000000000, 1.000000000000000000),
 ( 0.3333333333333333703, 0.3333333333333333703),
 ( 0.3333333333333333703, 0.3333333333333333703),
 ( 1.000000000000000000, 1.000000000000000000) ) ) 
 REPRESENTATION_ITEM ( '' )  SURFACE ( )  );
#599 = LINE ( 'NONE', #1707, #2196 ) ;
#600 = VECTOR ( 'NONE', #59, 1000.000000000000000 ) ;
#601 = ORIENTED_EDGE ( 'NONE', *, *, #3607, .F. ) ;
#602 = FILL_AREA_STYLE_COLOUR ( '', #3270 ) ;
#603 = EDGE_CURVE ( 'NONE', #2595, #703, #3426, .T. ) ;
#604 =( GEOMETRIC_REPRESENTATION_CONTEXT ( 3 ) GLOBAL_UNCERTAINTY_ASSIGNED_CONTEXT ( ( #605 ) ) GLOBAL_UNIT_ASSIGNED_CONTEXT ( ( #3323, #1966, #2697 ) ) REPRESENTATION_CONTEXT ( 'NONE', 'WORKASPACE' ) );
#605 = UNCERTAINTY_MEASURE_WITH_UNIT (LENGTH_MEASURE( 1.000000000000000082E-05 ), #3323, 'distance_accuracy_value', 'NONE');
#606 =( LENGTH_UNIT ( ) NAMED_UNIT ( * ) SI_UNIT ( .MILLI., .METRE. ) );
#607 = VERTEX_POINT ( 'NONE', #431 ) ;
#608 = CARTESIAN_POINT ( 'NONE',  ( -1.100000000000000311, -1.250000000000000222, 0.2000000000000000111 ) ) ;
#609 = CARTESIAN_POINT ( 'NONE',  ( 0.5507995028997515474, -0.7939223609342918042, 1.139013237535566159 ) ) ;
#610 = VECTOR ( 'NONE', #794, 1000.000000000000000 ) ;
#611 =( GEOMETRIC_REPRESENTATION_CONTEXT ( 3 ) GLOBAL_UNCERTAINTY_ASSIGNED_CONTEXT ( ( #1146 ) ) GLOBAL_UNIT_ASSIGNED_CONTEXT ( ( #473, #2727, #2501 ) ) REPRESENTATION_CONTEXT ( 'NONE', 'WORKASPACE' ) );
#612 = EDGE_LOOP ( 'NONE', ( #2901, #1585, #102, #390 ) ) ;
#613 = CARTESIAN_POINT ( 'NONE',  ( 0.5507995028997514364, -0.9110796484596737077, 1.139013237535566159 ) ) ;
#614 = DIRECTION ( 'NONE',  ( -0.000000000000000000, -0.000000000000000000, -1.000000000000000000 ) ) ;
#615 = AXIS2_PLACEMENT_3D ( 'NONE', #2167, #777, #498 ) ;
#616 = AXIS2_PLACEMENT_3D ( 'NONE', #3515, #1881, #1307 ) ;
#617 =( LENGTH_UNIT ( ) NAMED_UNIT ( * ) SI_UNIT ( .MILLI., .METRE. ) );
#618 = PRESENTATION_LAYER_ASSIGNMENT (  '', '', ( #2203 ) ) ;
#619 =( NAMED_UNIT ( * ) SI_UNIT ( $, .STERADIAN. ) SOLID_ANGLE_UNIT ( ) );
#620 = SURFACE_STYLE_FILL_AREA ( #2875 ) ;
#621 = LINE ( 'NONE', #3437, #851 ) ;
#622 = ORIENTED_EDGE ( 'NONE', *, *, #2435, .F. ) ;
#623 = SURFACE_STYLE_USAGE ( .BOTH. , #392 ) ;
#624 = EDGE_LOOP ( 'NONE', ( #926, #449, #1567, #1027 ) ) ;
#625 = SURFACE_STYLE_FILL_AREA ( #2831 ) ;
#626 = CARTESIAN_POINT ( 'NONE',  ( 0.5507995028997515474, -0.7920335525291258838, 1.188977548826812169 ) ) ;
#627 = VERTEX_POINT ( 'NONE', #2389 ) ;
#628 = VERTEX_POINT ( 'NONE', #3290 ) ;
#629 = B_SPLINE_CURVE_WITH_KNOTS ( 'NONE', 1,
 ( #3269, #2182 ),
 .UNSPECIFIED., .F., .F.,
 ( 2, 2 ),
 ( 0.000000000000000000, 1.000000000000000000 ),
 .UNSPECIFIED. ) ;
#630 = UNCERTAINTY_MEASURE_WITH_UNIT (LENGTH_MEASURE( 1.000000000000000082E-05 ), #676, 'distance_accuracy_value', 'NONE');
#631 =( LENGTH_UNIT ( ) NAMED_UNIT ( * ) SI_UNIT ( .MILLI., .METRE. ) );
#632 = VECTOR ( 'NONE', #644, 1000.000000000000000 ) ;
#633 = SURFACE_STYLE_FILL_AREA ( #3419 ) ;
#634 = DIRECTION ( 'NONE',  ( 1.734723475976807094E-16, -1.000000000000000000, 0.000000000000000000 ) ) ;
#635 = PLANE ( 'NONE',  #1599 ) ;
#636 = EDGE_CURVE ( 'NONE', #1730, #210, #1100, .T. ) ;
#637 = CARTESIAN_POINT ( 'NONE',  ( 0.6007995028997513698, -0.9939223609342915378, 0.9390132375355650929 ) ) ;
#638 = EDGE_LOOP ( 'NONE', ( #358, #3124 ) ) ;
#639 = CARTESIAN_POINT ( 'NONE',  ( 0.6007995028997513698, -0.5421167739541271624, 1.089048926244319704 ) ) ;
#640 = ADVANCED_FACE ( 'NONE', ( #2642 ), #1637, .T. ) ;
#641 = ORIENTED_EDGE ( 'NONE', *, *, #2132, .T. ) ;
#642 = EDGE_CURVE ( 'NONE', #607, #2595, #2585, .T. ) ;
#643 = PRESENTATION_LAYER_ASSIGNMENT (  '', '', ( #2114 ) ) ;
#644 = DIRECTION ( 'NONE',  ( -3.469446951953614189E-16, 1.000000000000000000, -0.000000000000000000 ) ) ;
#645 = FILL_AREA_STYLE ('',( #3414 ) ) ;
#646 = B_SPLINE_CURVE_WITH_KNOTS ( 'NONE', 1,
 ( #457, #1875 ),
 .UNSPECIFIED., .F., .F.,
 ( 2, 2 ),
 ( 0.000000000000000000, 1.000000000000000000 ),
 .UNSPECIFIED. ) ;
#647 = EDGE_LOOP ( 'NONE', ( #3135, #591, #2755, #801 ) ) ;
#648 = ORIENTED_EDGE ( 'NONE', *, *, #859, .F. ) ;
#649 = AXIS2_PLACEMENT_3D ( 'NONE', #3133, #1520, #2600 ) ;
#650 = PRESENTATION_STYLE_ASSIGNMENT (( #81 ) ) ;
#651 = CARTESIAN_POINT ( 'NONE',  ( -0.5507995028997515474, -0.9450644879900680362, 1.025013300735999611 ) ) ;
#652 = AXIS2_PLACEMENT_3D ( 'NONE', #3250, #2101, #1032 ) ;
#653 = DIRECTION ( 'NONE',  ( -0.000000000000000000, -0.000000000000000000, 1.000000000000000000 ) ) ;
#654 = CARTESIAN_POINT ( 'NONE',  ( -0.5757995028997514586, -0.7939223609342919152, 1.139013237535566159 ) ) ;
#655 = FILL_AREA_STYLE_COLOUR ( '', #1351 ) ;
#656 = MECHANICAL_DESIGN_GEOMETRIC_PRESENTATION_REPRESENTATION (  '', ( #1060 ), #1120 ) ;
#657 = CARTESIAN_POINT ( 'NONE',  ( 0.5507995028997515474, -0.8837000409450584959, 1.087942487897297417 ) ) ;
#658 = ORIENTED_EDGE ( 'NONE', *, *, #538, .T. ) ;
#659 = EDGE_CURVE ( 'NONE', #482, #1045, #1531, .T. ) ;
#660 =( GEOMETRIC_REPRESENTATION_CONTEXT ( 3 ) GLOBAL_UNCERTAINTY_ASSIGNED_CONTEXT ( ( #354 ) ) GLOBAL_UNIT_ASSIGNED_CONTEXT ( ( #3292, #3557, #2185 ) ) REPRESENTATION_CONTEXT ( 'NONE', 'WORKASPACE' ) );
#661 = CIRCLE ( 'NONE', #3386, 0.02499999999999995628 ) ;
#662 = PRESENTATION_STYLE_ASSIGNMENT (( #2828 ) ) ;
#663 = PRESENTATION_LAYER_ASSIGNMENT (  '', '', ( #1586 ) ) ;
#664 = VERTEX_POINT ( 'NONE', #3306 ) ;
#665 =( LENGTH_UNIT ( ) NAMED_UNIT ( * ) SI_UNIT ( .MILLI., .METRE. ) );
#666 = LINE ( 'NONE', #2832, #1022 ) ;
#667 = ORIENTED_EDGE ( 'NONE', *, *, #3318, .F. ) ;
#668 = ORIENTED_EDGE ( 'NONE', *, *, #1139, .T. ) ;
#669 = ADVANCED_FACE ( 'NONE', ( #1352 ), #87, .F. ) ;
#670 = AXIS2_PLACEMENT_3D ( 'NONE', #1675, #2281, #2330 ) ;
#671 = CARTESIAN_POINT ( 'NONE',  ( -0.5507995028997515474, -0.5387174280381431535, 1.049999999999999822 ) ) ;
#672 = CARTESIAN_POINT ( 'NONE',  ( -0.5507995028997514364, -0.9110796484596737077, 1.139013237535566159 ) ) ;
#673 = AXIS2_PLACEMENT_3D ( 'NONE', #2111, #2895, #869 ) ;
#674 = STYLED_ITEM ( 'NONE', ( #1591 ), #819 ) ;
#675 = CARTESIAN_POINT ( 'NONE',  ( 0.5507995028997515474, -0.5402636542577144985, 1.090902045940732590 ) ) ;
#676 =( LENGTH_UNIT ( ) NAMED_UNIT ( * ) SI_UNIT ( .MILLI., .METRE. ) );
#677 = SURFACE_STYLE_FILL_AREA ( #350 ) ;
#678 = VECTOR ( 'NONE', #1231, 1000.000000000000000 ) ;
#679 = VECTOR ( 'NONE', #3354, 1000.000000000000000 ) ;
#680 = CARTESIAN_POINT ( 'NONE',  ( 0.5507995028997515474, -1.042780233878517260, 1.087327749385893272 ) ) ;
#681 = ORIENTED_EDGE ( 'NONE', *, *, #2829, .T. ) ;
#682 = FACE_OUTER_BOUND ( 'NONE', #2532, .T. ) ;
#683 = STYLED_ITEM ( 'NONE', ( #2450 ), #1192 ) ;
#684 = SURFACE_SIDE_STYLE ('',( #2807 ) ) ;
#685 = DIRECTION ( 'NONE',  ( 1.000000000000000000, 0.000000000000000000, 0.000000000000000000 ) ) ;
#686 = VERTEX_POINT ( 'NONE', #352 ) ;
#687 = CARTESIAN_POINT ( 'NONE',  ( -0.5507995028997515474, -0.5118087152274390927, 1.139013237535566381 ) ) ;
#688 = VERTEX_POINT ( 'NONE', #2841 ) ;
#689 = VERTEX_POINT ( 'NONE', #300 ) ;
#690 = CIRCLE ( 'NONE', #2720, 0.02499999999999995628 ) ;
#691 = FILL_AREA_STYLE_COLOUR ( '', #2856 ) ;
#692 = DIRECTION ( 'NONE',  ( 0.000000000000000000, 1.000000000000000000, 0.000000000000000000 ) ) ;
#693 = LINE ( 'NONE', #2651, #1755 ) ;
#694 = CARTESIAN_POINT ( 'NONE',  ( 0.5507995028997515474, -0.4887174280381432756, 1.050000000000000044 ) ) ;
#695 = CARTESIAN_POINT ( 'NONE',  ( -0.6007995028997513698, -0.4902636542577147316, 1.090902045940727927 ) ) ;
#696 = CARTESIAN_POINT ( 'NONE',  ( 0.6007995028997513698, -0.5420964890271725567, 1.090122496621836357 ) ) ;
#697 = CARTESIAN_POINT ( 'NONE',  ( -0.5507995028997514364, -0.5118087152274390927, 1.139013237535566381 ) ) ;
#698 = FILL_AREA_STYLE_COLOUR ( '', #2486 ) ;
#699 = CARTESIAN_POINT ( 'NONE',  ( -0.5507995028997515474, -0.9450644879900680362, 1.025013300735999611 ) ) ;
#700 = EDGE_CURVE ( 'NONE', #3096, #703, #2638, .T. ) ;
#701 = CARTESIAN_POINT ( 'NONE',  ( 0.7257995028997515918, -1.250000000000000000, 0.1500000000000000222 ) ) ;
#702 = DIRECTION ( 'NONE',  ( -0.000000000000000000, 0.9992862258249284313, -0.03777616810331912295 ) ) ;
#703 = VERTEX_POINT ( 'NONE', #1407 ) ;
#704 = UNCERTAINTY_MEASURE_WITH_UNIT (LENGTH_MEASURE( 1.000000000000000082E-05 ), #2259, 'distance_accuracy_value', 'NONE');
#705 = FACE_OUTER_BOUND ( 'NONE', #3450, .T. ) ;
#706 =( NAMED_UNIT ( * ) PLANE_ANGLE_UNIT ( ) SI_UNIT ( $, .RADIAN. ) );
#707 = EDGE_CURVE ( 'NONE', #2409, #748, #378, .T. ) ;
#708 = ORIENTED_EDGE ( 'NONE', *, *, #1725, .T. ) ;
#709 = EDGE_LOOP ( 'NONE', ( #1810, #2723, #2608, #3483 ) ) ;
#710 =( NAMED_UNIT ( * ) PLANE_ANGLE_UNIT ( ) SI_UNIT ( $, .RADIAN. ) );
#711 = ADVANCED_FACE ( 'NONE', ( #2547 ), #3134, .F. ) ;
#712 = CARTESIAN_POINT ( 'NONE',  ( 0.5507995028997515474, -0.9939223609342915378, 0.2000000000000000944 ) ) ;
#713 = STYLED_ITEM ( 'NONE', ( #1652 ), #1905 ) ;
#714 = SURFACE_STYLE_FILL_AREA ( #738 ) ;
#715 =( NAMED_UNIT ( * ) SI_UNIT ( $, .STERADIAN. ) SOLID_ANGLE_UNIT ( ) );
#716 =( LENGTH_UNIT ( ) NAMED_UNIT ( * ) SI_UNIT ( .MILLI., .METRE. ) );
#717 = CARTESIAN_POINT ( 'NONE',  ( 1.100000000000000311, -1.250000000000000222, 0.000000000000000000 ) ) ;
#718 = UNCERTAINTY_MEASURE_WITH_UNIT (LENGTH_MEASURE( 1.000000000000000082E-05 ), #617, 'distance_accuracy_value', 'NONE');
#719 = COLOUR_RGB ( '',0.2980392156862745057, 0.2980392156862745057, 0.2980392156862745057 ) ;
#720 = FILL_AREA_STYLE ('',( #2366 ) ) ;
#721 = EDGE_CURVE ( 'NONE', #992, #2583, #2833, .T. ) ;
#722 = LINE ( 'NONE', #2492, #490 ) ;
#723 = VECTOR ( 'NONE', #1457, 1000.000000000000000 ) ;
#724 =( BOUNDED_SURFACE ( )  B_SPLINE_SURFACE ( 3, 3, ( 
 ( #2777, #855, #1086, #2210 ),
 ( #579, #2809, #1700, #321 ),
 ( #1987, #3081, #592, #2999 ),
 ( #932, #1784, #2359, #107 ),
 ( #1802, #696, #916, #3436 ),
 ( #3420, #966, #3185, #1163 ),
 ( #3401, #2310, #3165, #402 ) ),
 .UNSPECIFIED., .T., .F., .T. ) 
 B_SPLINE_SURFACE_WITH_KNOTS ( ( 4, 3, 4 ),
 ( 4, 4 ),
 ( 0.000000000000000000, 0.5000000000000000000, 1.000000000000000000 ),
 ( 0.000000000000000000, 1.000000000000000000 ),
 .UNSPECIFIED. ) 
 GEOMETRIC_REPRESENTATION_ITEM ( )  RATIONAL_B_SPLINE_SURFACE ( (
 ( 1.000000000000000000, 0.8135592450094720762, 0.8135592450094720762, 1.000000000000000000),
 ( 0.3333333333333333703, 0.2711864150031573772, 0.2711864150031573772, 0.3333333333333333703),
 ( 0.3333333333333333703, 0.2711864150031573772, 0.2711864150031573772, 0.3333333333333333703),
 ( 1.000000000000000000, 0.8135592450094720762, 0.8135592450094720762, 1.000000000000000000),
 ( 0.3333333333333333703, 0.2711864150031573772, 0.2711864150031573772, 0.3333333333333333703),
 ( 0.3333333333333333703, 0.2711864150031573772, 0.2711864150031573772, 0.3333333333333333703),
 ( 1.000000000000000000, 0.8135592450094720762, 0.8135592450094720762, 1.000000000000000000) ) ) 
 REPRESENTATION_ITEM ( '' )  SURFACE ( )  );
#725 = ORIENTED_EDGE ( 'NONE', *, *, #1314, .T. ) ;
#726 = AXIS2_PLACEMENT_3D ( 'NONE', #2367, #3443, #2072 ) ;
#727 =( NAMED_UNIT ( * ) PLANE_ANGLE_UNIT ( ) SI_UNIT ( $, .RADIAN. ) );
#728 = DIRECTION ( 'NONE',  ( 6.532538464707945869E-16, 1.000000000000000000, -0.000000000000000000 ) ) ;
#729 = EDGE_LOOP ( 'NONE', ( #2505, #3563, #1972, #3439 ) ) ;
#730 = EDGE_LOOP ( 'NONE', ( #1248, #2410, #1833, #3062 ) ) ;
#731 = ORIENTED_EDGE ( 'NONE', *, *, #3449, .T. ) ;
#732 = MECHANICAL_DESIGN_GEOMETRIC_PRESENTATION_REPRESENTATION (  '', ( #1586 ), #1186 ) ;
#733 = DIRECTION ( 'NONE',  ( -1.000000000000000000, 0.000000000000000000, 0.000000000000000000 ) ) ;
#734 = CARTESIAN_POINT ( 'NONE',  ( -0.8499999999999996447, -0.4596950455675217206, 0.9499999999999999556 ) ) ;
#735 = CARTESIAN_POINT ( 'NONE',  ( -0.5507995028997514364, -0.4913372246352309403, 1.119301011335299911 ) ) ;
#736 = CARTESIAN_POINT ( 'NONE',  ( 0.5507995028997515474, -1.043886672225537993, 0.9409020459407312353 ) ) ;
#737 =( LENGTH_UNIT ( ) NAMED_UNIT ( * ) SI_UNIT ( .MILLI., .METRE. ) );
#738 = FILL_AREA_STYLE ('',( #3217 ) ) ;
#739 = VECTOR ( 'NONE', #588, 1000.000000000000000 ) ;
#740 = CARTESIAN_POINT ( 'NONE',  ( 0.4257995028997517695, -1.250000000000000222, 0.2000000000000000111 ) ) ;
#741 = CARTESIAN_POINT ( 'NONE',  ( -0.6007995028997513698, -0.7958111693394581687, 1.089048926244319926 ) ) ;
#742 =( GEOMETRIC_REPRESENTATION_CONTEXT ( 3 ) GLOBAL_UNCERTAINTY_ASSIGNED_CONTEXT ( ( #630 ) ) GLOBAL_UNIT_ASSIGNED_CONTEXT ( ( #676, #2559, #385 ) ) REPRESENTATION_CONTEXT ( 'NONE', 'WORKASPACE' ) );
#743 =( NAMED_UNIT ( * ) SI_UNIT ( $, .STERADIAN. ) SOLID_ANGLE_UNIT ( ) );
#744 = AXIS2_PLACEMENT_3D ( 'NONE', #2857, #2087, #3164 ) ;
#745 = UNCERTAINTY_MEASURE_WITH_UNIT (LENGTH_MEASURE( 1.000000000000000082E-05 ), #785, 'distance_accuracy_value', 'NONE');
#746 = FACE_OUTER_BOUND ( 'NONE', #1871, .T. ) ;
#747 = VERTEX_POINT ( 'NONE', #899 ) ;
#748 = VERTEX_POINT ( 'NONE', #3076 ) ;
#749 =( BOUNDED_SURFACE ( )  B_SPLINE_SURFACE ( 3, 1, ( 
 ( #1638, #2442 ),
 ( #797, #3007 ),
 ( #2754, #260 ),
 ( #1040, #830 ),
 ( #3385, #639 ),
 ( #2789, #3136 ),
 ( #44, #1208 ) ),
 .UNSPECIFIED., .T., .F., .F. ) 
 B_SPLINE_SURFACE_WITH_KNOTS ( ( 4, 3, 4 ),
 ( 2, 2 ),
 ( 0.000000000000000000, 0.5000000000000000000, 1.000000000000000000 ),
 ( 0.000000000000000000, 1.000000000000000000 ),
 .UNSPECIFIED. ) 
 GEOMETRIC_REPRESENTATION_ITEM ( )  RATIONAL_B_SPLINE_SURFACE ( (
 ( 1.000000000000000000, 1.000000000000000000),
 ( 0.3333333333333333703, 0.3333333333333333703),
 ( 0.3333333333333333703, 0.3333333333333333703),
 ( 1.000000000000000000, 1.000000000000000000),
 ( 0.3333333333333333703, 0.3333333333333333703),
 ( 0.3333333333333333703, 0.3333333333333333703),
 ( 1.000000000000000000, 1.000000000000000000) ) ) 
 REPRESENTATION_ITEM ( '' )  SURFACE ( )  );
#750 = EDGE_CURVE ( 'NONE', #559, #747, #573, .T. ) ;
#751 = ORIENTED_EDGE ( 'NONE', *, *, #1937, .T. ) ;
#752 =( NAMED_UNIT ( * ) PLANE_ANGLE_UNIT ( ) SI_UNIT ( $, .RADIAN. ) );
#753 = CARTESIAN_POINT ( 'NONE',  ( 0.5507995028997515474, -0.5118087152274390927, 1.139013237535566381 ) ) ;
#754 = SURFACE_SIDE_STYLE ('',( #3237 ) ) ;
#755 = SURFACE_STYLE_FILL_AREA ( #2654 ) ;
#756 =( NAMED_UNIT ( * ) PLANE_ANGLE_UNIT ( ) SI_UNIT ( $, .RADIAN. ) );
#757 = CARTESIAN_POINT ( 'NONE',  ( -0.6007995028997513698, -0.4413372246352302852, 1.147720261656822283 ) ) ;
#758 = LINE ( 'NONE', #740, #2881 ) ;
#759 = DIRECTION ( 'NONE',  ( -0.000000000000000000, -1.000000000000000000, -0.000000000000000000 ) ) ;
#760 =( NAMED_UNIT ( * ) PLANE_ANGLE_UNIT ( ) SI_UNIT ( $, .RADIAN. ) );
#761 = ADVANCED_FACE ( 'NONE', ( #1692 ), #991, .T. ) ;
#762 = CARTESIAN_POINT ( 'NONE',  ( 0.7499999999999995559, 0.9000000000000000222, 0.9000000000000000222 ) ) ;
#763 = VERTEX_POINT ( 'NONE', #2345 ) ;
#764 = EDGE_LOOP ( 'NONE', ( #2620, #3425, #1412, #1740 ) ) ;
#765 = ORIENTED_EDGE ( 'NONE', *, *, #113, .T. ) ;
#766 = DIRECTION ( 'NONE',  ( 0.000000000000000000, 0.000000000000000000, 1.000000000000000000 ) ) ;
#767 = SURFACE_STYLE_FILL_AREA ( #2980 ) ;
#768 = ADVANCED_FACE ( 'NONE', ( #3459 ), #1369, .F. ) ;
#769 = CARTESIAN_POINT ( 'NONE',  ( -0.5507995028997515474, -0.5413372246352307071, 1.090881761013778428 ) ) ;
#770 = ADVANCED_FACE ( 'NONE', ( #1036 ), #1016, .F. ) ;
#771 = SURFACE_SIDE_STYLE ('',( #1861 ) ) ;
#772 =( NAMED_UNIT ( * ) SI_UNIT ( $, .STERADIAN. ) SOLID_ANGLE_UNIT ( ) );
#773 = SURFACE_SIDE_STYLE ('',( #3516 ) ) ;
#774 = PRESENTATION_STYLE_ASSIGNMENT (( #1073 ) ) ;
#775 = DIRECTION ( 'NONE',  ( -1.000000000000000000, 0.000000000000000000, 0.000000000000000000 ) ) ;
#776 =( NAMED_UNIT ( * ) SI_UNIT ( $, .STERADIAN. ) SOLID_ANGLE_UNIT ( ) );
#777 = DIRECTION ( 'NONE',  ( -0.000000000000000000, 0.000000000000000000, -1.000000000000000000 ) ) ;
#778 = SURFACE_STYLE_USAGE ( .BOTH. , #1392 ) ;
#779 = COLOUR_RGB ( '',0.007843137254901960675, 0.2392156862745097867, 0.8235294117647058432 ) ;
#780 =( LENGTH_UNIT ( ) NAMED_UNIT ( * ) SI_UNIT ( .MILLI., .METRE. ) );
#781 = ORIENTED_EDGE ( 'NONE', *, *, #983, .T. ) ;
#782 = ORIENTED_EDGE ( 'NONE', *, *, #2680, .F. ) ;
#783 = DIRECTION ( 'NONE',  ( 1.000000000000000000, 0.000000000000000000, 0.000000000000000000 ) ) ;
#784 = CARTESIAN_POINT ( 'NONE',  ( -0.6007995028997513698, -0.4887174280381432756, 0.9499999999999999556 ) ) ;
#785 =( LENGTH_UNIT ( ) NAMED_UNIT ( * ) SI_UNIT ( .MILLI., .METRE. ) );
#786 = ORIENTED_EDGE ( 'NONE', *, *, #1621, .T. ) ;
#787 = CARTESIAN_POINT ( 'NONE',  ( -0.5507995028997515474, -0.4413372246352302852, 1.147720261656822283 ) ) ;
#788 = VECTOR ( 'NONE', #2949, 1000.000000000000000 ) ;
#789 = PRODUCT_DEFINITION_SHAPE ( 'NONE', 'NONE',  #1739 ) ;
#790 =( NAMED_UNIT ( * ) PLANE_ANGLE_UNIT ( ) SI_UNIT ( $, .RADIAN. ) );
#791 = MECHANICAL_DESIGN_GEOMETRIC_PRESENTATION_REPRESENTATION (  '', ( #318 ), #3221 ) ;
#792 = CARTESIAN_POINT ( 'NONE',  ( -0.5507995028997515474, -0.4902636542577149537, 1.090902045940732368 ) ) ;
#793 = FILL_AREA_STYLE ('',( #1368 ) ) ;
#794 = DIRECTION ( 'NONE',  ( -1.000000000000000000, 0.000000000000000000, 0.000000000000000000 ) ) ;
#795 = AXIS2_PLACEMENT_3D ( 'NONE', #1113, #1374, #2225 ) ;
#796 = VECTOR ( 'NONE', #2183, 1000.000000000000000 ) ;
#797 = CARTESIAN_POINT ( 'NONE',  ( 0.5507995028997515474, -0.7920335525291258838, 1.188977548826812169 ) ) ;
#798 = AXIS2_PLACEMENT_3D ( 'NONE', #2730, #1094, #201 ) ;
#799 = SURFACE_STYLE_FILL_AREA ( #3042 ) ;
#800 = FILL_AREA_STYLE ('',( #1642 ) ) ;
#801 = ORIENTED_EDGE ( 'NONE', *, *, #1822, .T. ) ;
#802 = ORIENTED_EDGE ( 'NONE', *, *, #1891, .F. ) ;
#803 = CARTESIAN_POINT ( 'NONE',  ( -0.5507995028997515474, -0.4815209414277053512, 1.187903978449296849 ) ) ;
#804 = CARTESIAN_POINT ( 'NONE',  ( 1.100000000000000311, 1.250000000000000000, 0.6000000000000000888 ) ) ;
#805 = APPLICATION_PROTOCOL_DEFINITION ( 'draft international standard', 'automotive_design', 1998, #1042 ) ;
#806 = CARTESIAN_POINT ( 'NONE',  ( -0.6007995028997513698, -0.4913372246352309403, 1.119301011335299911 ) ) ;
#807 = CARTESIAN_POINT ( 'NONE',  ( -0.7499999999999995559, -0.4596950455675224423, 0.9000000000000000222 ) ) ;
#808 = CARTESIAN_POINT ( 'NONE',  ( -1.050000000000000044, -1.199999999999999956, 0.000000000000000000 ) ) ;
#809 = LINE ( 'NONE', #1021, #796 ) ;
#810 = EDGE_CURVE ( 'NONE', #850, #909, #2149, .T. ) ;
#811 = ADVANCED_FACE ( 'NONE', ( #1577 ), #2692, .F. ) ;
#812 = SURFACE_SIDE_STYLE ('',( #533 ) ) ;
#813 = FILL_AREA_STYLE ('',( #3291 ) ) ;
#814 = DIRECTION ( 'NONE',  ( 3.469446951953614189E-16, -1.000000000000000000, 0.000000000000000000 ) ) ;
#815 = ORIENTED_EDGE ( 'NONE', *, *, #284, .F. ) ;
#816 = FACE_OUTER_BOUND ( 'NONE', #1872, .T. ) ;
#817 = DIRECTION ( 'NONE',  ( -0.000000000000000000, -0.000000000000000000, -1.000000000000000000 ) ) ;
#818 = DIRECTION ( 'NONE',  ( 0.000000000000000000, 0.03777616810331912295, 0.9992862258249284313 ) ) ;
#819 = ADVANCED_FACE ( 'NONE', ( #1033 ), #1864, .F. ) ;
#820 = CARTESIAN_POINT ( 'NONE',  ( -0.5757995028997514586, -0.4887174280381432756, 1.050000000000000044 ) ) ;
#821 = PRESENTATION_STYLE_ASSIGNMENT (( #3031 ) ) ;
#822 = CARTESIAN_POINT ( 'NONE',  ( 0.5507995028997515474, -1.042780233878517260, 1.087327749385893272 ) ) ;
#823 = CARTESIAN_POINT ( 'NONE',  ( -0.6007995028997513698, -0.5383391571437956546, 1.188977548826812836 ) ) ;
#824 = CARTESIAN_POINT ( 'NONE',  ( -0.9000000000000006883, 1.049999999999999822, 0.9000000000000000222 ) ) ;
#825 = DIRECTION ( 'NONE',  ( -1.000000000000000000, 0.000000000000000000, 0.000000000000000000 ) ) ;
#826 = FILL_AREA_STYLE ('',( #1098 ) ) ;
#827 = SURFACE_STYLE_FILL_AREA ( #2220 ) ;
#828 = MECHANICAL_DESIGN_GEOMETRIC_PRESENTATION_REPRESENTATION (  '', ( #2461 ), #996 ) ;
#829 = SURFACE_STYLE_FILL_AREA ( #2733 ) ;
#830 = CARTESIAN_POINT ( 'NONE',  ( 0.6007995028997513698, -0.5402279655489612420, 1.139013237535566159 ) ) ;
#831 = ADVANCED_FACE ( 'NONE', ( #994 ), #3091, .T. ) ;
#832 = STYLED_ITEM ( 'NONE', ( #2670 ), #1508 ) ;
#833 = SURFACE_SIDE_STYLE ('',( #3308 ) ) ;
#834 = VERTEX_POINT ( 'NONE', #2544 ) ;
#835 = MECHANICAL_DESIGN_GEOMETRIC_PRESENTATION_REPRESENTATION (  '', ( #2683 ), #186 ) ;
#836 = CARTESIAN_POINT ( 'NONE',  ( -0.5507995028997515474, -0.5383391571437952106, 1.188977548826812169 ) ) ;
#837 = LINE ( 'NONE', #1413, #3501 ) ;
#838 = CARTESIAN_POINT ( 'NONE',  ( -0.5507995028997515474, -1.043886672225537993, 0.9409020459407312353 ) ) ;
#839 = DIRECTION ( 'NONE',  ( 0.000000000000000000, 0.000000000000000000, 1.000000000000000000 ) ) ;
#840 = DIRECTION ( 'NONE',  ( -0.000000000000000000, -0.000000000000000000, -1.000000000000000000 ) ) ;
#841 = VECTOR ( 'NONE', #1697, 1000.000000000000000 ) ;
#842 = CARTESIAN_POINT ( 'NONE',  ( 0.5507995028997515474, -0.9939223609342917598, 0.9390132375355648708 ) ) ;
#843 =( LENGTH_UNIT ( ) NAMED_UNIT ( * ) SI_UNIT ( .MILLI., .METRE. ) );
#844 = VECTOR ( 'NONE', #759, 1000.000000000000000 ) ;
#845 = FILL_AREA_STYLE_COLOUR ( '', #501 ) ;
#846 =( NAMED_UNIT ( * ) PLANE_ANGLE_UNIT ( ) SI_UNIT ( $, .RADIAN. ) );
#847 = CARTESIAN_POINT ( 'NONE',  ( 0.6007995028997514808, -0.9110796484596735967, 1.139013237535566159 ) ) ;
#848 = COLOUR_RGB ( '',0.007843137254901960675, 0.2392156862745097867, 0.8235294117647058432 ) ;
#849 = CARTESIAN_POINT ( 'NONE',  ( 0.6007995028997513698, -0.4402636542577145207, 1.090902045940731924 ) ) ;
#850 = VERTEX_POINT ( 'NONE', #18 ) ;
#851 = VECTOR ( 'NONE', #2840, 1000.000000000000000 ) ;
#852 =( GEOMETRIC_REPRESENTATION_CONTEXT ( 3 ) GLOBAL_UNCERTAINTY_ASSIGNED_CONTEXT ( ( #1990 ) ) GLOBAL_UNIT_ASSIGNED_CONTEXT ( ( #197, #3015, #1324 ) ) REPRESENTATION_CONTEXT ( 'NONE', 'WORKASPACE' ) );
#853 = DIRECTION ( 'NONE',  ( 0.000000000000000000, 0.000000000000000000, 1.000000000000000000 ) ) ;
#854 = ORIENTED_EDGE ( 'NONE', *, *, #2481, .F. ) ;
#855 = CARTESIAN_POINT ( 'NONE',  ( 0.5507995028997514364, -0.5118087152274390927, 1.139013237535566381 ) ) ;
#856 = FACE_OUTER_BOUND ( 'NONE', #2431, .T. ) ;
#857 = PRESENTATION_STYLE_ASSIGNMENT (( #2212 ) ) ;
#858 = STYLED_ITEM ( 'NONE', ( #597 ), #1116 ) ;
#859 = EDGE_CURVE ( 'NONE', #2008, #1717, #2075, .T. ) ;
#860 = UNCERTAINTY_MEASURE_WITH_UNIT (LENGTH_MEASURE( 1.000000000000000082E-05 ), #3551, 'distance_accuracy_value', 'NONE');
#861 = SURFACE_STYLE_FILL_AREA ( #3050 ) ;
#862 = CARTESIAN_POINT ( 'NONE',  ( 0.5507995028997515474, -0.4402636542577146872, 1.090902045940731480 ) ) ;
#863 = CARTESIAN_POINT ( 'NONE',  ( 0.5507995028997515474, -0.9439580496430451939, 0.1981111915948340907 ) ) ;
#864 =( NAMED_UNIT ( * ) SI_UNIT ( $, .STERADIAN. ) SOLID_ANGLE_UNIT ( ) );
#865 = UNCERTAINTY_MEASURE_WITH_UNIT (LENGTH_MEASURE( 1.000000000000000082E-05 ), #606, 'distance_accuracy_value', 'NONE');
#866 = CARTESIAN_POINT ( 'NONE',  ( -0.5507995028997515474, -0.9939223609342917598, 0.9390132375355648708 ) ) ;
#867 = EDGE_CURVE ( 'NONE', #452, #747, #1419, .T. ) ;
#868 = FILL_AREA_STYLE_COLOUR ( '', #3098 ) ;
#869 = DIRECTION ( 'NONE',  ( 1.000000000000000000, 0.000000000000000000, -0.000000000000000000 ) ) ;
#870 = ORIENTED_EDGE ( 'NONE', *, *, #1041, .T. ) ;
#871 = PRESENTATION_STYLE_ASSIGNMENT (( #2230 ) ) ;
#872 = CARTESIAN_POINT ( 'NONE',  ( -1.050000000000000044, -1.199999999999999956, -0.05000000000000000278 ) ) ;
#873 =( NAMED_UNIT ( * ) SI_UNIT ( $, .STERADIAN. ) SOLID_ANGLE_UNIT ( ) );
#874 = CARTESIAN_POINT ( 'NONE',  ( -0.7500000000000000000, 0.8999999999999990230, 0.9000000000000000222 ) ) ;
#875 = SURFACE_SIDE_STYLE ('',( #2060 ) ) ;
#876 = SURFACE_SIDE_STYLE ('',( #861 ) ) ;
#877 = FILL_AREA_STYLE_COLOUR ( '', #1294 ) ;
#878 = ADVANCED_FACE ( 'NONE', ( #1689 ), #1456, .T. ) ;
#879 = DIRECTION ( 'NONE',  ( -0.000000000000000000, -0.000000000000000000, -1.000000000000000000 ) ) ;
#880 = CARTESIAN_POINT ( 'NONE',  ( 0.6007995028997513698, -0.9439580496430451939, 0.1981111915948340907 ) ) ;
#881 = DIRECTION ( 'NONE',  ( -1.000000000000000000, -0.000000000000000000, -0.000000000000000000 ) ) ;
#882 = SURFACE_SIDE_STYLE ('',( #3365 ) ) ;
#883 = VERTEX_POINT ( 'NONE', #571 ) ;
#884 = FACE_OUTER_BOUND ( 'NONE', #910, .T. ) ;
#885 = AXIS2_PLACEMENT_3D ( 'NONE', #3248, #766, #138 ) ;
#886 = DIRECTION ( 'NONE',  ( -1.000000000000000000, 0.000000000000000000, 0.000000000000000000 ) ) ;
#887 = ORIENTED_EDGE ( 'NONE', *, *, #3122, .F. ) ;
#888 = CARTESIAN_POINT ( 'NONE',  ( 0.6007995028997513698, -0.5402279655489612420, 1.139013237535566159 ) ) ;
#889 = ORIENTED_EDGE ( 'NONE', *, *, #384, .T. ) ;
#890 =( GEOMETRIC_REPRESENTATION_CONTEXT ( 3 ) GLOBAL_UNCERTAINTY_ASSIGNED_CONTEXT ( ( #2661 ) ) GLOBAL_UNIT_ASSIGNED_CONTEXT ( ( #2341, #3433, #2576 ) ) REPRESENTATION_CONTEXT ( 'NONE', 'WORKASPACE' ) );
#891 = UNCERTAINTY_MEASURE_WITH_UNIT (LENGTH_MEASURE( 1.000000000000000082E-05 ), #2383, 'distance_accuracy_value', 'NONE');
#892 = FILL_AREA_STYLE_COLOUR ( '', #1904 ) ;
#893 = FILL_AREA_STYLE ('',( #928 ) ) ;
#894 = CARTESIAN_POINT ( 'NONE',  ( -0.5507995028997515474, -0.9439580496430451939, 0.9371244291303990614 ) ) ;
#895 = MECHANICAL_DESIGN_GEOMETRIC_PRESENTATION_REPRESENTATION (  '', ( #1702 ), #1944 ) ;
#896 = DIRECTION ( 'NONE',  ( 0.000000000000000000, -1.000000000000000000, 0.000000000000000000 ) ) ;
#897 = CARTESIAN_POINT ( 'NONE',  ( -0.6007995028997513698, -0.7939223609342919152, 1.139013237535566603 ) ) ;
#898 = PRESENTATION_LAYER_ASSIGNMENT (  '', '', ( #1240 ) ) ;
#899 = CARTESIAN_POINT ( 'NONE',  ( 0.7257995028997515918, -1.050000000000000044, 0.2000000000000000111 ) ) ;
#900 = LINE ( 'NONE', #2823, #3526 ) ;
#901 = STYLED_ITEM ( 'NONE', ( #223 ), #3408 ) ;
#902 = MECHANICAL_DESIGN_GEOMETRIC_PRESENTATION_REPRESENTATION (  '', ( #2812 ), #1363 ) ;
#903 = CARTESIAN_POINT ( 'NONE',  ( -0.7257995028997513698, -1.050000000000000044, 0.1500000000000000222 ) ) ;
#904 = ORIENTED_EDGE ( 'NONE', *, *, #721, .T. ) ;
#905 = AXIS2_PLACEMENT_3D ( 'NONE', #1498, #2319, #100 ) ;
#906 = SURFACE_STYLE_USAGE ( .BOTH. , #1211 ) ;
#907 = CARTESIAN_POINT ( 'NONE',  ( 0.5507995028997515474, -0.5383391571437952106, 1.188977548826812169 ) ) ;
#908 = PRESENTATION_LAYER_ASSIGNMENT (  '', '', ( #1715 ) ) ;
#909 = VERTEX_POINT ( 'NONE', #1673 ) ;
#910 = EDGE_LOOP ( 'NONE', ( #2869, #959, #2830, #2286 ) ) ;
#911 = DIRECTION ( 'NONE',  ( -0.000000000000000000, 0.000000000000000000, 1.000000000000000000 ) ) ;
#912 = AXIS2_PLACEMENT_3D ( 'NONE', #2067, #1728, #1205 ) ;
#913 = MECHANICAL_DESIGN_GEOMETRIC_PRESENTATION_REPRESENTATION (  '', ( #858 ), #330 ) ;
#914 = CARTESIAN_POINT ( 'NONE',  ( 0.5507995028997515474, -0.4815209414277053512, 1.187903978449296849 ) ) ;
#915 = FILL_AREA_STYLE_COLOUR ( '', #3114 ) ;
#916 = CARTESIAN_POINT ( 'NONE',  ( 0.6007995028997513698, -0.5413372246352307071, 1.090881761013778428 ) ) ;
#917 =( NAMED_UNIT ( * ) SI_UNIT ( $, .STERADIAN. ) SOLID_ANGLE_UNIT ( ) );
#918 = EDGE_CURVE ( 'NONE', #2646, #2004, #599, .T. ) ;
#919 = CARTESIAN_POINT ( 'NONE',  ( -0.5507995028997515474, -0.4387174280381433422, 1.049999999999999822 ) ) ;
#920 = SURFACE_SIDE_STYLE ('',( #2050 ) ) ;
#921 = SURFACE_STYLE_FILL_AREA ( #2019 ) ;
#922 = ADVANCED_FACE ( 'NONE', ( #2786, #3381 ), #1404, .T. ) ;
#923 = ORIENTED_EDGE ( 'NONE', *, *, #2456, .T. ) ;
#924 = PRESENTATION_STYLE_ASSIGNMENT (( #2811 ) ) ;
#925 = EDGE_LOOP ( 'NONE', ( #2570, #2029, #2351, #2304 ) ) ;
#926 = ORIENTED_EDGE ( 'NONE', *, *, #387, .T. ) ;
#927 = SURFACE_STYLE_USAGE ( .BOTH. , #875 ) ;
#928 = FILL_AREA_STYLE_COLOUR ( '', #3172 ) ;
#929 = CARTESIAN_POINT ( 'NONE',  ( -0.5507995028997514364, -0.9939223609342927590, 1.056170525060946552 ) ) ;
#930 = EDGE_CURVE ( 'NONE', #1443, #2997, #2309, .T. ) ;
#931 = SURFACE_SIDE_STYLE ('',( #633 ) ) ;
#932 = CARTESIAN_POINT ( 'NONE',  ( 0.6007995028997513698, -0.5402279655489614640, 1.139013237535566159 ) ) ;
#933 = FILL_AREA_STYLE_COLOUR ( '', #2586 ) ;
#934 = CARTESIAN_POINT ( 'NONE',  ( 0.5507995028997515474, -0.9384592559742888085, 1.190083987173834235 ) ) ;
#935 = FILL_AREA_STYLE ('',( #3406 ) ) ;
#936 = ORIENTED_EDGE ( 'NONE', *, *, #1711, .F. ) ;
#937 = AXIS2_PLACEMENT_3D ( 'NONE', #1536, #1837, #456 ) ;
#938 = VERTEX_POINT ( 'NONE', #3400 ) ;
#939 = ORIENTED_EDGE ( 'NONE', *, *, #700, .F. ) ;
#940 = COLOUR_RGB ( '',0.6470588235294117974, 0.6196078431372549211, 0.5882352941176470784 ) ;
#941 = FILL_AREA_STYLE ('',( #379 ) ) ;
#942 = FILL_AREA_STYLE ('',( #1178 ) ) ;
#943 = AXIS2_PLACEMENT_3D ( 'NONE', #1557, #458, #2624 ) ;
#944 = CARTESIAN_POINT ( 'NONE',  ( 0.6007995028997513698, -0.9939223609342915378, 0.2000000000000000944 ) ) ;
#945 = SURFACE_STYLE_USAGE ( .BOTH. , #965 ) ;
#946 =( NAMED_UNIT ( * ) PLANE_ANGLE_UNIT ( ) SI_UNIT ( $, .RADIAN. ) );
#947 = FILL_AREA_STYLE_COLOUR ( '', #2880 ) ;
#948 =( NAMED_UNIT ( * ) PLANE_ANGLE_UNIT ( ) SI_UNIT ( $, .RADIAN. ) );
#949 = ORIENTED_EDGE ( 'NONE', *, *, #3493, .T. ) ;
#950 = LINE ( 'NONE', #2658, #317 ) ;
#951 = PRESENTATION_LAYER_ASSIGNMENT (  '', '', ( #21 ) ) ;
#952 = CARTESIAN_POINT ( 'NONE',  ( -0.5757995028997514586, -0.4887174280381432756, 1.050000000000000044 ) ) ;
#953 = STYLED_ITEM ( 'NONE', ( #3077 ), #3130 ) ;
#954 = CARTESIAN_POINT ( 'NONE',  ( 0.5757995028997514586, -0.5402279655489612420, 1.139013237535566159 ) ) ;
#955 = MECHANICAL_DESIGN_GEOMETRIC_PRESENTATION_REPRESENTATION (  '', ( #2524 ), #1706 ) ;
#956 = EDGE_LOOP ( 'NONE', ( #2136, #173, #1228, #1381 ) ) ;
#957 = CARTESIAN_POINT ( 'NONE',  ( -0.5507995028997515474, -0.4902636542577147316, 1.090902045940727927 ) ) ;
#958 = ORIENTED_EDGE ( 'NONE', *, *, #3005, .T. ) ;
#959 = ORIENTED_EDGE ( 'NONE', *, *, #1408, .T. ) ;
#960 =( GEOMETRIC_REPRESENTATION_CONTEXT ( 3 ) GLOBAL_UNCERTAINTY_ASSIGNED_CONTEXT ( ( #272 ) ) GLOBAL_UNIT_ASSIGNED_CONTEXT ( ( #2630, #948, #2613 ) ) REPRESENTATION_CONTEXT ( 'NONE', 'WORKASPACE' ) );
#961 = CARTESIAN_POINT ( 'NONE',  ( 0.5507995028997515474, -0.7939223609342919152, 1.139013237535566603 ) ) ;
#962 = CARTESIAN_POINT ( 'NONE',  ( 0.8999999999999996891, -0.6096950455675224090, 0.2000000000000000111 ) ) ;
#963 = ADVANCED_FACE ( 'NONE', ( #140 ), #2032, .F. ) ;
#964 =( GEOMETRIC_REPRESENTATION_CONTEXT ( 3 ) GLOBAL_UNCERTAINTY_ASSIGNED_CONTEXT ( ( #2820 ) ) GLOBAL_UNIT_ASSIGNED_CONTEXT ( ( #2260, #1995, #1708 ) ) REPRESENTATION_CONTEXT ( 'NONE', 'WORKASPACE' ) );
#965 = SURFACE_SIDE_STYLE ('',( #1783 ) ) ;
#966 = CARTESIAN_POINT ( 'NONE',  ( 0.5507995028997515474, -0.5420964890271725567, 1.090122496621836357 ) ) ;
#967 = PRESENTATION_STYLE_ASSIGNMENT (( #2344 ) ) ;
#968 = VECTOR ( 'NONE', #3596, 1000.000000000000000 ) ;
#969 = CARTESIAN_POINT ( 'NONE',  ( -0.5507995028997515474, -0.9939223609342915378, 0.9390132375355652039 ) ) ;
#970 = UNCERTAINTY_MEASURE_WITH_UNIT (LENGTH_MEASURE( 1.000000000000000082E-05 ), #1559, 'distance_accuracy_value', 'NONE');
#971 = EDGE_CURVE ( 'NONE', #834, #3245, #95, .T. ) ;
#972 = PRESENTATION_STYLE_ASSIGNMENT (( #2153 ) ) ;
#973 = ORIENTED_EDGE ( 'NONE', *, *, #267, .T. ) ;
#974 = EDGE_CURVE ( 'NONE', #375, #1753, #1181, .T. ) ;
#975 = DIRECTION ( 'NONE',  ( -1.000000000000000000, 0.000000000000000000, 0.000000000000000000 ) ) ;
#976 = DIRECTION ( 'NONE',  ( 0.000000000000000000, 0.000000000000000000, 1.000000000000000000 ) ) ;
#977 = ORIENTED_EDGE ( 'NONE', *, *, #2424, .F. ) ;
#978 = VERTEX_POINT ( 'NONE', #2326 ) ;
#979 = SURFACE_STYLE_USAGE ( .BOTH. , #1797 ) ;
#980 =( LENGTH_UNIT ( ) NAMED_UNIT ( * ) SI_UNIT ( .MILLI., .METRE. ) );
#981 =( NAMED_UNIT ( * ) PLANE_ANGLE_UNIT ( ) SI_UNIT ( $, .RADIAN. ) );
#982 = DIRECTION ( 'NONE',  ( -3.469446951953614189E-16, 1.000000000000000000, -0.000000000000000000 ) ) ;
#983 = EDGE_CURVE ( 'NONE', #3448, #172, #38, .T. ) ;
#984 = CARTESIAN_POINT ( 'NONE',  ( -0.5507995028997515474, -0.5402279655489614640, 1.139013237535566159 ) ) ;
#985 = DIRECTION ( 'NONE',  ( 0.000000000000000000, -0.000000000000000000, 1.000000000000000000 ) ) ;
#986 = CARTESIAN_POINT ( 'NONE',  ( -0.5507995028997515474, -0.9939223609342915378, 0.2000000000000000944 ) ) ;
#987 = ORIENTED_EDGE ( 'NONE', *, *, #3449, .F. ) ;
#988 = DIRECTION ( 'NONE',  ( 7.973862786511596783E-16, -1.000000000000000000, 0.000000000000000000 ) ) ;
#989 = ORIENTED_EDGE ( 'NONE', *, *, #2058, .T. ) ;
#990 = ORIENTED_EDGE ( 'NONE', *, *, #3005, .F. ) ;
#991 =( BOUNDED_SURFACE ( )  B_SPLINE_SURFACE ( 3, 3, ( 
 ( #1762, #3422, #3166, #421 ),
 ( #1561, #680, #934, #1262 ),
 ( #2672, #1819, #1221, #2926 ),
 ( #3494, #1849, #2947, #2602 ),
 ( #2894, #2382, #2049, #1787 ),
 ( #1276, #128, #657, #3147 ),
 ( #463, #1522, #1804, #440 ) ),
 .UNSPECIFIED., .T., .F., .F. ) 
 B_SPLINE_SURFACE_WITH_KNOTS ( ( 4, 3, 4 ),
 ( 4, 4 ),
 ( 0.000000000000000000, 0.5000000000000000000, 1.000000000000000000 ),
 ( 0.000000000000000000, 1.000000000000000000 ),
 .UNSPECIFIED. ) 
 GEOMETRIC_REPRESENTATION_ITEM ( )  RATIONAL_B_SPLINE_SURFACE ( (
 ( 1.000000000000000000, 0.8047378541243631611, 0.8047378541243631611, 1.000000000000000000),
 ( 0.3333333333333333703, 0.2682459513747877389, 0.2682459513747877389, 0.3333333333333333703),
 ( 0.3333333333333333703, 0.2682459513747877389, 0.2682459513747877389, 0.3333333333333333703),
 ( 1.000000000000000000, 0.8047378541243631611, 0.8047378541243631611, 1.000000000000000000),
 ( 0.3333333333333333703, 0.2682459513747877389, 0.2682459513747877389, 0.3333333333333333703),
 ( 0.3333333333333333703, 0.2682459513747877389, 0.2682459513747877389, 0.3333333333333333703),
 ( 1.000000000000000000, 0.8047378541243631611, 0.8047378541243631611, 1.000000000000000000) ) ) 
 REPRESENTATION_ITEM ( '' )  SURFACE ( )  );
#992 = VERTEX_POINT ( 'NONE', #3184 ) ;
#993 = FILL_AREA_STYLE ('',( #2542 ) ) ;
#994 = FACE_OUTER_BOUND ( 'NONE', #2053, .T. ) ;
#995 = FILL_AREA_STYLE_COLOUR ( '', #1007 ) ;
#996 =( GEOMETRIC_REPRESENTATION_CONTEXT ( 3 ) GLOBAL_UNCERTAINTY_ASSIGNED_CONTEXT ( ( #745 ) ) GLOBAL_UNIT_ASSIGNED_CONTEXT ( ( #785, #2211, #3082 ) ) REPRESENTATION_CONTEXT ( 'NONE', 'WORKASPACE' ) );
#997 =( GEOMETRIC_REPRESENTATION_CONTEXT ( 3 ) GLOBAL_UNCERTAINTY_ASSIGNED_CONTEXT ( ( #2169 ) ) GLOBAL_UNIT_ASSIGNED_CONTEXT ( ( #980, #2942, #3212 ) ) REPRESENTATION_CONTEXT ( 'NONE', 'WORKASPACE' ) );
#998 =( NAMED_UNIT ( * ) PLANE_ANGLE_UNIT ( ) SI_UNIT ( $, .RADIAN. ) );
#999 = CARTESIAN_POINT ( 'NONE',  ( -0.5507995028997515474, -1.043886672225537993, 0.9409020459407312353 ) ) ;
#1000 = COLOUR_RGB ( '',0.7921568627450980005, 0.8196078431372548767, 0.9333333333333333481 ) ;
#1001 = SURFACE_STYLE_USAGE ( .BOTH. , #3257 ) ;
#1002 = COLOUR_RGB ( '',0.6470588235294117974, 0.6196078431372549211, 0.5882352941176470784 ) ;
#1003 = DIRECTION ( 'NONE',  ( 0.000000000000000000, 0.000000000000000000, 1.000000000000000000 ) ) ;
#1004 = ORIENTED_EDGE ( 'NONE', *, *, #1661, .F. ) ;
#1005 = ORIENTED_EDGE ( 'NONE', *, *, #603, .F. ) ;
#1006 = VERTEX_POINT ( 'NONE', #695 ) ;
#1007 = COLOUR_RGB ( '',0.6470588235294117974, 0.6196078431372549211, 0.5882352941176470784 ) ;
#1008 = SURFACE_STYLE_USAGE ( .BOTH. , #215 ) ;
#1009 = PRESENTATION_STYLE_ASSIGNMENT (( #3513 ) ) ;
#1010 = DIRECTION ( 'NONE',  ( 0.000000000000000000, -0.000000000000000000, -1.000000000000000000 ) ) ;
#1011 = DIRECTION ( 'NONE',  ( 1.000000000000000000, 0.000000000000000000, 0.000000000000000000 ) ) ;
#1012 = ADVANCED_FACE ( 'NONE', ( #2839 ), #1257, .F. ) ;
#1013 = DIRECTION ( 'NONE',  ( -1.000000000000000000, -7.228014483236696555E-16, 0.000000000000000000 ) ) ;
#1014 =( GEOMETRIC_REPRESENTATION_CONTEXT ( 3 ) GLOBAL_UNCERTAINTY_ASSIGNED_CONTEXT ( ( #1691 ) ) GLOBAL_UNIT_ASSIGNED_CONTEXT ( ( #167, #3498, #743 ) ) REPRESENTATION_CONTEXT ( 'NONE', 'WORKASPACE' ) );
#1015 =( GEOMETRIC_REPRESENTATION_CONTEXT ( 3 ) GLOBAL_UNCERTAINTY_ASSIGNED_CONTEXT ( ( #13 ) ) GLOBAL_UNIT_ASSIGNED_CONTEXT ( ( #2296, #2034, #2860 ) ) REPRESENTATION_CONTEXT ( 'NONE', 'WORKASPACE' ) );
#1016 = PLANE ( 'NONE',  #798 ) ;
#1017 =( NAMED_UNIT ( * ) SI_UNIT ( $, .STERADIAN. ) SOLID_ANGLE_UNIT ( ) );
#1018 = DIRECTION ( 'NONE',  ( 1.000000000000000000, 0.000000000000000000, 0.000000000000000000 ) ) ;
#1019 = AXIS2_PLACEMENT_3D ( 'NONE', #2009, #3431, #2042 ) ;
#1020 = EDGE_CURVE ( 'NONE', #2472, #686, #1898, .T. ) ;
#1021 = CARTESIAN_POINT ( 'NONE',  ( 0.4248788666902801325, -0.1719179331619905549, 0.9000000000000000222 ) ) ;
#1022 = VECTOR ( 'NONE', #1701, 1000.000000000000000 ) ;
#1023 = FILL_AREA_STYLE ('',( #1549 ) ) ;
#1024 = EDGE_CURVE ( 'NONE', #2069, #1730, #2985, .T. ) ;
#1025 = UNCERTAINTY_MEASURE_WITH_UNIT (LENGTH_MEASURE( 1.000000000000000082E-05 ), #247, 'distance_accuracy_value', 'NONE');
#1026 = DIRECTION ( 'NONE',  ( 0.000000000000000000, 0.000000000000000000, 1.000000000000000000 ) ) ;
#1027 = ORIENTED_EDGE ( 'NONE', *, *, #1362, .T. ) ;
#1028 = VERTEX_POINT ( 'NONE', #492 ) ;
#1029 = ORIENTED_EDGE ( 'NONE', *, *, #1735, .T. ) ;
#1030 = PLANE ( 'NONE',  #3144 ) ;
#1031 = CARTESIAN_POINT ( 'NONE',  ( -0.6007995028997513698, -0.4887174280381432756, 1.050000000000000044 ) ) ;
#1032 = DIRECTION ( 'NONE',  ( 1.000000000000000000, 0.000000000000000000, 0.000000000000000000 ) ) ;
#1033 = FACE_OUTER_BOUND ( 'NONE', #3177, .T. ) ;
#1034 = CARTESIAN_POINT ( 'NONE',  ( -0.4257995028997514364, -1.050000000000000044, 0.2000000000000000111 ) ) ;
#1035 = EDGE_CURVE ( 'NONE', #7, #978, #2146, .T. ) ;
#1036 = FACE_OUTER_BOUND ( 'NONE', #156, .T. ) ;
#1037 = LINE ( 'NONE', #1866, #1825 ) ;
#1038 = PLANE ( 'NONE',  #615 ) ;
#1039 =( GEOMETRIC_REPRESENTATION_CONTEXT ( 3 ) GLOBAL_UNCERTAINTY_ASSIGNED_CONTEXT ( ( #2288 ) ) GLOBAL_UNIT_ASSIGNED_CONTEXT ( ( #3558, #1853, #2171 ) ) REPRESENTATION_CONTEXT ( 'NONE', 'WORKASPACE' ) );
#1040 = CARTESIAN_POINT ( 'NONE',  ( 0.6007995028997513698, -0.7939223609342918042, 1.139013237535566159 ) ) ;
#1041 = EDGE_CURVE ( 'NONE', #2997, #119, #3536, .T. ) ;
#1042 = APPLICATION_CONTEXT ( 'automotive_design' ) ;
#1043 = SURFACE_STYLE_USAGE ( .BOTH. , #833 ) ;
#1044 = FILL_AREA_STYLE_COLOUR ( '', #3361 ) ;
#1045 = VERTEX_POINT ( 'NONE', #1034 ) ;
#1046 = VERTEX_POINT ( 'NONE', #2417 ) ;
#1047 =( LENGTH_UNIT ( ) NAMED_UNIT ( * ) SI_UNIT ( .MILLI., .METRE. ) );
#1048 = B_SPLINE_CURVE_WITH_KNOTS ( 'NONE', 1,
 ( #961, #2411 ),
 .UNSPECIFIED., .F., .F.,
 ( 2, 2 ),
 ( 0.000000000000000000, 1.000000000000000000 ),
 .UNSPECIFIED. ) ;
#1049 = CARTESIAN_POINT ( 'NONE',  ( 0.5757995028997514586, -0.4887174280381432756, 1.050000000000000044 ) ) ;
#1050 = ORIENTED_EDGE ( 'NONE', *, *, #438, .F. ) ;
#1051 = FILL_AREA_STYLE ('',( #2123 ) ) ;
#1052 = DIRECTION ( 'NONE',  ( 0.000000000000000000, 0.000000000000000000, 1.000000000000000000 ) ) ;
#1053 = CARTESIAN_POINT ( 'NONE',  ( 0.6007995028997513698, -0.4387174280381433422, 1.049999999999999822 ) ) ;
#1054 =( LENGTH_UNIT ( ) NAMED_UNIT ( * ) SI_UNIT ( .MILLI., .METRE. ) );
#1055 = CARTESIAN_POINT ( 'NONE',  ( -0.6007995028997513698, -0.4902636542577149537, 1.090902045940732368 ) ) ;
#1056 = DIRECTION ( 'NONE',  ( -1.000000000000000000, 0.000000000000000000, 0.000000000000000000 ) ) ;
#1057 = LINE ( 'NONE', #1436, #1964 ) ;
#1058 = VECTOR ( 'NONE', #1204, 1000.000000000000000 ) ;
#1059 = SURFACE_STYLE_USAGE ( .BOTH. , #2936 ) ;
#1060 = STYLED_ITEM ( 'NONE', ( #1009 ), #1677 ) ;
#1061 = PRESENTATION_STYLE_ASSIGNMENT (( #1909 ) ) ;
#1062 = ORIENTED_EDGE ( 'NONE', *, *, #2020, .T. ) ;
#1064 = FILL_AREA_STYLE ('',( #2475 ) ) ;
#1063 = MECHANICAL_DESIGN_GEOMETRIC_PRESENTATION_REPRESENTATION (  '', ( #314 ), #1524 ) ;
#1065 = SURFACE_STYLE_USAGE ( .BOTH. , #563 ) ;
#1066 = CARTESIAN_POINT ( 'NONE',  ( -0.6007995028997513698, -0.5402279655489612420, 1.139013237535566159 ) ) ;
#1067 = ORIENTED_EDGE ( 'NONE', *, *, #220, .F. ) ;
#1068 = CARTESIAN_POINT ( 'NONE',  ( -0.6007995028997513698, -0.4902636542577149537, 1.090902045940732368 ) ) ;
#1069 = CARTESIAN_POINT ( 'NONE',  ( 0.5757995028997514586, -0.7939223609342919152, 1.139013237535566159 ) ) ;
#1070 = ADVANCED_FACE ( 'NONE', ( #1845 ), #1203, .T. ) ;
#1071 = FILL_AREA_STYLE ('',( #877 ) ) ;
#1072 = VECTOR ( 'NONE', #3090, 1000.000000000000000 ) ;
#1073 = SURFACE_STYLE_USAGE ( .BOTH. , #3255 ) ;
#1074 = LINE ( 'NONE', #1650, #2695 ) ;
#1075 = DIRECTION ( 'NONE',  ( -0.000000000000000000, 0.000000000000000000, 1.000000000000000000 ) ) ;
#1076 = MECHANICAL_DESIGN_GEOMETRIC_PRESENTATION_REPRESENTATION (  '', ( #2257 ), #145 ) ;
#1077 = CARTESIAN_POINT ( 'NONE',  ( -0.5507995028997515474, -0.4887174280381432756, 1.050000000000000044 ) ) ;
#1078 = LINE ( 'NONE', #478, #1580 ) ;
#1079 = VECTOR ( 'NONE', #1312, 1000.000000000000000 ) ;
#1080 = COLOUR_RGB ( '',0.6470588235294117974, 0.6196078431372549211, 0.5882352941176470784 ) ;
#1081 = EDGE_CURVE ( 'NONE', #763, #1190, #2688, .T. ) ;
#1082 = VECTOR ( 'NONE', #2614, 1000.000000000000000 ) ;
#1083 =( GEOMETRIC_REPRESENTATION_CONTEXT ( 3 ) GLOBAL_UNCERTAINTY_ASSIGNED_CONTEXT ( ( #1465 ) ) GLOBAL_UNIT_ASSIGNED_CONTEXT ( ( #737, #2924, #772 ) ) REPRESENTATION_CONTEXT ( 'NONE', 'WORKASPACE' ) );
#1084 = ORIENTED_EDGE ( 'NONE', *, *, #1446, .F. ) ;
#1085 = CIRCLE ( 'NONE', #1200, 0.02499999999999995628 ) ;
#1086 = CARTESIAN_POINT ( 'NONE',  ( 0.5507995028997514364, -0.4913372246352309403, 1.119301011335299911 ) ) ;
#1087 = CARTESIAN_POINT ( 'NONE',  ( -0.5507995028997515474, -0.9439580496430451939, 0.1981111915948340907 ) ) ;
#1088 = CARTESIAN_POINT ( 'NONE',  ( 1.050000000000000044, 1.199999999999999956, -0.05000000000000000278 ) ) ;
#1089 = LINE ( 'NONE', #291, #968 ) ;
#1090 = SURFACE_STYLE_USAGE ( .BOTH. , #771 ) ;
#1091 = CARTESIAN_POINT ( 'NONE',  ( 0.6007995028997513698, -0.7920335525291262169, 1.188977548826812836 ) ) ;
#1092 = CARTESIAN_POINT ( 'NONE',  ( -0.5507995028997515474, -1.042780233878517260, 1.087327749385893272 ) ) ;
#1093 =( BOUNDED_CURVE ( )  B_SPLINE_CURVE ( 3, ( #2904, #753, #2377, #176 ),
 .UNSPECIFIED., .F., .F. ) 
 B_SPLINE_CURVE_WITH_KNOTS ( ( 4, 4 ),
 ( 0.000000000000000000, 1.000000000000000000 ),
 .UNSPECIFIED. ) 
 CURVE ( )  GEOMETRIC_REPRESENTATION_ITEM ( )  RATIONAL_B_SPLINE_CURVE ( ( 1.000000000000000000, 0.8135592450094720762, 0.8135592450094720762, 1.000000000000000000 ) ) 
 REPRESENTATION_ITEM ( '' )  );
#1094 = DIRECTION ( 'NONE',  ( -1.000000000000000000, 0.000000000000000000, 0.000000000000000000 ) ) ;
#1095 = SURFACE_SIDE_STYLE ('',( #1634 ) ) ;
#1096 = ADVANCED_FACE ( 'NONE', ( #1415 ), #2525, .F. ) ;
#1097 = DIRECTION ( 'NONE',  ( -0.000000000000000000, -0.000000000000000000, -1.000000000000000000 ) ) ;
#1098 = FILL_AREA_STYLE_COLOUR ( '', #1348 ) ;
#1099 = FACE_OUTER_BOUND ( 'NONE', #1624, .T. ) ;
#1100 = LINE ( 'NONE', #1657, #3108 ) ;
#1101 =( NAMED_UNIT ( * ) PLANE_ANGLE_UNIT ( ) SI_UNIT ( $, .RADIAN. ) );
#1102 = EDGE_LOOP ( 'NONE', ( #1438, #2701, #154, #3349 ) ) ;
#1103 = CARTESIAN_POINT ( 'NONE',  ( -0.6007995028997513698, -0.7939223609342918042, 1.139013237535566159 ) ) ;
#1104 = LINE ( 'NONE', #3350, #1694 ) ;
#1105 = SURFACE_SIDE_STYLE ('',( #3594 ) ) ;
#1106 =( NAMED_UNIT ( * ) SI_UNIT ( $, .STERADIAN. ) SOLID_ANGLE_UNIT ( ) );
#1107 = CARTESIAN_POINT ( 'NONE',  ( -0.5507995028997515474, -0.7920335525291262169, 1.188977548826812836 ) ) ;
#1108 =( NAMED_UNIT ( * ) SI_UNIT ( $, .STERADIAN. ) SOLID_ANGLE_UNIT ( ) );
#1109 = CARTESIAN_POINT ( 'NONE',  ( 0.6007995028997513698, -0.9939223609342915378, 0.9390132375355652039 ) ) ;
#1110 = DIRECTION ( 'NONE',  ( -1.000000000000000000, 0.000000000000000000, 0.000000000000000000 ) ) ;
#1111 = DIRECTION ( 'NONE',  ( 1.000000000000000000, 0.000000000000000000, 0.000000000000000000 ) ) ;
#1112 = STYLED_ITEM ( 'NONE', ( #1874 ), #1942 ) ;
#1113 = CARTESIAN_POINT ( 'NONE',  ( 0.5757995028997514586, -0.5402279655489612420, 1.139013237535566159 ) ) ;
#1114 = DIRECTION ( 'NONE',  ( -1.000000000000000000, -0.000000000000000000, -0.000000000000000000 ) ) ;
#1115 = PRESENTATION_LAYER_ASSIGNMENT (  '', '', ( #1230 ) ) ;
#1116 = ADVANCED_FACE ( 'NONE', ( #35 ), #1734, .T. ) ;
#1117 = PRESENTATION_LAYER_ASSIGNMENT (  '', '', ( #366 ) ) ;
#1118 = CARTESIAN_POINT ( 'NONE',  ( 0.6007995028997513698, -0.5387174280381431535, 1.049999999999999822 ) ) ;
#1119 = ORIENTED_EDGE ( 'NONE', *, *, #2619, .T. ) ;
#1120 =( GEOMETRIC_REPRESENTATION_CONTEXT ( 3 ) GLOBAL_UNCERTAINTY_ASSIGNED_CONTEXT ( ( #1566 ) ) GLOBAL_UNIT_ASSIGNED_CONTEXT ( ( #1859, #981, #1876 ) ) REPRESENTATION_CONTEXT ( 'NONE', 'WORKASPACE' ) );
#1121 = CARTESIAN_POINT ( 'NONE',  ( -0.5507995028997515474, -0.5421167739541271624, 1.089048926244319704 ) ) ;
#1122 = CARTESIAN_POINT ( 'NONE',  ( -0.5507995028997515474, -0.9939223609342915378, 0.9390132375355652039 ) ) ;
#1123 = EDGE_LOOP ( 'NONE', ( #1195, #1196, #1394, #2138 ) ) ;
#1124 = DIRECTION ( 'NONE',  ( 1.000000000000000000, 7.228014483236699514E-16, -0.000000000000000000 ) ) ;
#1125 = CARTESIAN_POINT ( 'NONE',  ( 0.6007995028997513698, -0.5402279655489612420, 1.139013237535566159 ) ) ;
#1126 = CARTESIAN_POINT ( 'NONE',  ( 0.6007995028997513698, -0.8837000409450584959, 1.087942487897297417 ) ) ;
#1127 = VECTOR ( 'NONE', #1658, 1000.000000000000000 ) ;
#1128 = EDGE_CURVE ( 'NONE', #1569, #3430, #3432, .T. ) ;
#1129 = SURFACE_SIDE_STYLE ('',( #1920 ) ) ;
#1130 = FILL_AREA_STYLE ('',( #2017 ) ) ;
#1131 = CARTESIAN_POINT ( 'NONE',  ( -0.5507995028997514364, -0.9110796484596737077, 1.139013237535566159 ) ) ;
#1132 = STYLED_ITEM ( 'NONE', ( #22 ), #711 ) ;
#1133 =( GEOMETRIC_REPRESENTATION_CONTEXT ( 3 ) GLOBAL_UNCERTAINTY_ASSIGNED_CONTEXT ( ( #865 ) ) GLOBAL_UNIT_ASSIGNED_CONTEXT ( ( #606, #2091, #2268 ) ) REPRESENTATION_CONTEXT ( 'NONE', 'WORKASPACE' ) );
#1134 = AXIS2_PLACEMENT_3D ( 'NONE', #2487, #311, #3319 ) ;
#1135 = ADVANCED_FACE ( 'NONE', ( #2307 ), #1198, .F. ) ;
#1136 = ORIENTED_EDGE ( 'NONE', *, *, #1671, .T. ) ;
#1137 =( GEOMETRIC_REPRESENTATION_CONTEXT ( 3 ) GLOBAL_UNCERTAINTY_ASSIGNED_CONTEXT ( ( #351 ) ) GLOBAL_UNIT_ASSIGNED_CONTEXT ( ( #419, #141, #715 ) ) REPRESENTATION_CONTEXT ( 'NONE', 'WORKASPACE' ) );
#1138 = AXIS2_PLACEMENT_3D ( 'NONE', #422, #2400, #3478 ) ;
#1139 = EDGE_CURVE ( 'NONE', #2472, #1913, #2084, .T. ) ;
#1140 = ORIENTED_EDGE ( 'NONE', *, *, #2048, .F. ) ;
#1141 = DIRECTION ( 'NONE',  ( -0.000000000000000000, -0.000000000000000000, 1.000000000000000000 ) ) ;
#1142 = PRESENTATION_LAYER_ASSIGNMENT (  '', '', ( #2710 ) ) ;
#1143 = CARTESIAN_POINT ( 'NONE',  ( -0.6007995028997513698, -0.7939223609342919152, 1.139013237535566603 ) ) ;
#1144 = DIRECTION ( 'NONE',  ( 0.000000000000000000, -1.000000000000000000, 0.000000000000000000 ) ) ;
#1145 = MECHANICAL_DESIGN_GEOMETRIC_PRESENTATION_REPRESENTATION (  '', ( #683 ), #997 ) ;
#1146 = UNCERTAINTY_MEASURE_WITH_UNIT (LENGTH_MEASURE( 1.000000000000000082E-05 ), #473, 'distance_accuracy_value', 'NONE');
#1147 =( NAMED_UNIT ( * ) SI_UNIT ( $, .STERADIAN. ) SOLID_ANGLE_UNIT ( ) );
#1148 = CARTESIAN_POINT ( 'NONE',  ( 0.6007995028997513698, -0.4815209414277053512, 1.187903978449296849 ) ) ;
#1149 =( NAMED_UNIT ( * ) PLANE_ANGLE_UNIT ( ) SI_UNIT ( $, .RADIAN. ) );
#1150 = DIRECTION ( 'NONE',  ( 0.000000000000000000, -0.9992862258249284313, 0.03777616810331912295 ) ) ;
#1151 = ORIENTED_EDGE ( 'NONE', *, *, #2280, .F. ) ;
#1152 = SURFACE_STYLE_FILL_AREA ( #1747 ) ;
#1153 = UNCERTAINTY_MEASURE_WITH_UNIT (LENGTH_MEASURE( 1.000000000000000082E-05 ), #1318, 'distance_accuracy_value', 'NONE');
#1154 = FACE_OUTER_BOUND ( 'NONE', #3157, .T. ) ;
#1155 = VERTEX_POINT ( 'NONE', #2323 ) ;
#1156 = EDGE_CURVE ( 'NONE', #210, #686, #2597, .T. ) ;
#1157 = MECHANICAL_DESIGN_GEOMETRIC_PRESENTATION_REPRESENTATION (  '', ( #3359 ), #170 ) ;
#1158 = DIRECTION ( 'NONE',  ( 0.000000000000000000, 0.000000000000000000, 1.000000000000000000 ) ) ;
#1159 = VECTOR ( 'NONE', #3297, 1000.000000000000000 ) ;
#1160 = SURFACE_SIDE_STYLE ('',( #120 ) ) ;
#1161 =( NAMED_UNIT ( * ) SI_UNIT ( $, .STERADIAN. ) SOLID_ANGLE_UNIT ( ) );
#1162 = CARTESIAN_POINT ( 'NONE',  ( 0.6007995028997513698, -0.5421167739541268293, 1.089048926244320148 ) ) ;
#1163 = CARTESIAN_POINT ( 'NONE',  ( 0.5507995028997515474, -0.5402636542577144985, 1.090902045940732590 ) ) ;
#1164 = CARTESIAN_POINT ( 'NONE',  ( -0.6007995028997513698, -0.5402279655489612420, 1.139013237535566159 ) ) ;
#1165 = SURFACE_STYLE_USAGE ( .BOTH. , #70 ) ;
#1166 = ORIENTED_EDGE ( 'NONE', *, *, #227, .T. ) ;
#1167 =( LENGTH_UNIT ( ) NAMED_UNIT ( * ) SI_UNIT ( .MILLI., .METRE. ) );
#1168 =( GEOMETRIC_REPRESENTATION_CONTEXT ( 3 ) GLOBAL_UNCERTAINTY_ASSIGNED_CONTEXT ( ( #2095 ) ) GLOBAL_UNIT_ASSIGNED_CONTEXT ( ( #1682, #2496, #1397 ) ) REPRESENTATION_CONTEXT ( 'NONE', 'WORKASPACE' ) );
#1169 = ORIENTED_EDGE ( 'NONE', *, *, #2280, .T. ) ;
#1170 = STYLED_ITEM ( 'NONE', ( #871 ), #1350 ) ;
#1171 = ORIENTED_EDGE ( 'NONE', *, *, #2763, .T. ) ;
#1172 = ADVANCED_FACE ( 'NONE', ( #3181 ), #1757, .F. ) ;
#1173 = ORIENTED_EDGE ( 'NONE', *, *, #1469, .T. ) ;
#1174 = AXIS2_PLACEMENT_3D ( 'NONE', #3070, #3285, #1630 ) ;
#1175 = UNCERTAINTY_MEASURE_WITH_UNIT (LENGTH_MEASURE( 1.000000000000000082E-05 ), #665, 'distance_accuracy_value', 'NONE');
#1176 =( NAMED_UNIT ( * ) SI_UNIT ( $, .STERADIAN. ) SOLID_ANGLE_UNIT ( ) );
#1177 = CARTESIAN_POINT ( 'NONE',  ( 0.7000000000000000666, 1.199999999999999956, -0.05000000000000000278 ) ) ;
#1178 = FILL_AREA_STYLE_COLOUR ( '', #479 ) ;
#1179 =( GEOMETRIC_REPRESENTATION_CONTEXT ( 3 ) GLOBAL_UNCERTAINTY_ASSIGNED_CONTEXT ( ( #1153 ) ) GLOBAL_UNIT_ASSIGNED_CONTEXT ( ( #1318, #2077, #1793 ) ) REPRESENTATION_CONTEXT ( 'NONE', 'WORKASPACE' ) );
#1180 = EDGE_CURVE ( 'NONE', #2082, #1299, #3512, .T. ) ;
#1181 = LINE ( 'NONE', #1491, #2317 ) ;
#1182 = DIRECTION ( 'NONE',  ( -1.000000000000000000, 0.000000000000000000, 0.000000000000000000 ) ) ;
#1183 = PRESENTATION_LAYER_ASSIGNMENT (  '', '', ( #2806 ) ) ;
#1184 = CARTESIAN_POINT ( 'NONE',  ( -0.6007995028997513698, -0.9939223609342915378, 0.9390132375355650929 ) ) ;
#1185 =( NAMED_UNIT ( * ) SI_UNIT ( $, .STERADIAN. ) SOLID_ANGLE_UNIT ( ) );
#1186 =( GEOMETRIC_REPRESENTATION_CONTEXT ( 3 ) GLOBAL_UNCERTAINTY_ASSIGNED_CONTEXT ( ( #2110 ) ) GLOBAL_UNIT_ASSIGNED_CONTEXT ( ( #2104, #3566, #2144 ) ) REPRESENTATION_CONTEXT ( 'NONE', 'WORKASPACE' ) );
#1187 = PRODUCT_DEFINITION_CONTEXT ( 'detailed design', #1042, 'design' ) ;
#1188 = LINE ( 'NONE', #3411, #841 ) ;
#1189 = AXIS2_PLACEMENT_3D ( 'NONE', #2495, #853, #783 ) ;
#1190 = VERTEX_POINT ( 'NONE', #1322 ) ;
#1191 =( GEOMETRIC_REPRESENTATION_CONTEXT ( 3 ) GLOBAL_UNCERTAINTY_ASSIGNED_CONTEXT ( ( #1648 ) ) GLOBAL_UNIT_ASSIGNED_CONTEXT ( ( #2491, #171, #2405 ) ) REPRESENTATION_CONTEXT ( 'NONE', 'WORKASPACE' ) );
#1192 = ADVANCED_FACE ( 'NONE', ( #3197 ), #2979, .T. ) ;
#1193 = PLANE ( 'NONE',  #905 ) ;
#1194 = SURFACE_STYLE_FILL_AREA ( #2593 ) ;
#1195 = ORIENTED_EDGE ( 'NONE', *, *, #2578, .T. ) ;
#1196 = ORIENTED_EDGE ( 'NONE', *, *, #114, .T. ) ;
#1197 = DIRECTION ( 'NONE',  ( -0.000000000000000000, -0.000000000000000000, -1.000000000000000000 ) ) ;
#1198 = PLANE ( 'NONE',  #2024 ) ;
#1199 = PRESENTATION_STYLE_ASSIGNMENT (( #1232 ) ) ;
#1200 = AXIS2_PLACEMENT_3D ( 'NONE', #2574, #1197, #3141 ) ;
#1201 = AXIS2_PLACEMENT_3D ( 'NONE', #654, #1450, #1235 ) ;
#1202 = CARTESIAN_POINT ( 'NONE',  ( 0.6007995028997513698, -0.9439580496430451939, 0.1981111915948340907 ) ) ;
#1203 =( BOUNDED_SURFACE ( )  B_SPLINE_SURFACE ( 3, 1, ( 
 ( #1345, #163 ),
 ( #461, #2163 ),
 ( #1560, #1053 ),
 ( #179, #2105 ),
 ( #3253, #3198 ),
 ( #2669, #1541 ),
 ( #3266, #1293 ) ),
 .UNSPECIFIED., .T., .F., .F. ) 
 B_SPLINE_SURFACE_WITH_KNOTS ( ( 4, 3, 4 ),
 ( 2, 2 ),
 ( 0.000000000000000000, 0.5000000000000000000, 1.000000000000000000 ),
 ( 0.000000000000000000, 1.000000000000000000 ),
 .UNSPECIFIED. ) 
 GEOMETRIC_REPRESENTATION_ITEM ( )  RATIONAL_B_SPLINE_SURFACE ( (
 ( 1.000000000000000000, 1.000000000000000000),
 ( 0.3333333333333333703, 0.3333333333333333703),
 ( 0.3333333333333333703, 0.3333333333333333703),
 ( 1.000000000000000000, 1.000000000000000000),
 ( 0.3333333333333333703, 0.3333333333333333703),
 ( 0.3333333333333333703, 0.3333333333333333703),
 ( 1.000000000000000000, 1.000000000000000000) ) ) 
 REPRESENTATION_ITEM ( '' )  SURFACE ( )  );
#1204 = DIRECTION ( 'NONE',  ( 1.000000000000000000, -0.000000000000000000, -0.000000000000000000 ) ) ;
#1205 = DIRECTION ( 'NONE',  ( -1.000000000000000000, 0.000000000000000000, 0.000000000000000000 ) ) ;
#1206 = CARTESIAN_POINT ( 'NONE',  ( -0.5507995028997515474, -0.4902636542577143985, 1.090902045940732146 ) ) ;
#1207 = EDGE_LOOP ( 'NONE', ( #2428, #2606, #2939, #765 ) ) ;
#1208 = CARTESIAN_POINT ( 'NONE',  ( 0.5507995028997515474, -0.5402279655489612420, 1.139013237535566159 ) ) ;
#1209 = CARTESIAN_POINT ( 'NONE',  ( -1.100000000000000311, -1.250000000000000222, 0.2000000000000000111 ) ) ;
#1210 = ORIENTED_EDGE ( 'NONE', *, *, #1180, .T. ) ;
#1211 = SURFACE_SIDE_STYLE ('',( #2303 ) ) ;
#1212 = ORIENTED_EDGE ( 'NONE', *, *, #1495, .T. ) ;
#1213 = EDGE_LOOP ( 'NONE', ( #1463, #2208, #3485, #2232 ) ) ;
#1214 = CARTESIAN_POINT ( 'NONE',  ( -0.6007995028997513698, -0.4887174280381432756, 1.050000000000000044 ) ) ;
#1215 = PRESENTATION_STYLE_ASSIGNMENT (( #1778 ) ) ;
#1216 = CARTESIAN_POINT ( 'NONE',  ( 1.100000000000000311, 1.250000000000000000, 0.2000000000000000111 ) ) ;
#1217 = PRESENTATION_LAYER_ASSIGNMENT (  '', '', ( #2093 ) ) ;
#1218 = CARTESIAN_POINT ( 'NONE',  ( 0.5507995028997514364, -0.4913372246352309403, 1.119301011335299911 ) ) ;
#1219 = FILL_AREA_STYLE_COLOUR ( '', #185 ) ;
#1220 = CARTESIAN_POINT ( 'NONE',  ( 0.6007995028997513698, -0.9939223609342915378, 0.2000000000000000944 ) ) ;
#1221 = CARTESIAN_POINT ( 'NONE',  ( 0.6007995028997513698, -0.9384592559742888085, 1.190083987173834235 ) ) ;
#1222 = ORIENTED_EDGE ( 'NONE', *, *, #974, .F. ) ;
#1223 = CARTESIAN_POINT ( 'NONE',  ( -0.6007995028997513698, -0.9384592559742888085, 1.190083987173834235 ) ) ;
#1224 =( BOUNDED_CURVE ( )  B_SPLINE_CURVE ( 3, ( #2612, #2066, #418, #897 ),
 .UNSPECIFIED., .F., .F. ) 
 B_SPLINE_CURVE_WITH_KNOTS ( ( 4, 4 ),
 ( 0.000000000000000000, 1.000000000000000000 ),
 .UNSPECIFIED. ) 
 CURVE ( )  GEOMETRIC_REPRESENTATION_ITEM ( )  RATIONAL_B_SPLINE_CURVE ( ( 1.000000000000000000, 0.8047378541243631611, 0.8047378541243631611, 1.000000000000000000 ) ) 
 REPRESENTATION_ITEM ( '' )  );
#1225 = VERTEX_POINT ( 'NONE', #1031 ) ;
#1226 = DIRECTION ( 'NONE',  ( 1.000000000000000000, 0.000000000000000000, 0.000000000000000000 ) ) ;
#1227 = CARTESIAN_POINT ( 'NONE',  ( 0.5507995028997515474, -0.7939223609342918042, 1.139013237535566159 ) ) ;
#1228 = ORIENTED_EDGE ( 'NONE', *, *, #497, .T. ) ;
#1229 = ORIENTED_EDGE ( 'NONE', *, *, #1666, .F. ) ;
#1230 = STYLED_ITEM ( 'NONE', ( #89 ), #1444 ) ;
#1231 = DIRECTION ( 'NONE',  ( -1.000000000000000000, -0.000000000000000000, -0.000000000000000000 ) ) ;
#1232 = SURFACE_STYLE_USAGE ( .BOTH. , #1502 ) ;
#1233 = PRESENTATION_LAYER_ASSIGNMENT (  '', '', ( #1060 ) ) ;
#1234 = FILL_AREA_STYLE ('',( #995 ) ) ;
#1235 = DIRECTION ( 'NONE',  ( 1.000000000000000000, 0.000000000000000000, 0.000000000000000000 ) ) ;
#1236 = FACE_OUTER_BOUND ( 'NONE', #3175, .T. ) ;
#1237 = LINE ( 'NONE', #2859, #2433 ) ;
#1238 = CARTESIAN_POINT ( 'NONE',  ( -0.6007995028997514808, -0.9939223609342927590, 1.056170525060946552 ) ) ;
#1239 = EDGE_CURVE ( 'NONE', #938, #1910, #646, .T. ) ;
#1240 = STYLED_ITEM ( 'NONE', ( #3424 ), #3186 ) ;
#1241 = CARTESIAN_POINT ( 'NONE',  ( -0.9000000000000006883, 1.049999999999999822, 0.9000000000000000222 ) ) ;
#1242 = CIRCLE ( 'NONE', #2425, 0.02499999999999995628 ) ;
#1243 = VERTEX_POINT ( 'NONE', #2685 ) ;
#1244 =( NAMED_UNIT ( * ) PLANE_ANGLE_UNIT ( ) SI_UNIT ( $, .RADIAN. ) );
#1245 = DIRECTION ( 'NONE',  ( 1.000000000000000000, 6.532538464707945869E-16, -0.000000000000000000 ) ) ;
#1246 = ORIENTED_EDGE ( 'NONE', *, *, #1180, .F. ) ;
#1247 = ADVANCED_FACE ( 'NONE', ( #2100 ), #472, .T. ) ;
#1248 = ORIENTED_EDGE ( 'NONE', *, *, #2900, .F. ) ;
#1249 = COLOUR_RGB ( '',0.6470588235294117974, 0.6196078431372549211, 0.5882352941176470784 ) ;
#1250 = CARTESIAN_POINT ( 'NONE',  ( 0.000000000000000000, 0.000000000000000000, 0.1500000000000000222 ) ) ;
#1251 = DIRECTION ( 'NONE',  ( -0.000000000000000000, 0.000000000000000000, -1.000000000000000000 ) ) ;
#1252 =( NAMED_UNIT ( * ) PLANE_ANGLE_UNIT ( ) SI_UNIT ( $, .RADIAN. ) );
#1253 = VECTOR ( 'NONE', #1411, 1000.000000000000000 ) ;
#1254 = STYLED_ITEM ( 'NONE', ( #3055 ), #878 ) ;
#1255 = CARTESIAN_POINT ( 'NONE',  ( -0.5507995028997515474, -0.7939223609342919152, 1.139013237535566603 ) ) ;
#1256 = PRESENTATION_LAYER_ASSIGNMENT (  '', '', ( #2998 ) ) ;
#1257 = PLANE ( 'NONE',  #616 ) ;
#1258 = AXIS2_PLACEMENT_3D ( 'NONE', #1277, #3219, #985 ) ;
#1259 = DIRECTION ( 'NONE',  ( 1.000000000000000000, 0.000000000000000000, 0.000000000000000000 ) ) ;
#1260 = AXIS2_PLACEMENT_3D ( 'NONE', #2579, #2065, #3111 ) ;
#1261 = CIRCLE ( 'NONE', #3000, 0.1000000000000006994 ) ;
#1262 = CARTESIAN_POINT ( 'NONE',  ( 0.5507995028997515474, -0.7920335525291262169, 1.188977548826812836 ) ) ;
#1263 = FACE_OUTER_BOUND ( 'NONE', #1889, .T. ) ;
#1264 = CARTESIAN_POINT ( 'NONE',  ( -0.5507995028997515474, -0.9939223609342915378, 0.2000000000000000944 ) ) ;
#1265 = CARTESIAN_POINT ( 'NONE',  ( 0.7499999999999995559, 1.000000000000000000, 0.9499999999999999556 ) ) ;
#1266 = B_SPLINE_CURVE_WITH_KNOTS ( 'NONE', 1,
 ( #1143, #2252 ),
 .UNSPECIFIED., .F., .F.,
 ( 2, 2 ),
 ( 0.000000000000000000, 1.000000000000000000 ),
 .UNSPECIFIED. ) ;
#1267 = VERTEX_POINT ( 'NONE', #2376 ) ;
#1268 = EDGE_LOOP ( 'NONE', ( #1681, #1246, #3389, #3507 ) ) ;
#1269 = ORIENTED_EDGE ( 'NONE', *, *, #3445, .T. ) ;
#1270 = VERTEX_POINT ( 'NONE', #784 ) ;
#1271 = CARTESIAN_POINT ( 'NONE',  ( -1.100000000000000311, -1.250000000000000222, 0.2000000000000000111 ) ) ;
#1272 = CARTESIAN_POINT ( 'NONE',  ( -0.6007995028997513698, -0.5402279655489612420, 1.139013237535566159 ) ) ;
#1273 = CARTESIAN_POINT ( 'NONE',  ( -0.6007995028997513698, -0.5421167739541268293, 1.089048926244320148 ) ) ;
#1274 = CARTESIAN_POINT ( 'NONE',  ( 0.5507995028997515474, -0.5421167739541268293, 1.089048926244320148 ) ) ;
#1275 = CARTESIAN_POINT ( 'NONE',  ( 0.5507995028997515474, -0.4902636542577147316, 1.090902045940727927 ) ) ;
#1276 = CARTESIAN_POINT ( 'NONE',  ( 0.5507995028997515474, -0.9439580496430451939, 0.9371244291303990614 ) ) ;
#1277 = CARTESIAN_POINT ( 'NONE',  ( -0.7257995028997513698, -1.050000000000000044, 0.1500000000000000222 ) ) ;
#1278 = CARTESIAN_POINT ( 'NONE',  ( -0.5507995028997515474, -0.9439580496430451939, 0.9371244291303990614 ) ) ;
#1279 = PRESENTATION_STYLE_ASSIGNMENT (( #1001 ) ) ;
#1280 = UNCERTAINTY_MEASURE_WITH_UNIT (LENGTH_MEASURE( 1.000000000000000082E-05 ), #631, 'distance_accuracy_value', 'NONE');
#1281 =( LENGTH_UNIT ( ) NAMED_UNIT ( * ) SI_UNIT ( .MILLI., .METRE. ) );
#1282 = ORIENTED_EDGE ( 'NONE', *, *, #3445, .F. ) ;
#1283 = EDGE_CURVE ( 'NONE', #3545, #2038, #1893, .T. ) ;
#1284 = ORIENTED_EDGE ( 'NONE', *, *, #494, .T. ) ;
#1285 = ORIENTED_EDGE ( 'NONE', *, *, #2843, .T. ) ;
#1286 =( NAMED_UNIT ( * ) PLANE_ANGLE_UNIT ( ) SI_UNIT ( $, .RADIAN. ) );
#1287 = SURFACE_STYLE_USAGE ( .BOTH. , #2705 ) ;
#1288 = DIRECTION ( 'NONE',  ( 1.000000000000000000, 1.445602896647339903E-16, 0.000000000000000000 ) ) ;
#1289 = CARTESIAN_POINT ( 'NONE',  ( -0.6007995028997513698, -0.4913372246352309403, 1.119301011335299911 ) ) ;
#1290 = EDGE_CURVE ( 'NONE', #1717, #1006, #485, .T. ) ;
#1291 = CARTESIAN_POINT ( 'NONE',  ( -0.5507995028997515474, -0.9939223609342915378, 0.2000000000000000944 ) ) ;
#1292 =( GEOMETRIC_REPRESENTATION_CONTEXT ( 3 ) GLOBAL_UNCERTAINTY_ASSIGNED_CONTEXT ( ( #3469 ) ) GLOBAL_UNIT_ASSIGNED_CONTEXT ( ( #2327, #946, #1472 ) ) REPRESENTATION_CONTEXT ( 'NONE', 'WORKASPACE' ) );
#1293 = CARTESIAN_POINT ( 'NONE',  ( 0.5507995028997515474, -0.4887174280381432756, 1.050000000000000044 ) ) ;
#1294 = COLOUR_RGB ( '',0.6470588235294117974, 0.6196078431372549211, 0.5882352941176470784 ) ;
#1295 = EDGE_CURVE ( 'NONE', #1267, #396, #158, .T. ) ;
#1296 =( NAMED_UNIT ( * ) PLANE_ANGLE_UNIT ( ) SI_UNIT ( $, .RADIAN. ) );
#1297 = CIRCLE ( 'NONE', #187, 0.02499999999999995628 ) ;
#1298 = ORIENTED_EDGE ( 'NONE', *, *, #3509, .F. ) ;
#1299 = VERTEX_POINT ( 'NONE', #1396 ) ;
#1300 = ORIENTED_EDGE ( 'NONE', *, *, #1452, .T. ) ;
#1301 = EDGE_CURVE ( 'NONE', #230, #689, #1104, .T. ) ;
#1302 = DIRECTION ( 'NONE',  ( -1.000000000000000000, 0.000000000000000000, 0.000000000000000000 ) ) ;
#1303 = CARTESIAN_POINT ( 'NONE',  ( 0.7499999999999995559, 1.000000000000000000, 0.9499999999999999556 ) ) ;
#1304 = CARTESIAN_POINT ( 'NONE',  ( -0.6007995028997513698, -0.4413372246352302852, 1.147720261656822283 ) ) ;
#1305 = CARTESIAN_POINT ( 'NONE',  ( -0.7000000000000000666, 1.199999999999999956, -0.05000000000000000278 ) ) ;
#1306 = AXIS2_PLACEMENT_3D ( 'NONE', #2370, #1770, #3193 ) ;
#1307 = DIRECTION ( 'NONE',  ( 0.000000000000000000, -0.000000000000000000, 1.000000000000000000 ) ) ;
#1308 = FILL_AREA_STYLE_COLOUR ( '', #940 ) ;
#1309 = AXIS2_PLACEMENT_3D ( 'NONE', #701, #1442, #425 ) ;
#1310 = PRESENTATION_LAYER_ASSIGNMENT (  '', '', ( #3527 ) ) ;
#1311 = FILL_AREA_STYLE_COLOUR ( '', #3403 ) ;
#1312 = DIRECTION ( 'NONE',  ( -0.000000000000000000, -0.000000000000000000, 1.000000000000000000 ) ) ;
#1313 = DIRECTION ( 'NONE',  ( -0.000000000000000000, 1.000000000000000000, -0.000000000000000000 ) ) ;
#1314 = EDGE_CURVE ( 'NONE', #410, #452, #837, .T. ) ;
#1315 = COLOUR_RGB ( '',0.6470588235294117974, 0.6196078431372549211, 0.5882352941176470784 ) ;
#1316 = COLOUR_RGB ( '',0.2980392156862745057, 0.2980392156862745057, 0.2980392156862745057 ) ;
#1317 = UNCERTAINTY_MEASURE_WITH_UNIT (LENGTH_MEASURE( 1.000000000000000082E-05 ), #1054, 'distance_accuracy_value', 'NONE');
#1318 =( LENGTH_UNIT ( ) NAMED_UNIT ( * ) SI_UNIT ( .MILLI., .METRE. ) );
#1319 = ORIENTED_EDGE ( 'NONE', *, *, #1711, .T. ) ;
#1320 = ORIENTED_EDGE ( 'NONE', *, *, #2217, .T. ) ;
#1321 = SURFACE_STYLE_USAGE ( .BOTH. , #1927 ) ;
#1322 = CARTESIAN_POINT ( 'NONE',  ( 0.8499999999999996447, 0.9000000000000000222, 0.9000000000000000222 ) ) ;
#1323 = SURFACE_STYLE_USAGE ( .BOTH. , #1517 ) ;
#1324 =( NAMED_UNIT ( * ) SI_UNIT ( $, .STERADIAN. ) SOLID_ANGLE_UNIT ( ) );
#1325 =( NAMED_UNIT ( * ) PLANE_ANGLE_UNIT ( ) SI_UNIT ( $, .RADIAN. ) );
#1326 = PRESENTATION_LAYER_ASSIGNMENT (  '', '', ( #2605 ) ) ;
#1327 = CARTESIAN_POINT ( 'NONE',  ( -0.9000000000000006883, 1.049999999999999822, 0.9000000000000000222 ) ) ;
#1328 = SURFACE_SIDE_STYLE ('',( #2465 ) ) ;
#1329 = FACE_OUTER_BOUND ( 'NONE', #2737, .T. ) ;
#1330 = CARTESIAN_POINT ( 'NONE',  ( -0.7257995028997513698, -1.050000000000000044, 0.2000000000000000111 ) ) ;
#1331 = DIRECTION ( 'NONE',  ( 1.000000000000000000, 0.000000000000000000, 0.000000000000000000 ) ) ;
#1332 = PRODUCT ( 'SFH 2705', 'SFH 2705', '', ( #238 ) ) ;
#1333 = STYLED_ITEM ( 'NONE', ( #481 ), #275 ) ;
#1334 = VECTOR ( 'NONE', #1124, 1000.000000000000000 ) ;
#1335 = CARTESIAN_POINT ( 'NONE',  ( 0.5507995028997515474, -0.4887174280381432756, 1.050000000000000044 ) ) ;
#1336 = PRESENTATION_STYLE_ASSIGNMENT (( #229 ) ) ;
#1337 = ORIENTED_EDGE ( 'NONE', *, *, #3288, .F. ) ;
#1338 = EDGE_CURVE ( 'NONE', #628, #3245, #3337, .T. ) ;
#1339 = SURFACE_STYLE_FILL_AREA ( #2188 ) ;
#1340 = FACE_OUTER_BOUND ( 'NONE', #2956, .T. ) ;
#1341 = CARTESIAN_POINT ( 'NONE',  ( 0.7257995028997515918, -1.050000000000000044, 0.1500000000000000222 ) ) ;
#1342 = EDGE_LOOP ( 'NONE', ( #2429, #1873, #1514, #3210 ) ) ;
#1343 = LINE ( 'NONE', #2743, #2490 ) ;
#1344 = SHAPE_DEFINITION_REPRESENTATION ( #789, #2849 ) ;
#1345 = CARTESIAN_POINT ( 'NONE',  ( 0.5507995028997515474, -0.4902636542577143985, 1.090902045940732146 ) ) ;
#1346 =( BOUNDED_SURFACE ( )  B_SPLINE_SURFACE ( 3, 1, ( 
 ( #3305, #281 ),
 ( #2787, #2546 ),
 ( #2279, #313 ),
 ( #587, #1164 ),
 ( #3037, #1922 ),
 ( #3093, #1372 ),
 ( #531, #3075 ) ),
 .UNSPECIFIED., .T., .F., .F. ) 
 B_SPLINE_SURFACE_WITH_KNOTS ( ( 4, 3, 4 ),
 ( 2, 2 ),
 ( 0.000000000000000000, 0.5000000000000000000, 1.000000000000000000 ),
 ( 0.000000000000000000, 1.000000000000000000 ),
 .UNSPECIFIED. ) 
 GEOMETRIC_REPRESENTATION_ITEM ( )  RATIONAL_B_SPLINE_SURFACE ( (
 ( 1.000000000000000000, 1.000000000000000000),
 ( 0.3333333333333333703, 0.3333333333333333703),
 ( 0.3333333333333333703, 0.3333333333333333703),
 ( 1.000000000000000000, 1.000000000000000000),
 ( 0.3333333333333333703, 0.3333333333333333703),
 ( 0.3333333333333333703, 0.3333333333333333703),
 ( 1.000000000000000000, 1.000000000000000000) ) ) 
 REPRESENTATION_ITEM ( '' )  SURFACE ( )  );
#1347 = CARTESIAN_POINT ( 'NONE',  ( -0.5507995028997515474, -0.4413372246352302852, 1.147720261656822283 ) ) ;
#1348 = COLOUR_RGB ( '',0.2980392156862745057, 0.2980392156862745057, 0.2980392156862745057 ) ;
#1349 =( NAMED_UNIT ( * ) SI_UNIT ( $, .STERADIAN. ) SOLID_ANGLE_UNIT ( ) );
#1350 = ADVANCED_FACE ( 'NONE', ( #1340 ), #233, .F. ) ;
#1351 = COLOUR_RGB ( '',0.2980392156862745057, 0.2980392156862745057, 0.2980392156862745057 ) ;
#1352 = FACE_OUTER_BOUND ( 'NONE', #521, .T. ) ;
#1353 = SURFACE_STYLE_FILL_AREA ( #283 ) ;
#1354 = ADVANCED_FACE ( 'NONE', ( #3012 ), #724, .T. ) ;
#1355 = PRESENTATION_LAYER_ASSIGNMENT (  '', '', ( #1414 ) ) ;
#1356 = FILL_AREA_STYLE_COLOUR ( '', #1640 ) ;
#1357 =( NAMED_UNIT ( * ) SI_UNIT ( $, .STERADIAN. ) SOLID_ANGLE_UNIT ( ) );
#1358 = EDGE_LOOP ( 'NONE', ( #1169, #3294, #78, #2098 ) ) ;
#1359 = CARTESIAN_POINT ( 'NONE',  ( 0.5757995028997514586, -0.9939223609342915378, 0.9390132375355650929 ) ) ;
#1360 = CARTESIAN_POINT ( 'NONE',  ( -0.5507995028997515474, -0.4887174280381432756, 1.050000000000000044 ) ) ;
#1361 = FILL_AREA_STYLE ('',( #2233 ) ) ;
#1362 = EDGE_CURVE ( 'NONE', #3430, #850, #2295, .T. ) ;
#1363 =( GEOMETRIC_REPRESENTATION_CONTEXT ( 3 ) GLOBAL_UNCERTAINTY_ASSIGNED_CONTEXT ( ( #2365 ) ) GLOBAL_UNIT_ASSIGNED_CONTEXT ( ( #2611, #3434, #1759 ) ) REPRESENTATION_CONTEXT ( 'NONE', 'WORKASPACE' ) );
#1364 = CARTESIAN_POINT ( 'NONE',  ( -0.5507995028997514364, -0.9939223609342927590, 1.056170525060946552 ) ) ;
#1365 = PRODUCT_DEFINITION_FORMATION_WITH_SPECIFIED_SOURCE ( 'ANY', '', #1332, .NOT_KNOWN. ) ;
#1366 = CARTESIAN_POINT ( 'NONE',  ( -0.5507995028997515474, -0.5421167739541268293, 1.089048926244320148 ) ) ;
#1367 = CARTESIAN_POINT ( 'NONE',  ( 0.5757995028997514586, -0.9939223609342915378, 0.2000000000000000944 ) ) ;
#1368 = FILL_AREA_STYLE_COLOUR ( '', #2471 ) ;
#1369 =( BOUNDED_SURFACE ( )  B_SPLINE_SURFACE ( 3, 3, ( 
 ( #984, #697, #2909, #2107 ),
 ( #2656, #2713, #1347, #1614 ),
 ( #823, #1917, #757, #2419 ),
 ( #2483, #3301, #806, #1055 ),
 ( #1934, #3033, #3539, #2768 ),
 ( #1366, #1865, #1631, #3584 ),
 ( #3241, #221, #278, #792 ) ),
 .UNSPECIFIED., .T., .F., .F. ) 
 B_SPLINE_SURFACE_WITH_KNOTS ( ( 4, 3, 4 ),
 ( 4, 4 ),
 ( 0.000000000000000000, 0.5000000000000000000, 1.000000000000000000 ),
 ( 0.000000000000000000, 1.000000000000000000 ),
 .UNSPECIFIED. ) 
 GEOMETRIC_REPRESENTATION_ITEM ( )  RATIONAL_B_SPLINE_SURFACE ( (
 ( 1.000000000000000000, 0.8135592450094720762, 0.8135592450094720762, 1.000000000000000000),
 ( 0.3333333333333333703, 0.2711864150031573772, 0.2711864150031573772, 0.3333333333333333703),
 ( 0.3333333333333333703, 0.2711864150031573772, 0.2711864150031573772, 0.3333333333333333703),
 ( 1.000000000000000000, 0.8135592450094720762, 0.8135592450094720762, 1.000000000000000000),
 ( 0.3333333333333333703, 0.2711864150031573772, 0.2711864150031573772, 0.3333333333333333703),
 ( 0.3333333333333333703, 0.2711864150031573772, 0.2711864150031573772, 0.3333333333333333703),
 ( 1.000000000000000000, 0.8135592450094720762, 0.8135592450094720762, 1.000000000000000000) ) ) 
 REPRESENTATION_ITEM ( '' )  SURFACE ( )  );
#1370 = AXIS2_PLACEMENT_3D ( 'NONE', #952, #2071, #1331 ) ;
#1371 = FILL_AREA_STYLE ('',( #845 ) ) ;
#1372 = CARTESIAN_POINT ( 'NONE',  ( -0.5507995028997515474, -0.5421167739541271624, 1.089048926244319704 ) ) ;
#1373 =( GEOMETRIC_REPRESENTATION_CONTEXT ( 3 ) GLOBAL_UNCERTAINTY_ASSIGNED_CONTEXT ( ( #55 ) ) GLOBAL_UNIT_ASSIGNED_CONTEXT ( ( #572, #20, #864 ) ) REPRESENTATION_CONTEXT ( 'NONE', 'WORKASPACE' ) );
#1374 = DIRECTION ( 'NONE',  ( -0.000000000000000000, 0.9992862258249284313, -0.03777616810331912295 ) ) ;
#1375 = CARTESIAN_POINT ( 'NONE',  ( 1.050000000000000044, 1.199999999999999956, 0.000000000000000000 ) ) ;
#1376 = COLOUR_RGB ( '',0.6470588235294117974, 0.6196078431372549211, 0.5882352941176470784 ) ;
#1377 = MECHANICAL_DESIGN_GEOMETRIC_PRESENTATION_REPRESENTATION (  '', ( #91 ), #1663 ) ;
#1378 = VECTOR ( 'NONE', #728, 1000.000000000000000 ) ;
#1379 = COLOUR_RGB ( '',0.6470588235294117974, 0.6196078431372549211, 0.5882352941176470784 ) ;
#1380 = CARTESIAN_POINT ( 'NONE',  ( 0.6007995028997513698, -0.4887174280381432756, 1.050000000000000044 ) ) ;
#1381 = ORIENTED_EDGE ( 'NONE', *, *, #3222, .T. ) ;
#1382 = AXIS2_PLACEMENT_3D ( 'NONE', #1870, #1245, #3471 ) ;
#1383 = CARTESIAN_POINT ( 'NONE',  ( -0.6007995028997513698, -0.5383391571437952106, 1.188977548826812169 ) ) ;
#1384 = FACE_OUTER_BOUND ( 'NONE', #612, .T. ) ;
#1385 =( LENGTH_UNIT ( ) NAMED_UNIT ( * ) SI_UNIT ( .MILLI., .METRE. ) );
#1386 = LINE ( 'NONE', #3281, #1844 ) ;
#1387 = FACE_OUTER_BOUND ( 'NONE', #730, .T. ) ;
#1388 = EDGE_CURVE ( 'NONE', #686, #1829, #349, .T. ) ;
#1389 = CARTESIAN_POINT ( 'NONE',  ( 0.6007995028997513698, -1.043886672225537993, 0.9409020459407312353 ) ) ;
#1390 = PRESENTATION_STYLE_ASSIGNMENT (( #1938 ) ) ;
#1391 = SURFACE_STYLE_USAGE ( .BOTH. , #812 ) ;
#1392 = SURFACE_SIDE_STYLE ('',( #1353 ) ) ;
#1393 = FILL_AREA_STYLE ('',( #1622 ) ) ;
#1394 = ORIENTED_EDGE ( 'NONE', *, *, #642, .F. ) ;
#1395 = FACE_OUTER_BOUND ( 'NONE', #1102, .T. ) ;
#1396 = CARTESIAN_POINT ( 'NONE',  ( 1.100000000000000311, -1.250000000000000222, 0.2000000000000000111 ) ) ;
#1397 =( NAMED_UNIT ( * ) SI_UNIT ( $, .STERADIAN. ) SOLID_ANGLE_UNIT ( ) );
#1398 = VERTEX_POINT ( 'NONE', #2628 ) ;
#1399 = ADVANCED_FACE ( 'NONE', ( #1744 ), #68, .F. ) ;
#1400 = DIRECTION ( 'NONE',  ( -1.000000000000000000, 0.000000000000000000, 0.000000000000000000 ) ) ;
#1401 =( NAMED_UNIT ( * ) PLANE_ANGLE_UNIT ( ) SI_UNIT ( $, .RADIAN. ) );
#1402 = FILL_AREA_STYLE_COLOUR ( '', #391 ) ;
#1403 = CARTESIAN_POINT ( 'NONE',  ( -0.5507995028997514364, -0.9110796484596737077, 1.139013237535566159 ) ) ;
#1404 = PLANE ( 'NONE',  #2641 ) ;
#1405 = EDGE_CURVE ( 'NONE', #703, #3096, #3312, .T. ) ;
#1406 = PRESENTATION_LAYER_ASSIGNMENT (  '', '', ( #2461 ) ) ;
#1407 = CARTESIAN_POINT ( 'NONE',  ( 0.6007995028997513698, -0.4902636542577147316, 1.090902045940727927 ) ) ;
#1408 = EDGE_CURVE ( 'NONE', #99, #834, #1224, .T. ) ;
#1409 = MECHANICAL_DESIGN_GEOMETRIC_PRESENTATION_REPRESENTATION (  '', ( #2120 ), #1815 ) ;
#1410 = VERTEX_POINT ( 'NONE', #125 ) ;
#1411 = DIRECTION ( 'NONE',  ( 9.035018104045870694E-17, -1.000000000000000000, 0.000000000000000000 ) ) ;
#1412 = ORIENTED_EDGE ( 'NONE', *, *, #1139, .F. ) ;
#1413 = CARTESIAN_POINT ( 'NONE',  ( 0.7257995028997515918, -1.250000000000000000, 0.1500000000000000222 ) ) ;
#1414 = STYLED_ITEM ( 'NONE', ( #1061 ), #2803 ) ;
#1415 = FACE_OUTER_BOUND ( 'NONE', #3262, .T. ) ;
#1416 =( GEOMETRIC_REPRESENTATION_CONTEXT ( 3 ) GLOBAL_UNCERTAINTY_ASSIGNED_CONTEXT ( ( #1807 ) ) GLOBAL_UNIT_ASSIGNED_CONTEXT ( ( #2802, #2332, #1477 ) ) REPRESENTATION_CONTEXT ( 'NONE', 'WORKASPACE' ) );
#1417 = SURFACE_SIDE_STYLE ('',( #67 ) ) ;
#1418 = PRESENTATION_LAYER_ASSIGNMENT (  '', '', ( #901 ) ) ;
#1419 = LINE ( 'NONE', #333, #1842 ) ;
#1420 = DIRECTION ( 'NONE',  ( 1.000000000000000000, 0.000000000000000000, 0.000000000000000000 ) ) ;
#1421 = FILL_AREA_STYLE_COLOUR ( '', #1654 ) ;
#1422 = ORIENTED_EDGE ( 'NONE', *, *, #2590, .F. ) ;
#1423 = CARTESIAN_POINT ( 'NONE',  ( -0.5507995028997515474, -1.043886672225537993, 0.9409020459407303472 ) ) ;
#1424 = COLOUR_RGB ( '',0.6470588235294117974, 0.6196078431372549211, 0.5882352941176470784 ) ;
#1425 =( GEOMETRIC_REPRESENTATION_CONTEXT ( 3 ) GLOBAL_UNCERTAINTY_ASSIGNED_CONTEXT ( ( #3364 ) ) GLOBAL_UNIT_ASSIGNED_CONTEXT ( ( #2553, #2636, #3480 ) ) REPRESENTATION_CONTEXT ( 'NONE', 'WORKASPACE' ) );
#1426 = STYLED_ITEM ( 'NONE', ( #2874 ), #922 ) ;
#1427 = FACE_OUTER_BOUND ( 'NONE', #2369, .T. ) ;
#1428 = VECTOR ( 'NONE', #71, 1000.000000000000000 ) ;
#1429 =( GEOMETRIC_REPRESENTATION_CONTEXT ( 3 ) GLOBAL_UNCERTAINTY_ASSIGNED_CONTEXT ( ( #480 ) ) GLOBAL_UNIT_ASSIGNED_CONTEXT ( ( #1629, #1685, #1106 ) ) REPRESENTATION_CONTEXT ( 'NONE', 'WORKASPACE' ) );
#1430 = FILL_AREA_STYLE_COLOUR ( '', #1594 ) ;
#1431 = ORIENTED_EDGE ( 'NONE', *, *, #1362, .F. ) ;
#1432 = LINE ( 'NONE', #3579, #3191 ) ;
#1433 = CARTESIAN_POINT ( 'NONE',  ( 0.6007995028997513698, -0.5383391571437952106, 1.188977548826812169 ) ) ;
#1434 = PLANE ( 'NONE',  #2436 ) ;
#1435 = PRESENTATION_STYLE_ASSIGNMENT (( #2903 ) ) ;
#1436 = CARTESIAN_POINT ( 'NONE',  ( 0.7257995028997515918, -1.050000000000000044, 0.2000000000000000111 ) ) ;
#1437 = DIRECTION ( 'NONE',  ( -1.000000000000000000, 0.000000000000000000, 0.000000000000000000 ) ) ;
#1438 = ORIENTED_EDGE ( 'NONE', *, *, #971, .F. ) ;
#1439 = CARTESIAN_POINT ( 'NONE',  ( -0.5507995028997515474, -0.9384592559742888085, 1.190083987173834235 ) ) ;
#1440 = UNCERTAINTY_MEASURE_WITH_UNIT (LENGTH_MEASURE( 1.000000000000000082E-05 ), #2129, 'distance_accuracy_value', 'NONE');
#1441 = DIRECTION ( 'NONE',  ( -1.000000000000000000, 0.000000000000000000, 0.000000000000000000 ) ) ;
#1442 = DIRECTION ( 'NONE',  ( 1.000000000000000000, -0.000000000000000000, 0.000000000000000000 ) ) ;
#1443 = VERTEX_POINT ( 'NONE', #2858 ) ;
#1444 = ADVANCED_FACE ( 'NONE', ( #1236 ), #3112, .F. ) ;
#1445 = PRESENTATION_STYLE_ASSIGNMENT (( #2569 ) ) ;
#1446 = EDGE_CURVE ( 'NONE', #1910, #3156, #2125, .T. ) ;
#1447 = ORIENTED_EDGE ( 'NONE', *, *, #1847, .T. ) ;
#1448 = CARTESIAN_POINT ( 'NONE',  ( -0.5507995028997515474, -0.5402636542577143874, 1.090902045940731924 ) ) ;
#1449 = CARTESIAN_POINT ( 'NONE',  ( 0.5507995028997514364, -0.5118087152274390927, 1.139013237535566381 ) ) ;
#1450 = DIRECTION ( 'NONE',  ( 0.000000000000000000, -0.9992862258249285423, 0.03777616810331912989 ) ) ;
#1451 = SURFACE_SIDE_STYLE ('',( #677 ) ) ;
#1452 = EDGE_CURVE ( 'NONE', #486, #1243, #3254, .T. ) ;
#1453 = DIRECTION ( 'NONE',  ( -0.000000000000000000, -0.000000000000000000, -1.000000000000000000 ) ) ;
#1454 = CARTESIAN_POINT ( 'NONE',  ( 0.8999999999999996891, -0.6096950455675224090, 0.9000000000000000222 ) ) ;
#1455 = MECHANICAL_DESIGN_GEOMETRIC_PRESENTATION_REPRESENTATION (  '', ( #1112 ), #1458 ) ;
#1456 =( BOUNDED_SURFACE ( )  B_SPLINE_SURFACE ( 3, 1, ( 
 ( #2750, #3586 ),
 ( #280, #2277 ),
 ( #2797, #1389 ),
 ( #3604, #1109 ),
 ( #880, #529 ),
 ( #863, #296 ),
 ( #2239, #1994 ) ),
 .UNSPECIFIED., .T., .F., .F. ) 
 B_SPLINE_SURFACE_WITH_KNOTS ( ( 4, 3, 4 ),
 ( 2, 2 ),
 ( 0.000000000000000000, 0.5000000000000000000, 1.000000000000000000 ),
 ( 0.000000000000000000, 1.000000000000000000 ),
 .UNSPECIFIED. ) 
 GEOMETRIC_REPRESENTATION_ITEM ( )  RATIONAL_B_SPLINE_SURFACE ( (
 ( 1.000000000000000000, 1.000000000000000000),
 ( 0.3333333333333333703, 0.3333333333333333703),
 ( 0.3333333333333333703, 0.3333333333333333703),
 ( 1.000000000000000000, 1.000000000000000000),
 ( 0.3333333333333333703, 0.3333333333333333703),
 ( 0.3333333333333333703, 0.3333333333333333703),
 ( 1.000000000000000000, 1.000000000000000000) ) ) 
 REPRESENTATION_ITEM ( '' )  SURFACE ( )  );
#1457 = DIRECTION ( 'NONE',  ( 1.000000000000000000, 0.000000000000000000, 0.000000000000000000 ) ) ;
#1458 =( GEOMETRIC_REPRESENTATION_CONTEXT ( 3 ) GLOBAL_UNCERTAINTY_ASSIGNED_CONTEXT ( ( #1530 ) ) GLOBAL_UNIT_ASSIGNED_CONTEXT ( ( #2393, #1286, #2704 ) ) REPRESENTATION_CONTEXT ( 'NONE', 'WORKASPACE' ) );
#1459 = ORIENTED_EDGE ( 'NONE', *, *, #2349, .F. ) ;
#1460 = AXIS2_PLACEMENT_3D ( 'NONE', #1049, #1838, #1302 ) ;
#1461 =( LENGTH_UNIT ( ) NAMED_UNIT ( * ) SI_UNIT ( .MILLI., .METRE. ) );
#1462 = EDGE_LOOP ( 'NONE', ( #2594, #1285, #2957, #1643 ) ) ;
#1463 = ORIENTED_EDGE ( 'NONE', *, *, #1156, .T. ) ;
#1464 = STYLED_ITEM ( 'NONE', ( #415 ), #1609 ) ;
#1465 = UNCERTAINTY_MEASURE_WITH_UNIT (LENGTH_MEASURE( 1.000000000000000082E-05 ), #737, 'distance_accuracy_value', 'NONE');
#1466 = CARTESIAN_POINT ( 'NONE',  ( -0.8499999999999996447, -0.4596950455675217206, 0.9499999999999999556 ) ) ;
#1467 = CARTESIAN_POINT ( 'NONE',  ( 0.6007995028997513698, -0.7958111693394581687, 1.089048926244319926 ) ) ;
#1468 = LINE ( 'NONE', #1741, #2300 ) ;
#1469 = EDGE_CURVE ( 'NONE', #119, #763, #474, .T. ) ;
#1470 = AXIS2_PLACEMENT_3D ( 'NONE', #371, #2535, #3078 ) ;
#1471 = CARTESIAN_POINT ( 'NONE',  ( 0.6007995028997513698, -0.4902636542577149537, 1.090902045940732368 ) ) ;
#1472 =( NAMED_UNIT ( * ) SI_UNIT ( $, .STERADIAN. ) SOLID_ANGLE_UNIT ( ) );
#1473 = FACE_OUTER_BOUND ( 'NONE', #1342, .T. ) ;
#1474 = PRESENTATION_LAYER_ASSIGNMENT (  '', '', ( #953 ) ) ;
#1475 = CARTESIAN_POINT ( 'NONE',  ( -0.6007995028997513698, -0.4902636542577143985, 1.090902045940732146 ) ) ;
#1476 = SURFACE_STYLE_USAGE ( .BOTH. , #920 ) ;
#1477 =( NAMED_UNIT ( * ) SI_UNIT ( $, .STERADIAN. ) SOLID_ANGLE_UNIT ( ) );
#1478 = FILL_AREA_STYLE ('',( #868 ) ) ;
#1479 = STYLED_ITEM ( 'NONE', ( #1279 ), #2324 ) ;
#1480 = ORIENTED_EDGE ( 'NONE', *, *, #1301, .F. ) ;
#1481 = PRESENTATION_LAYER_ASSIGNMENT (  '', '', ( #557 ) ) ;
#1482 = CARTESIAN_POINT ( 'NONE',  ( 0.6007995028997513698, -0.7958111693394577246, 1.089048926244319704 ) ) ;
#1483 = STYLED_ITEM ( 'NONE', ( #325 ), #2536 ) ;
#1484 = ORIENTED_EDGE ( 'NONE', *, *, #659, .T. ) ;
#1485 = CLOSED_SHELL ( 'NONE', ( #640, #1609, #3088, #275, #3408, #2007, #2716, #1135, #1444, #2117, #1905, #770, #169, #1096, #1942, #2736, #2951, #1504, #1350, #206, #2953, #1677, #2106, #2785, #831, #1012, #553, #299, #711, #922, #3388, #273, #2536, #1172, #2517, #2803, #2324, #811, #963, #1782, #106, #2571 ) ) ;
#1486 = PRESENTATION_LAYER_ASSIGNMENT (  '', '', ( #1901 ) ) ;
#1487 = VERTEX_POINT ( 'NONE', #1327 ) ;
#1488 = MECHANICAL_DESIGN_GEOMETRIC_PRESENTATION_REPRESENTATION (  '', ( #3231 ), #2026 ) ;
#1489 = COLOUR_RGB ( '',0.2980392156862745057, 0.2980392156862745057, 0.2980392156862745057 ) ;
#1490 = FILL_AREA_STYLE ('',( #1518 ) ) ;
#1491 = CARTESIAN_POINT ( 'NONE',  ( 0.8499999999999996447, -0.1719179331619905549, 0.9000000000000000222 ) ) ;
#1492 = CARTESIAN_POINT ( 'NONE',  ( 1.100000000000000311, 1.250000000000000000, 0.6000000000000000888 ) ) ;
#1493 = DIRECTION ( 'NONE',  ( 0.000000000000000000, 0.000000000000000000, 1.000000000000000000 ) ) ;
#1494 = EDGE_LOOP ( 'NONE', ( #989, #1062, #3546, #3328, #958, #1768, #303, #870, #1173 ) ) ;
#1495 = EDGE_CURVE ( 'NONE', #3096, #748, #1565, .T. ) ;
#1496 = AXIS2_PLACEMENT_3D ( 'NONE', #1605, #1003, #520 ) ;
#1497 = ORIENTED_EDGE ( 'NONE', *, *, #2984, .F. ) ;
#1498 = CARTESIAN_POINT ( 'NONE',  ( 0.5757995028997514586, -0.4887174280381432756, 1.050000000000000044 ) ) ;
#1499 = ORIENTED_EDGE ( 'NONE', *, *, #3273, .T. ) ;
#1500 = ORIENTED_EDGE ( 'NONE', *, *, #3115, .F. ) ;
#1501 = DIRECTION ( 'NONE',  ( 5.421010862427520198E-16, -1.000000000000000000, 0.000000000000000000 ) ) ;
#1502 = SURFACE_SIDE_STYLE ('',( #2011 ) ) ;
#1503 = AXIS2_PLACEMENT_3D ( 'NONE', #3003, #2714, #3286 ) ;
#1504 = ADVANCED_FACE ( 'NONE', ( #2438 ), #219, .F. ) ;
#1505 = DIRECTION ( 'NONE',  ( 0.000000000000000000, -1.000000000000000000, 0.000000000000000000 ) ) ;
#1506 = CARTESIAN_POINT ( 'NONE',  ( -0.5507995028997515474, -1.043886672225537993, 0.2018888084051660148 ) ) ;
#1507 = FACE_OUTER_BOUND ( 'NONE', #2878, .T. ) ;
#1508 = ADVANCED_FACE ( 'NONE', ( #2398 ), #3199, .F. ) ;
#1509 = EDGE_LOOP ( 'NONE', ( #2156, #2074, #1500, #1269 ) ) ;
#1510 = VECTOR ( 'NONE', #881, 1000.000000000000000 ) ;
#1511 = FILL_AREA_STYLE_COLOUR ( '', #2499 ) ;
#1512 = FILL_AREA_STYLE_COLOUR ( '', #270 ) ;
#1513 = ORIENTED_EDGE ( 'NONE', *, *, #1495, .F. ) ;
#1514 = ORIENTED_EDGE ( 'NONE', *, *, #1128, .F. ) ;
#1515 =( GEOMETRIC_REPRESENTATION_CONTEXT ( 3 ) GLOBAL_UNCERTAINTY_ASSIGNED_CONTEXT ( ( #188 ) ) GLOBAL_UNIT_ASSIGNED_CONTEXT ( ( #3492, #790, #1899 ) ) REPRESENTATION_CONTEXT ( 'NONE', 'WORKASPACE' ) );
#1516 = SURFACE_STYLE_FILL_AREA ( #1556 ) ;
#1517 = SURFACE_SIDE_STYLE ('',( #2122 ) ) ;
#1518 = FILL_AREA_STYLE_COLOUR ( '', #2308 ) ;
#1519 = DIRECTION ( 'NONE',  ( 1.000000000000000000, 0.000000000000000000, -0.000000000000000000 ) ) ;
#1520 = DIRECTION ( 'NONE',  ( -0.000000000000000000, -0.000000000000000000, -1.000000000000000000 ) ) ;
#1521 = VECTOR ( 'NONE', #168, 1000.000000000000000 ) ;
#1522 = CARTESIAN_POINT ( 'NONE',  ( 0.5507995028997514364, -0.9939223609342927590, 1.056170525060946552 ) ) ;
#1523 = CARTESIAN_POINT ( 'NONE',  ( -0.6007995028997513698, -0.9939223609342915378, 0.9390132375355652039 ) ) ;
#1524 =( GEOMETRIC_REPRESENTATION_CONTEXT ( 3 ) GLOBAL_UNCERTAINTY_ASSIGNED_CONTEXT ( ( #2826 ) ) GLOBAL_UNIT_ASSIGNED_CONTEXT ( ( #3326, #1924, #3024 ) ) REPRESENTATION_CONTEXT ( 'NONE', 'WORKASPACE' ) );
#1525 = LINE ( 'NONE', #46, #2584 ) ;
#1526 = MANIFOLD_SOLID_BREP ( 'Boss-Extrude6', #207 ) ;
#1527 = FILL_AREA_STYLE ('',( #447 ) ) ;
#1528 = STYLED_ITEM ( 'NONE', ( #3109 ), #3489 ) ;
#1529 = ORIENTED_EDGE ( 'NONE', *, *, #2900, .T. ) ;
#1530 = UNCERTAINTY_MEASURE_WITH_UNIT (LENGTH_MEASURE( 1.000000000000000082E-05 ), #2393, 'distance_accuracy_value', 'NONE');
#1531 = LINE ( 'NONE', #2753, #3524 ) ;
#1532 =( NAMED_UNIT ( * ) PLANE_ANGLE_UNIT ( ) SI_UNIT ( $, .RADIAN. ) );
#1533 = ORIENTED_EDGE ( 'NONE', *, *, #384, .F. ) ;
#1534 = VERTEX_POINT ( 'NONE', #3051 ) ;
#1535 = EDGE_LOOP ( 'NONE', ( #192, #1140, #244, #2448 ) ) ;
#1536 = CARTESIAN_POINT ( 'NONE',  ( -1.100000000000000755, 1.249999999999999778, 0.2000000000000000111 ) ) ;
#1537 = DIRECTION ( 'NONE',  ( 1.445602896647339903E-16, -1.000000000000000000, 0.000000000000000000 ) ) ;
#1538 = VECTOR ( 'NONE', #143, 1000.000000000000000 ) ;
#1539 = CARTESIAN_POINT ( 'NONE',  ( 0.4248788666902801325, -0.5596950455675224756, 0.9499999999999999556 ) ) ;
#1540 = VECTOR ( 'NONE', #298, 1000.000000000000000 ) ;
#1541 = CARTESIAN_POINT ( 'NONE',  ( 0.5507995028997515474, -0.5387174280381431535, 1.049999999999999822 ) ) ;
#1542 = AXIS2_PLACEMENT_3D ( 'NONE', #1975, #252, #2215 ) ;
#1543 = SURFACE_STYLE_USAGE ( .BOTH. , #404 ) ;
#1544 = SURFACE_STYLE_USAGE ( .BOTH. , #2910 ) ;
#1545 = CARTESIAN_POINT ( 'NONE',  ( -0.6007995028997513698, -0.9439580496430451939, 0.9371244291303990614 ) ) ;
#1546 = B_SPLINE_CURVE_WITH_KNOTS ( 'NONE', 1,
 ( #1255, #3490 ),
 .UNSPECIFIED., .F., .F.,
 ( 2, 2 ),
 ( 0.000000000000000000, 1.000000000000000000 ),
 .UNSPECIFIED. ) ;
#1547 = UNCERTAINTY_MEASURE_WITH_UNIT (LENGTH_MEASURE( 1.000000000000000082E-05 ), #2660, 'distance_accuracy_value', 'NONE');
#1548 = FACE_OUTER_BOUND ( 'NONE', #624, .T. ) ;
#1549 = FILL_AREA_STYLE_COLOUR ( '', #1887 ) ;
#1550 = ADVANCED_FACE ( 'NONE', ( #3358 ), #2950, .F. ) ;
#1551 = PRESENTATION_STYLE_ASSIGNMENT (( #208 ) ) ;
#1552 = ORIENTED_EDGE ( 'NONE', *, *, #2378, .T. ) ;
#1553 = ORIENTED_EDGE ( 'NONE', *, *, #3442, .F. ) ;
#1554 = ORIENTED_EDGE ( 'NONE', *, *, #859, .T. ) ;
#1555 = DIRECTION ( 'NONE',  ( -1.000000000000000000, -0.000000000000000000, -0.000000000000000000 ) ) ;
#1556 = FILL_AREA_STYLE ('',( #2174 ) ) ;
#1557 = CARTESIAN_POINT ( 'NONE',  ( -0.5757995028997514586, -0.4902636542577235024, 1.090902045940727927 ) ) ;
#1558 = EDGE_CURVE ( 'NONE', #3026, #688, #1468, .T. ) ;
#1559 =( LENGTH_UNIT ( ) NAMED_UNIT ( * ) SI_UNIT ( .MILLI., .METRE. ) );
#1560 = CARTESIAN_POINT ( 'NONE',  ( 0.6007995028997513698, -0.4402636542577145207, 1.090902045940731924 ) ) ;
#1561 = CARTESIAN_POINT ( 'NONE',  ( 0.5507995028997515474, -1.043886672225537993, 0.9409020459407303472 ) ) ;
#1562 = DIRECTION ( 'NONE',  ( 6.532538464707945869E-16, 1.000000000000000000, -0.000000000000000000 ) ) ;
#1563 = PRESENTATION_STYLE_ASSIGNMENT (( #406 ) ) ;
#1564 = EDGE_CURVE ( 'NONE', #1299, #2172, #2837, .T. ) ;
#1565 = B_SPLINE_CURVE_WITH_KNOTS ( 'NONE', 1,
 ( #1275, #2689 ),
 .UNSPECIFIED., .F., .F.,
 ( 2, 2 ),
 ( 0.000000000000000000, 1.000000000000000000 ),
 .UNSPECIFIED. ) ;
#1566 = UNCERTAINTY_MEASURE_WITH_UNIT (LENGTH_MEASURE( 1.000000000000000082E-05 ), #1859, 'distance_accuracy_value', 'NONE');
#1567 = ORIENTED_EDGE ( 'NONE', *, *, #1128, .T. ) ;
#1568 = ORIENTED_EDGE ( 'NONE', *, *, #494, .F. ) ;
#1569 = VERTEX_POINT ( 'NONE', #2062 ) ;
#1570 = DIRECTION ( 'NONE',  ( 0.000000000000000000, 0.000000000000000000, -1.000000000000000000 ) ) ;
#1571 = CARTESIAN_POINT ( 'NONE',  ( 0.5757995028997514586, -0.4887174280381432756, 0.9499999999999999556 ) ) ;
#1572 = AXIS2_PLACEMENT_3D ( 'NONE', #2201, #3289, #1110 ) ;
#1573 = CARTESIAN_POINT ( 'NONE',  ( -0.5507995028997515474, -0.4402636542577146872, 1.090902045940731480 ) ) ;
#1574 = PRESENTATION_LAYER_ASSIGNMENT (  '', '', ( #1170 ) ) ;
#1575 = CARTESIAN_POINT ( 'NONE',  ( 0.5507995028997515474, -0.9939223609342928700, 1.056170525060946552 ) ) ;
#1576 =( GEOMETRIC_REPRESENTATION_CONTEXT ( 3 ) GLOBAL_UNCERTAINTY_ASSIGNED_CONTEXT ( ( #1280 ) ) GLOBAL_UNIT_ASSIGNED_CONTEXT ( ( #631, #2085, #1779 ) ) REPRESENTATION_CONTEXT ( 'NONE', 'WORKASPACE' ) );
#1577 = FACE_OUTER_BOUND ( 'NONE', #3530, .T. ) ;
#1578 = SURFACE_STYLE_FILL_AREA ( #2732 ) ;
#1579 = MANIFOLD_SOLID_BREP ( 'Boss-Extrude7', #1485 ) ;
#1580 = VECTOR ( 'NONE', #1114, 1000.000000000000000 ) ;
#1581 = SURFACE_SIDE_STYLE ('',( #2115 ) ) ;
#1582 = SURFACE_SIDE_STYLE ('',( #2155 ) ) ;
#1583 = ORIENTED_EDGE ( 'NONE', *, *, #160, .T. ) ;
#1584 = VERTEX_POINT ( 'NONE', #3395 ) ;
#1585 = ORIENTED_EDGE ( 'NONE', *, *, #2378, .F. ) ;
#1586 = STYLED_ITEM ( 'NONE', ( #460 ), #3565 ) ;
#1587 = CARTESIAN_POINT ( 'NONE',  ( -0.7000000000000000666, 1.199999999999999956, 0.000000000000000000 ) ) ;
#1588 =( NAMED_UNIT ( * ) SI_UNIT ( $, .STERADIAN. ) SOLID_ANGLE_UNIT ( ) );
#1589 = CARTESIAN_POINT ( 'NONE',  ( -1.100000000000000089, 1.250000000000000000, 0.2000000000000000111 ) ) ;
#1590 = ORIENTED_EDGE ( 'NONE', *, *, #2002, .F. ) ;
#1591 = PRESENTATION_STYLE_ASSIGNMENT (( #1860 ) ) ;
#1592 = SURFACE_SIDE_STYLE ('',( #755 ) ) ;
#1593 =( BOUNDED_SURFACE ( )  B_SPLINE_SURFACE ( 3, 1, ( 
 ( #6, #1122 ),
 ( #1626, #838 ),
 ( #542, #2996 ),
 ( #2251, #3046 ),
 ( #508, #3562 ),
 ( #1087, #3333 ),
 ( #2740, #248 ) ),
 .UNSPECIFIED., .T., .F., .T. ) 
 B_SPLINE_SURFACE_WITH_KNOTS ( ( 4, 3, 4 ),
 ( 2, 2 ),
 ( 0.000000000000000000, 0.5000000000000000000, 1.000000000000000000 ),
 ( 0.000000000000000000, 1.000000000000000000 ),
 .UNSPECIFIED. ) 
 GEOMETRIC_REPRESENTATION_ITEM ( )  RATIONAL_B_SPLINE_SURFACE ( (
 ( 1.000000000000000000, 1.000000000000000000),
 ( 0.3333333333333333703, 0.3333333333333333703),
 ( 0.3333333333333333703, 0.3333333333333333703),
 ( 1.000000000000000000, 1.000000000000000000),
 ( 0.3333333333333333703, 0.3333333333333333703),
 ( 0.3333333333333333703, 0.3333333333333333703),
 ( 1.000000000000000000, 1.000000000000000000) ) ) 
 REPRESENTATION_ITEM ( '' )  SURFACE ( )  );
#1594 = COLOUR_RGB ( '',0.6470588235294117974, 0.6196078431372549211, 0.5882352941176470784 ) ;
#1595 = PRESENTATION_LAYER_ASSIGNMENT (  '', '', ( #1769 ) ) ;
#1596 = FILL_AREA_STYLE_COLOUR ( '', #3458 ) ;
#1597 = FILL_AREA_STYLE ('',( #1902 ) ) ;
#1598 = PLANE ( 'NONE',  #3103 ) ;
#1599 = AXIS2_PLACEMENT_3D ( 'NONE', #365, #1745, #3421 ) ;
#1600 = MECHANICAL_DESIGN_GEOMETRIC_PRESENTATION_REPRESENTATION (  '', ( #1967 ), #1841 ) ;
#1601 = STYLED_ITEM ( 'NONE', ( #1435 ), #1172 ) ;
#1602 = CARTESIAN_POINT ( 'NONE',  ( 0.5757995028997514586, -0.4887174280381432756, 0.9499999999999999556 ) ) ;
#1603 = STYLED_ITEM ( 'NONE', ( #3372 ), #2736 ) ;
#1604 = MANIFOLD_SOLID_BREP ( 'Mirror2', #3228 ) ;
#1605 = CARTESIAN_POINT ( 'NONE',  ( -0.5757995028997514586, -0.4887174280381432756, 1.050000000000000044 ) ) ;
#1606 = ORIENTED_EDGE ( 'NONE', *, *, #1687, .T. ) ;
#1607 = CARTESIAN_POINT ( 'NONE',  ( -0.6007995028997513698, -0.5421167739541271624, 1.089048926244319704 ) ) ;
#1608 = VERTEX_POINT ( 'NONE', #962 ) ;
#1609 = ADVANCED_FACE ( 'NONE', ( #3182, #1704, #326 ), #400, .F. ) ;
#1610 = DIRECTION ( 'NONE',  ( 0.000000000000000000, 0.000000000000000000, 1.000000000000000000 ) ) ;
#1611 = CARTESIAN_POINT ( 'NONE',  ( -1.100000000000000755, 1.249999999999999778, 0.2000000000000000111 ) ) ;
#1612 = FILL_AREA_STYLE ('',( #1308 ) ) ;
#1613 = EDGE_CURVE ( 'NONE', #1270, #3209, #2800, .T. ) ;
#1614 = CARTESIAN_POINT ( 'NONE',  ( -0.5507995028997515474, -0.4402636542577146872, 1.090902045940731480 ) ) ;
#1615 = CARTESIAN_POINT ( 'NONE',  ( 0.000000000000000000, 0.000000000000000000, 0.9000000000000000222 ) ) ;
#1616 = FILL_AREA_STYLE ('',( #1885 ) ) ;
#1617 = CARTESIAN_POINT ( 'NONE',  ( 0.000000000000000000, 0.000000000000000000, 0.2000000000000000111 ) ) ;
#1618 = UNCERTAINTY_MEASURE_WITH_UNIT (LENGTH_MEASURE( 1.000000000000000082E-05 ), #3391, 'distance_accuracy_value', 'NONE');
#1619 = VECTOR ( 'NONE', #3025, 1000.000000000000000 ) ;
#1620 = DIRECTION ( 'NONE',  ( -1.000000000000000000, 0.000000000000000000, 0.000000000000000000 ) ) ;
#1621 = EDGE_CURVE ( 'NONE', #1398, #1006, #2516, .T. ) ;
#1622 = FILL_AREA_STYLE_COLOUR ( '', #2804 ) ;
#1623 = SURFACE_SIDE_STYLE ('',( #2974 ) ) ;
#1624 = EDGE_LOOP ( 'NONE', ( #1050, #887, #2776, #1554 ) ) ;
#1625 = CARTESIAN_POINT ( 'NONE',  ( -0.5507995028997515474, -0.7939223609342918042, 1.139013237535566159 ) ) ;
#1626 = CARTESIAN_POINT ( 'NONE',  ( -0.5507995028997515474, -1.043886672225537993, 0.2018888084051660148 ) ) ;
#1627 = CARTESIAN_POINT ( 'NONE',  ( -0.6007995028997513698, -0.5118087152274390927, 1.139013237535566381 ) ) ;
#1628 = CARTESIAN_POINT ( 'NONE',  ( 0.000000000000000000, 0.000000000000000000, -0.05000000000000000278 ) ) ;
#1629 =( LENGTH_UNIT ( ) NAMED_UNIT ( * ) SI_UNIT ( .MILLI., .METRE. ) );
#1630 = DIRECTION ( 'NONE',  ( -1.000000000000000000, 0.000000000000000000, 0.000000000000000000 ) ) ;
#1631 = CARTESIAN_POINT ( 'NONE',  ( -0.5507995028997515474, -0.5413372246352307071, 1.090881761013778428 ) ) ;
#1632 = COLOUR_RGB ( '',0.6470588235294117974, 0.6196078431372549211, 0.5882352941176470784 ) ;
#1633 = SURFACE_SIDE_STYLE ('',( #514 ) ) ;
#1634 = SURFACE_STYLE_FILL_AREA ( #793 ) ;
#1635 = CARTESIAN_POINT ( 'NONE',  ( -0.4257995028997514364, -1.250000000000000222, 0.1500000000000000222 ) ) ;
#1636 = PRESENTATION_LAYER_ASSIGNMENT (  '', '', ( #2299 ) ) ;
#1637 = CYLINDRICAL_SURFACE ( 'NONE', #32, 0.02499999999999995628 ) ;
#1638 = CARTESIAN_POINT ( 'NONE',  ( 0.5507995028997515474, -0.7939223609342918042, 1.139013237535566159 ) ) ;
#1639 = MECHANICAL_DESIGN_GEOMETRIC_PRESENTATION_REPRESENTATION (  '', ( #2565 ), #890 ) ;
#1640 = COLOUR_RGB ( '',0.6470588235294117974, 0.6196078431372549211, 0.5882352941176470784 ) ;
#1641 = CARTESIAN_POINT ( 'NONE',  ( -0.6007995028997513698, -0.4902636542577147316, 1.090902045940727927 ) ) ;
#1642 = FILL_AREA_STYLE_COLOUR ( '', #2551 ) ;
#1643 = ORIENTED_EDGE ( 'NONE', *, *, #2444, .F. ) ;
#1645 = DIRECTION ( 'NONE',  ( -1.000000000000000000, -1.445602896647339656E-16, 0.000000000000000000 ) ) ;
#1644 = COLOUR_RGB ( '',0.6470588235294117974, 0.6196078431372549211, 0.5882352941176470784 ) ;
#1646 = CARTESIAN_POINT ( 'NONE',  ( 0.4257995028997516584, -1.050000000000000044, 0.2000000000000000111 ) ) ;
#1647 = CARTESIAN_POINT ( 'NONE',  ( -0.7500000000000000000, 0.8999999999999990230, 0.9499999999999999556 ) ) ;
#1648 = UNCERTAINTY_MEASURE_WITH_UNIT (LENGTH_MEASURE( 1.000000000000000082E-05 ), #2491, 'distance_accuracy_value', 'NONE');
#1649 = CARTESIAN_POINT ( 'NONE',  ( 0.6007995028997513698, -0.9450644879900680362, 1.025013300735999611 ) ) ;
#1650 = CARTESIAN_POINT ( 'NONE',  ( -1.050000000000000044, 1.199999999999999956, 0.000000000000000000 ) ) ;
#1651 = AXIS2_PLACEMENT_3D ( 'NONE', #1602, #2423, #3271 ) ;
#1652 = PRESENTATION_STYLE_ASSIGNMENT (( #551 ) ) ;
#1653 = FILL_AREA_STYLE ('',( #3363 ) ) ;
#1654 = COLOUR_RGB ( '',0.6470588235294117974, 0.6196078431372549211, 0.5882352941176470784 ) ;
#1655 = UNCERTAINTY_MEASURE_WITH_UNIT (LENGTH_MEASURE( 1.000000000000000082E-05 ), #1047, 'distance_accuracy_value', 'NONE');
#1656 = MECHANICAL_DESIGN_GEOMETRIC_PRESENTATION_REPRESENTATION (  '', ( #1715 ), #1137 ) ;
#1657 = CARTESIAN_POINT ( 'NONE',  ( 1.099999999999999423, 1.249999999999999778, 0.2000000000000000111 ) ) ;
#1658 = DIRECTION ( 'NONE',  ( 1.000000000000000000, -0.000000000000000000, -0.000000000000000000 ) ) ;
#1659 = CLOSED_SHELL ( 'NONE', ( #2529, #768, #2054, #3186, #3227, #669, #819, #2342, #1550, #1767, #2158, #3565 ) ) ;
#1660 = AXIS2_PLACEMENT_3D ( 'NONE', #2817, #1097, #825 ) ;
#1661 = EDGE_CURVE ( 'NONE', #607, #3096, #1093, .T. ) ;
#1662 = AXIS2_PLACEMENT_3D ( 'NONE', #77, #2320, #3447 ) ;
#1663 =( GEOMETRIC_REPRESENTATION_CONTEXT ( 3 ) GLOBAL_UNCERTAINTY_ASSIGNED_CONTEXT ( ( #2852 ) ) GLOBAL_UNIT_ASSIGNED_CONTEXT ( ( #2380, #88, #619 ) ) REPRESENTATION_CONTEXT ( 'NONE', 'WORKASPACE' ) );
#1664 = VERTEX_POINT ( 'NONE', #1589 ) ;
#1665 = AXIS2_PLACEMENT_3D ( 'NONE', #432, #2643, #153 ) ;
#1666 = EDGE_CURVE ( 'NONE', #992, #1910, #2978, .T. ) ;
#1667 =( LENGTH_UNIT ( ) NAMED_UNIT ( * ) SI_UNIT ( .MILLI., .METRE. ) );
#1668 = LINE ( 'NONE', #3013, #2244 ) ;
#1669 = CARTESIAN_POINT ( 'NONE',  ( 0.4248788666902801325, -0.1719179331619905549, 0.9000000000000000222 ) ) ;
#1670 = DIRECTION ( 'NONE',  ( -1.000000000000000000, 0.000000000000000000, -0.000000000000000000 ) ) ;
#1671 = EDGE_CURVE ( 'NONE', #2555, #1028, #3236, .T. ) ;
#1672 = CARTESIAN_POINT ( 'NONE',  ( -0.6007995028997513698, -0.9939223609342917598, 0.9390132375355648708 ) ) ;
#1673 = CARTESIAN_POINT ( 'NONE',  ( 1.050000000000000044, 1.199999999999999956, 0.000000000000000000 ) ) ;
#1674 = CARTESIAN_POINT ( 'NONE',  ( -1.100000000000000311, -1.250000000000000222, 0.000000000000000000 ) ) ;
#1675 = CARTESIAN_POINT ( 'NONE',  ( 0.8499999999999996447, -0.1719179331619905549, 0.9499999999999999556 ) ) ;
#1676 = PRESENTATION_LAYER_ASSIGNMENT (  '', '', ( #3244 ) ) ;
#1677 = ADVANCED_FACE ( 'NONE', ( #196 ), #216, .F. ) ;
#1678 = VECTOR ( 'NONE', #3030, 1000.000000000000000 ) ;
#1679 = SURFACE_SIDE_STYLE ('',( #799 ) ) ;
#1680 = ORIENTED_EDGE ( 'NONE', *, *, #2020, .F. ) ;
#1681 = ORIENTED_EDGE ( 'NONE', *, *, #2961, .T. ) ;
#1682 =( LENGTH_UNIT ( ) NAMED_UNIT ( * ) SI_UNIT ( .MILLI., .METRE. ) );
#1683 = SURFACE_STYLE_FILL_AREA ( #2761 ) ;
#1684 = PLANE ( 'NONE',  #3053 ) ;
#1685 =( NAMED_UNIT ( * ) PLANE_ANGLE_UNIT ( ) SI_UNIT ( $, .RADIAN. ) );
#1686 = SURFACE_SIDE_STYLE ('',( #36 ) ) ;
#1687 = EDGE_CURVE ( 'NONE', #1410, #1721, #693, .T. ) ;
#1688 = LINE ( 'NONE', #1705, #2633 ) ;
#1689 = FACE_OUTER_BOUND ( 'NONE', #2458, .T. ) ;
#1690 = PRESENTATION_LAYER_ASSIGNMENT (  '', '', ( #2404 ) ) ;
#1691 = UNCERTAINTY_MEASURE_WITH_UNIT (LENGTH_MEASURE( 1.000000000000000082E-05 ), #167, 'distance_accuracy_value', 'NONE');
#1692 = FACE_OUTER_BOUND ( 'NONE', #393, .T. ) ;
#1693 = DIRECTION ( 'NONE',  ( -0.000000000000000000, -0.000000000000000000, 1.000000000000000000 ) ) ;
#1694 = VECTOR ( 'NONE', #2460, 1000.000000000000000 ) ;
#1695 = B_SPLINE_CURVE_WITH_KNOTS ( 'NONE', 1,
 ( #2892, #2311 ),
 .UNSPECIFIED., .F., .F.,
 ( 2, 2 ),
 ( 0.000000000000000000, 1.000000000000000000 ),
 .UNSPECIFIED. ) ;
#1696 = PRESENTATION_LAYER_ASSIGNMENT (  '', '', ( #2565 ) ) ;
#1697 = DIRECTION ( 'NONE',  ( 7.973862786511596783E-16, -1.000000000000000000, 0.000000000000000000 ) ) ;
#1698 = DIRECTION ( 'NONE',  ( -1.000000000000000000, 0.000000000000000000, 0.000000000000000000 ) ) ;
#1699 = VERTEX_POINT ( 'NONE', #1646 ) ;
#1700 = CARTESIAN_POINT ( 'NONE',  ( 0.5507995028997515474, -0.4413372246352302852, 1.147720261656822283 ) ) ;
#1701 = DIRECTION ( 'NONE',  ( 1.000000000000000000, 0.000000000000000000, 0.000000000000000000 ) ) ;
#1702 = STYLED_ITEM ( 'NONE', ( #1563 ), #3014 ) ;
#1703 = CARTESIAN_POINT ( 'NONE',  ( -0.5507995028997515474, -0.4902636542577143985, 1.090902045940732146 ) ) ;
#1704 = FACE_OUTER_BOUND ( 'NONE', #2834, .T. ) ;
#1705 = CARTESIAN_POINT ( 'NONE',  ( 1.100000000000000311, 1.250000000000000000, 0.6000000000000000888 ) ) ;
#1706 =( GEOMETRIC_REPRESENTATION_CONTEXT ( 3 ) GLOBAL_UNCERTAINTY_ASSIGNED_CONTEXT ( ( #3441 ) ) GLOBAL_UNIT_ASSIGNED_CONTEXT ( ( #2748, #203, #776 ) ) REPRESENTATION_CONTEXT ( 'NONE', 'WORKASPACE' ) );
#1707 = CARTESIAN_POINT ( 'NONE',  ( 0.4257995028997517695, -1.250000000000000222, 0.1500000000000000222 ) ) ;
#1708 =( NAMED_UNIT ( * ) SI_UNIT ( $, .STERADIAN. ) SOLID_ANGLE_UNIT ( ) );
#1709 = PLANE ( 'NONE',  #2306 ) ;
#1710 = STYLED_ITEM ( 'NONE', ( #3095 ), #761 ) ;
#1711 = EDGE_CURVE ( 'NONE', #1910, #992, #1297, .T. ) ;
#1712 = MECHANICAL_DESIGN_GEOMETRIC_PRESENTATION_REPRESENTATION (  '', ( #3169 ), #1425 ) ;
#1713 = MECHANICAL_DESIGN_GEOMETRIC_PRESENTATION_REPRESENTATION (  '', ( #1254 ), #146 ) ;
#1714 = CARTESIAN_POINT ( 'NONE',  ( 0.7499999999999995559, 0.9000000000000000222, 0.9499999999999999556 ) ) ;
#1715 = STYLED_ITEM ( 'NONE', ( #967 ), #2517 ) ;
#1716 = VECTOR ( 'NONE', #982, 1000.000000000000000 ) ;
#1717 = VERTEX_POINT ( 'NONE', #1066 ) ;
#1718 = VECTOR ( 'NONE', #271, 1000.000000000000000 ) ;
#1719 = LINE ( 'NONE', #608, #1159 ) ;
#1720 = SURFACE_STYLE_USAGE ( .BOTH. , #2213 ) ;
#1721 = VERTEX_POINT ( 'NONE', #234 ) ;
#1722 = UNCERTAINTY_MEASURE_WITH_UNIT (LENGTH_MEASURE( 1.000000000000000082E-05 ), #1940, 'distance_accuracy_value', 'NONE');
#1723 =( LENGTH_UNIT ( ) NAMED_UNIT ( * ) SI_UNIT ( .MILLI., .METRE. ) );
#1724 = SURFACE_STYLE_FILL_AREA ( #942 ) ;
#1725 = EDGE_CURVE ( 'NONE', #2302, #3484, #1668, .T. ) ;
#1726 = CARTESIAN_POINT ( 'NONE',  ( -1.100000000000000755, 1.249999999999999778, 0.2000000000000000111 ) ) ;
#1727 = SURFACE_STYLE_FILL_AREA ( #3456 ) ;
#1728 = DIRECTION ( 'NONE',  ( -0.000000000000000000, -0.000000000000000000, -1.000000000000000000 ) ) ;
#1729 = CARTESIAN_POINT ( 'NONE',  ( -0.6007995028997513698, -0.5387174280381431535, 1.049999999999999822 ) ) ;
#1730 = VERTEX_POINT ( 'NONE', #2231 ) ;
#1731 = SURFACE_SIDE_STYLE ('',( #1152 ) ) ;
#1732 = UNCERTAINTY_MEASURE_WITH_UNIT (LENGTH_MEASURE( 1.000000000000000082E-05 ), #45, 'distance_accuracy_value', 'NONE');
#1733 = LINE ( 'NONE', #2864, #2987 ) ;
#1734 =( BOUNDED_SURFACE ( )  B_SPLINE_SURFACE ( 3, 3, ( 
 ( #842, #14, #1955, #3357 ),
 ( #3299, #822, #2766, #276 ),
 ( #3582, #2510, #3017, #1091 ),
 ( #1933, #525, #2782, #3032 ),
 ( #547, #1649, #1126, #1467 ),
 ( #2355, #3453, #2836, #2541 ),
 ( #2610, #2575, #613, #3418 ) ),
 .UNSPECIFIED., .T., .F., .T. ) 
 B_SPLINE_SURFACE_WITH_KNOTS ( ( 4, 3, 4 ),
 ( 4, 4 ),
 ( 0.000000000000000000, 0.5000000000000000000, 1.000000000000000000 ),
 ( 0.000000000000000000, 1.000000000000000000 ),
 .UNSPECIFIED. ) 
 GEOMETRIC_REPRESENTATION_ITEM ( )  RATIONAL_B_SPLINE_SURFACE ( (
 ( 1.000000000000000000, 0.8047378541243631611, 0.8047378541243631611, 1.000000000000000000),
 ( 0.3333333333333333703, 0.2682459513747877389, 0.2682459513747877389, 0.3333333333333333703),
 ( 0.3333333333333333703, 0.2682459513747877389, 0.2682459513747877389, 0.3333333333333333703),
 ( 1.000000000000000000, 0.8047378541243631611, 0.8047378541243631611, 1.000000000000000000),
 ( 0.3333333333333333703, 0.2682459513747877389, 0.2682459513747877389, 0.3333333333333333703),
 ( 0.3333333333333333703, 0.2682459513747877389, 0.2682459513747877389, 0.3333333333333333703),
 ( 1.000000000000000000, 0.8047378541243631611, 0.8047378541243631611, 1.000000000000000000) ) ) 
 REPRESENTATION_ITEM ( '' )  SURFACE ( )  );
#1735 = EDGE_CURVE ( 'NONE', #559, #2646, #1912, .T. ) ;
#1736 = ORIENTED_EDGE ( 'NONE', *, *, #2234, .T. ) ;
#1737 = CARTESIAN_POINT ( 'NONE',  ( 0.6999999999999998446, -1.199999999999999956, 0.000000000000000000 ) ) ;
#1738 = ORIENTED_EDGE ( 'NONE', *, *, #334, .F. ) ;
#1739 = PRODUCT_DEFINITION ( 'UNKNOWN', '', #1365, #1187 ) ;
#1740 = ORIENTED_EDGE ( 'NONE', *, *, #1020, .T. ) ;
#1741 = CARTESIAN_POINT ( 'NONE',  ( 0.7499999999999995559, 1.000000000000000000, 0.9499999999999999556 ) ) ;
#1742 = CARTESIAN_POINT ( 'NONE',  ( 0.8499999999999996447, -0.1719179331619905549, 0.9499999999999999556 ) ) ;
#1743 = SURFACE_STYLE_USAGE ( .BOTH. , #931 ) ;
#1744 = FACE_OUTER_BOUND ( 'NONE', #2662, .T. ) ;
#1745 = DIRECTION ( 'NONE',  ( 0.000000000000000000, 1.000000000000000000, 0.000000000000000000 ) ) ;
#1746 = ORIENTED_EDGE ( 'NONE', *, *, #538, .F. ) ;
#1747 = FILL_AREA_STYLE ('',( #602 ) ) ;
#1748 = MECHANICAL_DESIGN_GEOMETRIC_PRESENTATION_REPRESENTATION (  '', ( #2114 ), #64 ) ;
#1749 = DIRECTION ( 'NONE',  ( -0.000000000000000000, -0.000000000000000000, -1.000000000000000000 ) ) ;
#1750 = PRESENTATION_LAYER_ASSIGNMENT (  '', '', ( #127 ) ) ;
#1751 = ORIENTED_EDGE ( 'NONE', *, *, #2795, .F. ) ;
#1752 = CARTESIAN_POINT ( 'NONE',  ( 0.6007995028997513698, -0.5421167739541271624, 1.089048926244319704 ) ) ;
#1753 = VERTEX_POINT ( 'NONE', #3066 ) ;
#1754 = ORIENTED_EDGE ( 'NONE', *, *, #2168, .F. ) ;
#1755 = VECTOR ( 'NONE', #1799, 1000.000000000000000 ) ;
#1756 = FILL_AREA_STYLE ('',( #892 ) ) ;
#1757 = PLANE ( 'NONE',  #506 ) ;
#1758 = COLOUR_RGB ( '',1.000000000000000000, 1.000000000000000000, 1.000000000000000000 ) ;
#1759 =( NAMED_UNIT ( * ) SI_UNIT ( $, .STERADIAN. ) SOLID_ANGLE_UNIT ( ) );
#1760 = PRESENTATION_STYLE_ASSIGNMENT (( #1743 ) ) ;
#1761 = VECTOR ( 'NONE', #3059, 1000.000000000000000 ) ;
#1762 = CARTESIAN_POINT ( 'NONE',  ( 0.5507995028997515474, -0.9939223609342917598, 0.9390132375355648708 ) ) ;
#1763 = PRESENTATION_STYLE_ASSIGNMENT (( #1476 ) ) ;
#1764 =( NAMED_UNIT ( * ) SI_UNIT ( $, .STERADIAN. ) SOLID_ANGLE_UNIT ( ) );
#1765 = PRESENTATION_LAYER_ASSIGNMENT (  '', '', ( #1528 ) ) ;
#1766 = COLOUR_RGB ( '',0.6470588235294117974, 0.6196078431372549211, 0.5882352941176470784 ) ;
#1767 = ADVANCED_FACE ( 'NONE', ( #1384 ), #1593, .F. ) ;
#1768 = ORIENTED_EDGE ( 'NONE', *, *, #3327, .T. ) ;
#1769 = STYLED_ITEM ( 'NONE', ( #774 ), #811 ) ;
#1770 = DIRECTION ( 'NONE',  ( -1.000000000000000000, 0.000000000000000000, 0.000000000000000000 ) ) ;
#1771 = SURFACE_SIDE_STYLE ('',( #1194 ) ) ;
#1772 = PRESENTATION_LAYER_ASSIGNMENT (  '', '', ( #2078 ) ) ;
#1773 = ORIENTED_EDGE ( 'NONE', *, *, #810, .F. ) ;
#1774 = PRESENTATION_LAYER_ASSIGNMENT (  '', '', ( #2825 ) ) ;
#1775 = MECHANICAL_DESIGN_GEOMETRIC_PRESENTATION_REPRESENTATION (  '', ( #3342 ), #2373 ) ;
#1776 = VERTEX_POINT ( 'NONE', #564 ) ;
#1777 = CARTESIAN_POINT ( 'NONE',  ( -0.6007995028997513698, -0.5402636542577143874, 1.090902045940731924 ) ) ;
#1778 = SURFACE_STYLE_USAGE ( .BOTH. , #2061 ) ;
#1779 =( NAMED_UNIT ( * ) SI_UNIT ( $, .STERADIAN. ) SOLID_ANGLE_UNIT ( ) );
#1780 =( GEOMETRIC_REPRESENTATION_CONTEXT ( 3 ) GLOBAL_UNCERTAINTY_ASSIGNED_CONTEXT ( ( #2184 ) ) GLOBAL_UNIT_ASSIGNED_CONTEXT ( ( #2762, #1401, #582 ) ) REPRESENTATION_CONTEXT ( 'NONE', 'WORKASPACE' ) );
#1781 = DIRECTION ( 'NONE',  ( -0.000000000000000000, -0.000000000000000000, -1.000000000000000000 ) ) ;
#1782 = ADVANCED_FACE ( 'NONE', ( #856 ), #269, .F. ) ;
#1783 = SURFACE_STYLE_FILL_AREA ( #3435 ) ;
#1784 = CARTESIAN_POINT ( 'NONE',  ( 0.6007995028997513698, -0.5118087152274390927, 1.139013237535566381 ) ) ;
#1785 = EDGE_CURVE ( 'NONE', #3192, #627, #3056, .T. ) ;
#1786 = CARTESIAN_POINT ( 'NONE',  ( 0.6007995028997513698, -0.4887174280381432756, 1.050000000000000044 ) ) ;
#1787 = CARTESIAN_POINT ( 'NONE',  ( 0.6007995028997513698, -0.7958111693394581687, 1.089048926244319926 ) ) ;
#1788 = CARTESIAN_POINT ( 'NONE',  ( -0.5507995028997514364, -0.9110796484596737077, 1.139013237535566159 ) ) ;
#1789 = SURFACE_STYLE_USAGE ( .BOTH. , #132 ) ;
#1790 = SURFACE_STYLE_FILL_AREA ( #1023 ) ;
#1791 = ORIENTED_EDGE ( 'NONE', *, *, #750, .T. ) ;
#1792 = CARTESIAN_POINT ( 'NONE',  ( 1.099999999999999423, 1.249999999999999778, 0.000000000000000000 ) ) ;
#1793 =( NAMED_UNIT ( * ) SI_UNIT ( $, .STERADIAN. ) SOLID_ANGLE_UNIT ( ) );
#1794 = ORIENTED_EDGE ( 'NONE', *, *, #1564, .T. ) ;
#1795 = ORIENTED_EDGE ( 'NONE', *, *, #2843, .F. ) ;
#1796 = UNCERTAINTY_MEASURE_WITH_UNIT (LENGTH_MEASURE( 1.000000000000000082E-05 ), #1385, 'distance_accuracy_value', 'NONE');
#1797 = SURFACE_SIDE_STYLE ('',( #2623 ) ) ;
#1798 = FILL_AREA_STYLE_COLOUR ( '', #1316 ) ;
#1799 = DIRECTION ( 'NONE',  ( -0.000000000000000000, -0.000000000000000000, -1.000000000000000000 ) ) ;
#1800 =( GEOMETRIC_REPRESENTATION_CONTEXT ( 3 ) GLOBAL_UNCERTAINTY_ASSIGNED_CONTEXT ( ( #1954 ) ) GLOBAL_UNIT_ASSIGNED_CONTEXT ( ( #1281, #3229, #190 ) ) REPRESENTATION_CONTEXT ( 'NONE', 'WORKASPACE' ) );
#1801 = FACE_OUTER_BOUND ( 'NONE', #2888, .T. ) ;
#1802 = CARTESIAN_POINT ( 'NONE',  ( 0.6007995028997513698, -0.5421167739541268293, 1.089048926244320148 ) ) ;
#1803 = SURFACE_SIDE_STYLE ('',( #108 ) ) ;
#1804 = CARTESIAN_POINT ( 'NONE',  ( 0.5507995028997514364, -0.9110796484596737077, 1.139013237535566159 ) ) ;
#1805 = FILL_AREA_STYLE ('',( #698 ) ) ;
#1806 = LINE ( 'NONE', #2928, #788 ) ;
#1807 = UNCERTAINTY_MEASURE_WITH_UNIT (LENGTH_MEASURE( 1.000000000000000082E-05 ), #2802, 'distance_accuracy_value', 'NONE');
#1808 = CARTESIAN_POINT ( 'NONE',  ( -0.7500000000000000000, 0.8999999999999990230, 0.9499999999999999556 ) ) ;
#1809 =( LENGTH_UNIT ( ) NAMED_UNIT ( * ) SI_UNIT ( .MILLI., .METRE. ) );
#1810 = ORIENTED_EDGE ( 'NONE', *, *, #2481, .T. ) ;
#1811 = FILL_AREA_STYLE ('',( #517 ) ) ;
#1812 = EDGE_LOOP ( 'NONE', ( #1583, #3574, #286, #3472 ) ) ;
#1813 = ORIENTED_EDGE ( 'NONE', *, *, #1858, .T. ) ;
#1814 = PRESENTATION_STYLE_ASSIGNMENT (( #1287 ) ) ;
#1815 =( GEOMETRIC_REPRESENTATION_CONTEXT ( 3 ) GLOBAL_UNCERTAINTY_ASSIGNED_CONTEXT ( ( #1317 ) ) GLOBAL_UNIT_ASSIGNED_CONTEXT ( ( #1054, #756, #1863 ) ) REPRESENTATION_CONTEXT ( 'NONE', 'WORKASPACE' ) );
#1816 = FACE_OUTER_BOUND ( 'NONE', #3412, .T. ) ;
#1817 = SURFACE_SIDE_STYLE ('',( #714 ) ) ;
#1818 = AXIS2_PLACEMENT_3D ( 'NONE', #1714, #338, #1441 ) ;
#1819 = CARTESIAN_POINT ( 'NONE',  ( 0.6007995028997513698, -1.042780233878517260, 1.087327749385893272 ) ) ;
#1820 = CARTESIAN_POINT ( 'NONE',  ( -0.6999999999999998446, -1.199999999999999956, -0.05000000000000000278 ) ) ;
#1821 = CARTESIAN_POINT ( 'NONE',  ( -0.6007995028997513698, -0.9450644879900680362, 1.025013300735999611 ) ) ;
#1822 = EDGE_CURVE ( 'NONE', #883, #2572, #3362, .T. ) ;
#1823 = COLOUR_RGB ( '',0.2980392156862745057, 0.2980392156862745057, 0.2980392156862745057 ) ;
#1824 = CARTESIAN_POINT ( 'NONE',  ( -0.7000000000000000666, 1.199999999999999956, -0.05000000000000000278 ) ) ;
#1825 = VECTOR ( 'NONE', #1018, 1000.000000000000000 ) ;
#1826 = CARTESIAN_POINT ( 'NONE',  ( -0.5757995028997514586, -0.9939223609342915378, 0.9390132375355650929 ) ) ;
#1827 = ADVANCED_FACE ( 'NONE', ( #312 ), #2528, .F. ) ;
#1828 = AXIS2_PLACEMENT_3D ( 'NONE', #511, #1052, #178 ) ;
#1829 = VERTEX_POINT ( 'NONE', #1674 ) ;
#1830 = UNCERTAINTY_MEASURE_WITH_UNIT (LENGTH_MEASURE( 1.000000000000000082E-05 ), #843, 'distance_accuracy_value', 'NONE');
#1831 = CARTESIAN_POINT ( 'NONE',  ( -0.5757995028997514586, -0.4887174280381432756, 1.050000000000000044 ) ) ;
#1832 = ORIENTED_EDGE ( 'NONE', *, *, #1735, .F. ) ;
#1833 = ORIENTED_EDGE ( 'NONE', *, *, #2566, .T. ) ;
#1834 = PRESENTATION_LAYER_ASSIGNMENT (  '', '', ( #2526 ) ) ;
#1835 = EDGE_LOOP ( 'NONE', ( #3481, #2756, #3126, #453 ) ) ;
#1836 =( GEOMETRIC_REPRESENTATION_CONTEXT ( 3 ) GLOBAL_UNCERTAINTY_ASSIGNED_CONTEXT ( ( #1175 ) ) GLOBAL_UNIT_ASSIGNED_CONTEXT ( ( #665, #2885, #394 ) ) REPRESENTATION_CONTEXT ( 'NONE', 'WORKASPACE' ) );
#1837 = DIRECTION ( 'NONE',  ( 1.000000000000000000, 1.734723475976807094E-16, -0.000000000000000000 ) ) ;
#1838 = DIRECTION ( 'NONE',  ( -0.000000000000000000, -0.000000000000000000, -1.000000000000000000 ) ) ;
#1839 = PRESENTATION_LAYER_ASSIGNMENT (  '', '', ( #3399 ) ) ;
#1840 = CARTESIAN_POINT ( 'NONE',  ( -0.5507995028997514364, -0.5118087152274390927, 1.139013237535566381 ) ) ;
#1841 =( GEOMETRIC_REPRESENTATION_CONTEXT ( 3 ) GLOBAL_UNCERTAINTY_ASSIGNED_CONTEXT ( ( #891 ) ) GLOBAL_UNIT_ASSIGNED_CONTEXT ( ( #2383, #1296, #1017 ) ) REPRESENTATION_CONTEXT ( 'NONE', 'WORKASPACE' ) );
#1842 = VECTOR ( 'NONE', #1960, 1000.000000000000000 ) ;
#1843 = CARTESIAN_POINT ( 'NONE',  ( 0.6007995028997513698, -0.9939223609342915378, 0.9390132375355652039 ) ) ;
#1844 = VECTOR ( 'NONE', #1144, 1000.000000000000000 ) ;
#1845 = FACE_OUTER_BOUND ( 'NONE', #3532, .T. ) ;
#1846 = CARTESIAN_POINT ( 'NONE',  ( 0.7257995028997515918, -1.050000000000000044, 0.1500000000000000222 ) ) ;
#1847 = EDGE_CURVE ( 'NONE', #1267, #2082, #2798, .T. ) ;
#1848 = MECHANICAL_DESIGN_GEOMETRIC_PRESENTATION_REPRESENTATION (  '', ( #2591 ), #1179 ) ;
#1849 = CARTESIAN_POINT ( 'NONE',  ( 0.6007995028997514808, -0.9939223609342927590, 1.056170525060946552 ) ) ;
#1850 = CARTESIAN_POINT ( 'NONE',  ( -0.6007995028997513698, -1.042780233878517260, 1.087327749385893272 ) ) ;
#1851 = SURFACE_SIDE_STYLE ('',( #1790 ) ) ;
#1852 = CARTESIAN_POINT ( 'NONE',  ( -0.8500000000000007550, 0.8999999999999990230, 0.9000000000000000222 ) ) ;
#1853 =( NAMED_UNIT ( * ) PLANE_ANGLE_UNIT ( ) SI_UNIT ( $, .RADIAN. ) );
#1854 = ORIENTED_EDGE ( 'NONE', *, *, #3215, .F. ) ;
#1855 = ORIENTED_EDGE ( 'NONE', *, *, #642, .T. ) ;
#1856 = ORIENTED_EDGE ( 'NONE', *, *, #428, .F. ) ;
#1857 = DIRECTION ( 'NONE',  ( 1.000000000000000000, 0.000000000000000000, 0.000000000000000000 ) ) ;
#1858 = EDGE_CURVE ( 'NONE', #3196, #543, #40, .T. ) ;
#1859 =( LENGTH_UNIT ( ) NAMED_UNIT ( * ) SI_UNIT ( .MILLI., .METRE. ) );
#1860 = SURFACE_STYLE_USAGE ( .BOTH. , #2396 ) ;
#1861 = SURFACE_STYLE_FILL_AREA ( #2194 ) ;
#1862 = CARTESIAN_POINT ( 'NONE',  ( 0.8499999999999996447, -0.1719179331619905549, 0.9499999999999999556 ) ) ;
#1863 =( NAMED_UNIT ( * ) SI_UNIT ( $, .STERADIAN. ) SOLID_ANGLE_UNIT ( ) );
#1864 =( BOUNDED_SURFACE ( )  B_SPLINE_SURFACE ( 3, 3, ( 
 ( #3535, #1840, #735, #2945 ),
 ( #236, #803, #787, #1573 ),
 ( #2142, #2686, #1304, #522 ),
 ( #3549, #1627, #1289, #1068 ),
 ( #1273, #3251, #2192, #459 ),
 ( #1895, #1878, #769, #2982 ),
 ( #2742, #2414, #3488, #217 ) ),
 .UNSPECIFIED., .T., .F., .F. ) 
 B_SPLINE_SURFACE_WITH_KNOTS ( ( 4, 3, 4 ),
 ( 4, 4 ),
 ( 0.000000000000000000, 0.5000000000000000000, 1.000000000000000000 ),
 ( 0.000000000000000000, 1.000000000000000000 ),
 .UNSPECIFIED. ) 
 GEOMETRIC_REPRESENTATION_ITEM ( )  RATIONAL_B_SPLINE_SURFACE ( (
 ( 1.000000000000000000, 0.8135592450094720762, 0.8135592450094720762, 1.000000000000000000),
 ( 0.3333333333333333703, 0.2711864150031573772, 0.2711864150031573772, 0.3333333333333333703),
 ( 0.3333333333333333703, 0.2711864150031573772, 0.2711864150031573772, 0.3333333333333333703),
 ( 1.000000000000000000, 0.8135592450094720762, 0.8135592450094720762, 1.000000000000000000),
 ( 0.3333333333333333703, 0.2711864150031573772, 0.2711864150031573772, 0.3333333333333333703),
 ( 0.3333333333333333703, 0.2711864150031573772, 0.2711864150031573772, 0.3333333333333333703),
 ( 1.000000000000000000, 0.8135592450094720762, 0.8135592450094720762, 1.000000000000000000) ) ) 
 REPRESENTATION_ITEM ( '' )  SURFACE ( )  );
#1865 = CARTESIAN_POINT ( 'NONE',  ( -0.5507995028997515474, -0.5420964890271725567, 1.090122496621836357 ) ) ;
#1866 = CARTESIAN_POINT ( 'NONE',  ( -0.7257995028997513698, -1.250000000000000222, 0.1500000000000000222 ) ) ;
#1867 = SURFACE_STYLE_USAGE ( .BOTH. , #2131 ) ;
#1868 =( NAMED_UNIT ( * ) SI_UNIT ( $, .STERADIAN. ) SOLID_ANGLE_UNIT ( ) );
#1869 = UNCERTAINTY_MEASURE_WITH_UNIT (LENGTH_MEASURE( 1.000000000000000082E-05 ), #15, 'distance_accuracy_value', 'NONE');
#1870 = CARTESIAN_POINT ( 'NONE',  ( -0.9000000000000006883, 1.049999999999999822, 0.9000000000000000222 ) ) ;
#1871 = EDGE_LOOP ( 'NONE', ( #397, #1553, #93, #155 ) ) ;
#1872 = EDGE_LOOP ( 'NONE', ( #263, #3139, #2391, #2186 ) ) ;
#1873 = ORIENTED_EDGE ( 'NONE', *, *, #2626, .F. ) ;
#1874 = PRESENTATION_STYLE_ASSIGNMENT (( #413 ) ) ;
#1875 = CARTESIAN_POINT ( 'NONE',  ( 0.5507995028997515474, -0.9939223609342915378, 0.9390132375355650929 ) ) ;
#1876 =( NAMED_UNIT ( * ) SI_UNIT ( $, .STERADIAN. ) SOLID_ANGLE_UNIT ( ) );
#1877 = VECTOR ( 'NONE', #2502, 1000.000000000000000 ) ;
#1878 = CARTESIAN_POINT ( 'NONE',  ( -0.5507995028997515474, -0.5420964890271725567, 1.090122496621836357 ) ) ;
#1879 = COLOUR_RGB ( '',0.6470588235294117974, 0.6196078431372549211, 0.5882352941176470784 ) ;
#1880 = B_SPLINE_CURVE_WITH_KNOTS ( 'NONE', 1,
 ( #1220, #3457 ),
 .UNSPECIFIED., .F., .F.,
 ( 2, 2 ),
 ( 0.000000000000000000, 1.000000000000000000 ),
 .UNSPECIFIED. ) ;
#1881 = DIRECTION ( 'NONE',  ( 0.000000000000000000, 1.000000000000000000, 0.000000000000000000 ) ) ;
#1882 = DIRECTION ( 'NONE',  ( -1.000000000000000000, -0.000000000000000000, -0.000000000000000000 ) ) ;
#1883 = AXIS2_PLACEMENT_3D ( 'NONE', #3474, #2175, #159 ) ;
#1884 = DIRECTION ( 'NONE',  ( 0.000000000000000000, 0.03777616810331912295, 0.9992862258249284313 ) ) ;
#1885 = FILL_AREA_STYLE_COLOUR ( '', #3325 ) ;
#1886 =( NAMED_UNIT ( * ) SI_UNIT ( $, .STERADIAN. ) SOLID_ANGLE_UNIT ( ) );
#1887 = COLOUR_RGB ( '',0.6470588235294117974, 0.6196078431372549211, 0.5882352941176470784 ) ;
#1888 = MECHANICAL_DESIGN_GEOMETRIC_PRESENTATION_REPRESENTATION (  '', ( #1240 ), #2361 ) ;
#1889 = EDGE_LOOP ( 'NONE', ( #136, #2977, #2018, #1484 ) ) ;
#1890 = COLOUR_RGB ( '',0.7921568627450980005, 0.8196078431372548767, 0.9333333333333333481 ) ;
#1891 = EDGE_CURVE ( 'NONE', #1913, #3484, #3304, .T. ) ;
#1892 = CARTESIAN_POINT ( 'NONE',  ( -0.5757995028997514586, -0.9939223609342915378, 0.9390132375355650929 ) ) ;
#1893 = LINE ( 'NONE', #2922, #305 ) ;
#1894 = ORIENTED_EDGE ( 'NONE', *, *, #1558, .F. ) ;
#1895 = CARTESIAN_POINT ( 'NONE',  ( -0.5507995028997515474, -0.5421167739541268293, 1.089048926244320148 ) ) ;
#1896 = CARTESIAN_POINT ( 'NONE',  ( -0.5757995028997514586, -0.9939223609342915378, 0.2000000000000000944 ) ) ;
#1897 = STYLED_ITEM ( 'NONE', ( #259 ), #669 ) ;
#1898 = LINE ( 'NONE', #1611, #3233 ) ;
#1899 =( NAMED_UNIT ( * ) SI_UNIT ( $, .STERADIAN. ) SOLID_ANGLE_UNIT ( ) );
#1900 =( GEOMETRIC_REPRESENTATION_CONTEXT ( 3 ) GLOBAL_UNCERTAINTY_ASSIGNED_CONTEXT ( ( #1655 ) ) GLOBAL_UNIT_ASSIGNED_CONTEXT ( ( #1047, #541, #3264 ) ) REPRESENTATION_CONTEXT ( 'NONE', 'WORKASPACE' ) );
#1901 = STYLED_ITEM ( 'NONE', ( #2962 ), #831 ) ;
#1902 = FILL_AREA_STYLE_COLOUR ( '', #2164 ) ;
#1903 = CARTESIAN_POINT ( 'NONE',  ( -0.5757995028997514586, -0.4887174280381432756, 1.050000000000000044 ) ) ;
#1904 = COLOUR_RGB ( '',0.6470588235294117974, 0.6196078431372549211, 0.5882352941176470784 ) ;
#1905 = ADVANCED_FACE ( 'NONE', ( #2515 ), #1979, .F. ) ;
#1906 = LINE ( 'NONE', #465, #610 ) ;
#1907 = CARTESIAN_POINT ( 'NONE',  ( 0.6007995028997513698, -0.4913372246352309958, 1.119301011335299911 ) ) ;
#1908 = DIRECTION ( 'NONE',  ( 0.000000000000000000, -0.9992862258249285423, 0.03777616810331912989 ) ) ;
#1909 = SURFACE_STYLE_USAGE ( .BOTH. , #1679 ) ;
#1910 = VERTEX_POINT ( 'NONE', #175 ) ;
#1911 = CARTESIAN_POINT ( 'NONE',  ( -0.6007995028997513698, -0.7958111693394577246, 1.089048926244319704 ) ) ;
#1912 = LINE ( 'NONE', #1341, #2687 ) ;
#1913 = VERTEX_POINT ( 'NONE', #1271 ) ;
#1914 = SURFACE_STYLE_FILL_AREA ( #177 ) ;
#1915 = FACE_OUTER_BOUND ( 'NONE', #1123, .T. ) ;
#1916 = CARTESIAN_POINT ( 'NONE',  ( -0.5507995028997515474, -0.7939223609342919152, 1.139013237535566381 ) ) ;
#1917 = CARTESIAN_POINT ( 'NONE',  ( -0.6007995028997513698, -0.4815209414277053512, 1.187903978449296849 ) ) ;
#1918 = DIRECTION ( 'NONE',  ( 0.000000000000000000, 0.000000000000000000, 1.000000000000000000 ) ) ;
#1919 = LINE ( 'NONE', #824, #1948 ) ;
#1920 = SURFACE_STYLE_FILL_AREA ( #3020 ) ;
#1921 = DIRECTION ( 'NONE',  ( -0.000000000000000000, -0.000000000000000000, 1.000000000000000000 ) ) ;
#1922 = CARTESIAN_POINT ( 'NONE',  ( -0.6007995028997513698, -0.5421167739541271624, 1.089048926244319704 ) ) ;
#1923 = EDGE_CURVE ( 'NONE', #3156, #607, #1048, .T. ) ;
#1924 =( NAMED_UNIT ( * ) PLANE_ANGLE_UNIT ( ) SI_UNIT ( $, .RADIAN. ) );
#1925 = LINE ( 'NONE', #209, #1619 ) ;
#1926 = ORIENTED_EDGE ( 'NONE', *, *, #659, .F. ) ;
#1927 = SURFACE_SIDE_STYLE ('',( #1339 ) ) ;
#1928 = CARTESIAN_POINT ( 'NONE',  ( -0.5507995028997515474, -0.9939223609342915378, 0.9390132375355650929 ) ) ;
#1929 = DIRECTION ( 'NONE',  ( 1.000000000000000000, 0.000000000000000000, 0.000000000000000000 ) ) ;
#1930 = DIRECTION ( 'NONE',  ( -1.000000000000000000, -0.000000000000000000, -0.000000000000000000 ) ) ;
#1931 =( LENGTH_UNIT ( ) NAMED_UNIT ( * ) SI_UNIT ( .MILLI., .METRE. ) );
#1932 = PRESENTATION_LAYER_ASSIGNMENT (  '', '', ( #476 ) ) ;
#1933 = CARTESIAN_POINT ( 'NONE',  ( 0.6007995028997513698, -0.9939223609342917598, 0.9390132375355648708 ) ) ;
#1934 = CARTESIAN_POINT ( 'NONE',  ( -0.6007995028997513698, -0.5421167739541268293, 1.089048926244320148 ) ) ;
#1935 = MECHANICAL_DESIGN_GEOMETRIC_PRESENTATION_REPRESENTATION (  '', ( #3089 ), #1292 ) ;
#1936 = CARTESIAN_POINT ( 'NONE',  ( 0.5757995028997514586, -0.4887174280381432756, 1.050000000000000044 ) ) ;
#1937 = EDGE_CURVE ( 'NONE', #315, #1225, #124, .T. ) ;
#1938 = SURFACE_STYLE_USAGE ( .BOTH. , #3588 ) ;
#1939 = MECHANICAL_DESIGN_GEOMETRIC_PRESENTATION_REPRESENTATION (  '', ( #1170 ), #2179 ) ;
#1940 =( LENGTH_UNIT ( ) NAMED_UNIT ( * ) SI_UNIT ( .MILLI., .METRE. ) );
#1941 = CARTESIAN_POINT ( 'NONE',  ( -0.5757995028997514586, -0.7939223609342919152, 1.139013237535566159 ) ) ;
#1942 = ADVANCED_FACE ( 'NONE', ( #2921 ), #1030, .F. ) ;
#1943 = COLOUR_RGB ( '',0.6470588235294117974, 0.6196078431372549211, 0.5882352941176470784 ) ;
#1944 =( GEOMETRIC_REPRESENTATION_CONTEXT ( 3 ) GLOBAL_UNCERTAINTY_ASSIGNED_CONTEXT ( ( #2634 ) ) GLOBAL_UNIT_ASSIGNED_CONTEXT ( ( #1809, #2931, #1868 ) ) REPRESENTATION_CONTEXT ( 'NONE', 'WORKASPACE' ) );
#1945 = CARTESIAN_POINT ( 'NONE',  ( 0.5507995028997515474, -0.4902636542577143985, 1.090902045940732146 ) ) ;
#1946 = EDGE_CURVE ( 'NONE', #118, #1487, #2375, .T. ) ;
#1947 = ORIENTED_EDGE ( 'NONE', *, *, #2223, .T. ) ;
#1949 = CARTESIAN_POINT ( 'NONE',  ( -0.6007995028997513698, -0.7920335525291258838, 1.188977548826812169 ) ) ;
#1948 = VECTOR ( 'NONE', #3552, 1000.000000000000000 ) ;
#1950 = DIRECTION ( 'NONE',  ( 0.000000000000000000, -0.000000000000000000, -1.000000000000000000 ) ) ;
#1951 = DIRECTION ( 'NONE',  ( -0.000000000000000000, -0.000000000000000000, 1.000000000000000000 ) ) ;
#1952 = LINE ( 'NONE', #581, #2336 ) ;
#1953 = PRESENTATION_LAYER_ASSIGNMENT (  '', '', ( #2524 ) ) ;
#1954 = UNCERTAINTY_MEASURE_WITH_UNIT (LENGTH_MEASURE( 1.000000000000000082E-05 ), #1281, 'distance_accuracy_value', 'NONE');
#1955 = CARTESIAN_POINT ( 'NONE',  ( 0.5507995028997514364, -0.9110796484596737077, 1.139013237535566159 ) ) ;
#1956 = CARTESIAN_POINT ( 'NONE',  ( -0.6007995028997513698, -0.9384592559742888085, 1.190083987173834235 ) ) ;
#1957 = PRESENTATION_LAYER_ASSIGNMENT (  '', '', ( #382 ) ) ;
#1958 = CARTESIAN_POINT ( 'NONE',  ( 0.6007995028997513698, -0.5402636542577144985, 1.090902045940732590 ) ) ;
#1959 = MECHANICAL_DESIGN_GEOMETRIC_PRESENTATION_REPRESENTATION (  '', ( #2195 ), #1014 ) ;
#1960 = DIRECTION ( 'NONE',  ( 0.000000000000000000, 1.000000000000000000, 0.000000000000000000 ) ) ;
#1961 = PRESENTATION_STYLE_ASSIGNMENT (( #2799 ) ) ;
#1962 = EDGE_CURVE ( 'NONE', #1046, #373, #3499, .T. ) ;
#1963 =( BOUNDED_SURFACE ( )  B_SPLINE_SURFACE ( 3, 1, ( 
 ( #2853, #3085 ),
 ( #2835, #103 ),
 ( #2340, #3417 ),
 ( #3394, #1214 ),
 ( #1777, #3375 ),
 ( #1448, #671 ),
 ( #1703, #3106 ) ),
 .UNSPECIFIED., .T., .F., .F. ) 
 B_SPLINE_SURFACE_WITH_KNOTS ( ( 4, 3, 4 ),
 ( 2, 2 ),
 ( 0.000000000000000000, 0.5000000000000000000, 1.000000000000000000 ),
 ( 0.000000000000000000, 1.000000000000000000 ),
 .UNSPECIFIED. ) 
 GEOMETRIC_REPRESENTATION_ITEM ( )  RATIONAL_B_SPLINE_SURFACE ( (
 ( 1.000000000000000000, 1.000000000000000000),
 ( 0.3333333333333333703, 0.3333333333333333703),
 ( 0.3333333333333333703, 0.3333333333333333703),
 ( 1.000000000000000000, 1.000000000000000000),
 ( 0.3333333333333333703, 0.3333333333333333703),
 ( 0.3333333333333333703, 0.3333333333333333703),
 ( 1.000000000000000000, 1.000000000000000000) ) ) 
 REPRESENTATION_ITEM ( '' )  SURFACE ( )  );
#1964 = VECTOR ( 'NONE', #552, 1000.000000000000000 ) ;
#1965 = CARTESIAN_POINT ( 'NONE',  ( -0.5507995028997515474, -0.4887174280381432756, 1.050000000000000044 ) ) ;
#1966 =( NAMED_UNIT ( * ) PLANE_ANGLE_UNIT ( ) SI_UNIT ( $, .RADIAN. ) );
#1967 = STYLED_ITEM ( 'NONE', ( #1763 ), #106 ) ;
#1968 = MECHANICAL_DESIGN_GEOMETRIC_PRESENTATION_REPRESENTATION (  '', ( #1901 ), #611 ) ;
#1969 = STYLED_ITEM ( 'NONE', ( #467 ), #2785 ) ;
#1970 = VERTEX_POINT ( 'NONE', #1587 ) ;
#1971 = CARTESIAN_POINT ( 'NONE',  ( 0.7499999999999995559, 1.000000000000000000, 0.9499999999999999556 ) ) ;
#1972 = ORIENTED_EDGE ( 'NONE', *, *, #1923, .T. ) ;
#1973 = SURFACE_STYLE_FILL_AREA ( #5 ) ;
#1974 = LINE ( 'NONE', #3068, #2783 ) ;
#1975 = CARTESIAN_POINT ( 'NONE',  ( -0.4257995028997514364, -1.250000000000000222, 0.1500000000000000222 ) ) ;
#1976 = FILL_AREA_STYLE ('',( #2796 ) ) ;
#1977 = AXIS2_PLACEMENT_3D ( 'NONE', #3293, #2207, #814 ) ;
#1978 = CARTESIAN_POINT ( 'NONE',  ( 0.6007995028997513698, -0.5118087152274390927, 1.139013237535566381 ) ) ;
#1979 = PLANE ( 'NONE',  #1572 ) ;
#1980 = LINE ( 'NONE', #2752, #1540 ) ;
#1981 = CARTESIAN_POINT ( 'NONE',  ( -0.5507995028997515474, -0.7939223609342919152, 1.139013237535566381 ) ) ;
#1982 = VECTOR ( 'NONE', #3413, 1000.000000000000000 ) ;
#1983 =( BOUNDED_SURFACE ( )  B_SPLINE_SURFACE ( 3, 3, ( 
 ( #866, #23, #1131, #1981 ),
 ( #1423, #2533, #1439, #2615 ),
 ( #2363, #1850, #1223, #442 ),
 ( #166, #1238, #3461, #2421 ),
 ( #1545, #1821, #3220, #741 ),
 ( #1278, #699, #2347, #3149 ),
 ( #2090, #3440, #1788, #111 ) ),
 .UNSPECIFIED., .T., .F., .T. ) 
 B_SPLINE_SURFACE_WITH_KNOTS ( ( 4, 3, 4 ),
 ( 4, 4 ),
 ( 0.000000000000000000, 0.5000000000000000000, 1.000000000000000000 ),
 ( 0.000000000000000000, 1.000000000000000000 ),
 .UNSPECIFIED. ) 
 GEOMETRIC_REPRESENTATION_ITEM ( )  RATIONAL_B_SPLINE_SURFACE ( (
 ( 1.000000000000000000, 0.8047378541243631611, 0.8047378541243631611, 1.000000000000000000),
 ( 0.3333333333333333703, 0.2682459513747877389, 0.2682459513747877389, 0.3333333333333333703),
 ( 0.3333333333333333703, 0.2682459513747877389, 0.2682459513747877389, 0.3333333333333333703),
 ( 1.000000000000000000, 0.8047378541243631611, 0.8047378541243631611, 1.000000000000000000),
 ( 0.3333333333333333703, 0.2682459513747877389, 0.2682459513747877389, 0.3333333333333333703),
 ( 0.3333333333333333703, 0.2682459513747877389, 0.2682459513747877389, 0.3333333333333333703),
 ( 1.000000000000000000, 0.8047378541243631611, 0.8047378541243631611, 1.000000000000000000) ) ) 
 REPRESENTATION_ITEM ( '' )  SURFACE ( )  );
#1984 =( NAMED_UNIT ( * ) PLANE_ANGLE_UNIT ( ) SI_UNIT ( $, .RADIAN. ) );
#1985 = CARTESIAN_POINT ( 'NONE',  ( 0.5757995028997514586, -0.4887174280381432756, 0.9499999999999999556 ) ) ;
#1986 = EDGE_LOOP ( 'NONE', ( #3153, #1151, #3232, #1854 ) ) ;
#1987 = CARTESIAN_POINT ( 'NONE',  ( 0.6007995028997513698, -0.5383391571437956546, 1.188977548826812836 ) ) ;
#1988 = CARTESIAN_POINT ( 'NONE',  ( -1.100000000000000089, 1.250000000000000000, 0.2000000000000000111 ) ) ;
#1989 =( NAMED_UNIT ( * ) PLANE_ANGLE_UNIT ( ) SI_UNIT ( $, .RADIAN. ) );
#1990 = UNCERTAINTY_MEASURE_WITH_UNIT (LENGTH_MEASURE( 1.000000000000000082E-05 ), #197, 'distance_accuracy_value', 'NONE');
#1991 = PRESENTATION_STYLE_ASSIGNMENT (( #2254 ) ) ;
#1992 = SURFACE_STYLE_FILL_AREA ( #1071 ) ;
#1993 = CARTESIAN_POINT ( 'NONE',  ( -1.050000000000000044, 1.199999999999999956, -0.05000000000000000278 ) ) ;
#1994 = CARTESIAN_POINT ( 'NONE',  ( 0.5507995028997515474, -0.9939223609342915378, 0.9390132375355652039 ) ) ;
#1995 =( NAMED_UNIT ( * ) PLANE_ANGLE_UNIT ( ) SI_UNIT ( $, .RADIAN. ) );
#1996 = MECHANICAL_DESIGN_GEOMETRIC_PRESENTATION_REPRESENTATION (  '', ( #713 ), #536 ) ;
#1997 = UNCERTAINTY_MEASURE_WITH_UNIT (LENGTH_MEASURE( 1.000000000000000082E-05 ), #3223, 'distance_accuracy_value', 'NONE');
#1998 = SURFACE_STYLE_USAGE ( .BOTH. , #882 ) ;
#1999 = EDGE_LOOP ( 'NONE', ( #3140, #2331, #1754, #2269 ) ) ;
#2000 = CARTESIAN_POINT ( 'NONE',  ( 0.000000000000000000, 0.000000000000000000, 0.6000000000000000888 ) ) ;
#2001 = AXIS2_PLACEMENT_3D ( 'NONE', #1846, #512, #1013 ) ;
#2002 = EDGE_CURVE ( 'NONE', #410, #559, #3235, .T. ) ;
#2003 = PLANE ( 'NONE',  #1309 ) ;
#2004 = VERTEX_POINT ( 'NONE', #2665 ) ;
#2005 = STYLED_ITEM ( 'NONE', ( #3368 ), #2953 ) ;
#2006 = CARTESIAN_POINT ( 'NONE',  ( 0.7257995028997515918, -1.250000000000000000, 0.1500000000000000222 ) ) ;
#2007 = ADVANCED_FACE ( 'NONE', ( #3452 ), #3180, .F. ) ;
#2008 = VERTEX_POINT ( 'NONE', #562 ) ;
#2009 = CARTESIAN_POINT ( 'NONE',  ( 0.7000000000000000666, 1.199999999999999956, -0.05000000000000000278 ) ) ;
#2010 = SURFACE_SIDE_STYLE ('',( #2043 ) ) ;
#2011 = SURFACE_STYLE_FILL_AREA ( #3143 ) ;
#2012 = AXIS2_PLACEMENT_3D ( 'NONE', #2775, #3542, #518 ) ;
#2013 =( NAMED_UNIT ( * ) PLANE_ANGLE_UNIT ( ) SI_UNIT ( $, .RADIAN. ) );
#2014 = MECHANICAL_DESIGN_GEOMETRIC_PRESENTATION_REPRESENTATION (  '', ( #1528 ), #2872 ) ;
#2015 = CARTESIAN_POINT ( 'NONE',  ( -1.100000000000000755, 1.249999999999999778, 0.000000000000000000 ) ) ;
#2016 = DIRECTION ( 'NONE',  ( -1.000000000000000000, -0.000000000000000000, -0.000000000000000000 ) ) ;
#2017 = FILL_AREA_STYLE_COLOUR ( '', #848 ) ;
#2018 = ORIENTED_EDGE ( 'NONE', *, *, #2829, .F. ) ;
#2019 = FILL_AREA_STYLE ('',( #316 ) ) ;
#2020 = EDGE_CURVE ( 'NONE', #3026, #3127, #2724, .T. ) ;
#2021 = COLOUR_RGB ( '',0.2980392156862745057, 0.2980392156862745057, 0.2980392156862745057 ) ;
#2022 = MECHANICAL_DESIGN_GEOMETRIC_PRESENTATION_REPRESENTATION (  '', ( #1769 ), #2935 ) ;
#2023 = SURFACE_SIDE_STYLE ('',( #2805 ) ) ;
#2024 = AXIS2_PLACEMENT_3D ( 'NONE', #3376, #3160, #1501 ) ;
#2025 = ORIENTED_EDGE ( 'NONE', *, *, #3240, .T. ) ;
#2026 =( GEOMETRIC_REPRESENTATION_CONTEXT ( 3 ) GLOBAL_UNCERTAINTY_ASSIGNED_CONTEXT ( ( #1618 ) ) GLOBAL_UNIT_ASSIGNED_CONTEXT ( ( #3391, #117, #2848 ) ) REPRESENTATION_CONTEXT ( 'NONE', 'WORKASPACE' ) );
#2027 = CARTESIAN_POINT ( 'NONE',  ( 0.5507995028997515474, -0.5402279655489612420, 1.139013237535566159 ) ) ;
#2028 = EDGE_LOOP ( 'NONE', ( #2850, #667, #320, #622 ) ) ;
#2029 = ORIENTED_EDGE ( 'NONE', *, *, #1671, .F. ) ;
#2030 =( NAMED_UNIT ( * ) SI_UNIT ( $, .STERADIAN. ) SOLID_ANGLE_UNIT ( ) );
#2031 = FILL_AREA_STYLE_COLOUR ( '', #1000 ) ;
#2032 = PLANE ( 'NONE',  #1260 ) ;
#2033 = CARTESIAN_POINT ( 'NONE',  ( -1.100000000000000755, 1.249999999999999778, 0.2000000000000000111 ) ) ;
#2034 =( NAMED_UNIT ( * ) PLANE_ANGLE_UNIT ( ) SI_UNIT ( $, .RADIAN. ) );
#2035 = ORIENTED_EDGE ( 'NONE', *, *, #3060, .T. ) ;
#2036 = CARTESIAN_POINT ( 'NONE',  ( -0.7500000000000000000, 0.9999999999999997780, 0.9499999999999999556 ) ) ;
#2037 = PLANE ( 'NONE',  #1470 ) ;
#2038 = VERTEX_POINT ( 'NONE', #2757 ) ;
#2039 = CARTESIAN_POINT ( 'NONE',  ( -1.050000000000000044, -1.199999999999999956, -0.05000000000000000278 ) ) ;
#2040 = ORIENTED_EDGE ( 'NONE', *, *, #1405, .F. ) ;
#2041 = ORIENTED_EDGE ( 'NONE', *, *, #1239, .T. ) ;
#2042 = DIRECTION ( 'NONE',  ( 9.035018104045870694E-17, 1.000000000000000000, 0.000000000000000000 ) ) ;
#2043 = SURFACE_STYLE_FILL_AREA ( #893 ) ;
#2044 = DIRECTION ( 'NONE',  ( -0.000000000000000000, 1.000000000000000000, -0.000000000000000000 ) ) ;
#2045 = CARTESIAN_POINT ( 'NONE',  ( 0.6007995028997513698, -1.043886672225537993, 0.2018888084051660148 ) ) ;
#2046 = SURFACE_STYLE_USAGE ( .BOTH. , #2088 ) ;
#2047 = FACE_OUTER_BOUND ( 'NONE', #1268, .T. ) ;
#2048 = EDGE_CURVE ( 'NONE', #628, #99, #2479, .T. ) ;
#2049 = CARTESIAN_POINT ( 'NONE',  ( 0.6007995028997513698, -0.8837000409450584959, 1.087942487897297417 ) ) ;
#2050 = SURFACE_STYLE_FILL_AREA ( #935 ) ;
#2051 = VECTOR ( 'NONE', #3486, 1000.000000000000000 ) ;
#2052 = CYLINDRICAL_SURFACE ( 'NONE', #1818, 0.1000000000000000472 ) ;
#2053 = EDGE_LOOP ( 'NONE', ( #973, #2520, #990, #1136 ) ) ;
#2054 = ADVANCED_FACE ( 'NONE', ( #1395 ), #3597, .F. ) ;
#2055 = PLANE ( 'NONE',  #1306 ) ;
#2056 = CARTESIAN_POINT ( 'NONE',  ( 0.5507995028997515474, -0.5402279655489612420, 1.139013237535566159 ) ) ;
#2057 = ORIENTED_EDGE ( 'NONE', *, *, #1687, .F. ) ;
#2058 = EDGE_CURVE ( 'NONE', #763, #3026, #443, .T. ) ;
#2059 = EDGE_LOOP ( 'NONE', ( #1005, #3234, #2919, #2040 ) ) ;
#2060 = SURFACE_STYLE_FILL_AREA ( #941 ) ;
#2061 = SURFACE_SIDE_STYLE ('',( #50 ) ) ;
#2062 = CARTESIAN_POINT ( 'NONE',  ( 0.6999999999999998446, -1.199999999999999956, -0.05000000000000000278 ) ) ;
#2063 = MECHANICAL_DESIGN_GEOMETRIC_PRESENTATION_REPRESENTATION (  '', ( #21 ), #2866 ) ;
#2064 = CARTESIAN_POINT ( 'NONE',  ( 0.5507995028997515474, -0.9439580496430451939, 0.9371244291303991725 ) ) ;
#2065 = DIRECTION ( 'NONE',  ( -1.000000000000000000, -9.035018104045870694E-17, 0.000000000000000000 ) ) ;
#2066 = CARTESIAN_POINT ( 'NONE',  ( -0.6007995028997514808, -0.9939223609342928700, 1.056170525060946552 ) ) ;
#2067 = CARTESIAN_POINT ( 'NONE',  ( 0.5757995028997514586, -0.4887174280381432756, 1.050000000000000044 ) ) ;
#2068 = VECTOR ( 'NONE', #3203, 1000.000000000000000 ) ;
#2069 = VERTEX_POINT ( 'NONE', #3576 ) ;
#2070 = FILL_AREA_STYLE_COLOUR ( '', #137 ) ;
#2071 = DIRECTION ( 'NONE',  ( 0.000000000000000000, 0.000000000000000000, 1.000000000000000000 ) ) ;
#2072 = DIRECTION ( 'NONE',  ( -0.000000000000000000, 0.000000000000000000, -1.000000000000000000 ) ) ;
#2073 = VECTOR ( 'NONE', #975, 1000.000000000000000 ) ;
#2074 = ORIENTED_EDGE ( 'NONE', *, *, #2132, .F. ) ;
#2075 = CIRCLE ( 'NONE', #1134, 0.02499999999999995628 ) ;
#2076 = PRESENTATION_STYLE_ASSIGNMENT (( #906 ) ) ;
#2077 =( NAMED_UNIT ( * ) PLANE_ANGLE_UNIT ( ) SI_UNIT ( $, .RADIAN. ) );
#2078 = STYLED_ITEM ( 'NONE', ( #1390 ), #2385 ) ;
#2079 = EDGE_LOOP ( 'NONE', ( #3473, #2994, #133, #2609 ) ) ;
#2080 = VECTOR ( 'NONE', #2562, 1000.000000000000000 ) ;
#2081 = VECTOR ( 'NONE', #2437, 1000.000000000000000 ) ;
#2082 = VERTEX_POINT ( 'NONE', #2209 ) ;
#2083 = CARTESIAN_POINT ( 'NONE',  ( -0.9000000000000006883, 1.049999999999999822, 0.9000000000000000222 ) ) ;
#2084 = LINE ( 'NONE', #121, #2264 ) ;
#2085 =( NAMED_UNIT ( * ) PLANE_ANGLE_UNIT ( ) SI_UNIT ( $, .RADIAN. ) );
#2086 = CARTESIAN_POINT ( 'NONE',  ( 0.5507995028997515474, -1.043886672225537993, 0.2018888084051660148 ) ) ;
#2087 = DIRECTION ( 'NONE',  ( 0.000000000000000000, -0.03777616810331912295, -0.9992862258249284313 ) ) ;
#2088 = SURFACE_SIDE_STYLE ('',( #1727 ) ) ;
#2089 = FACE_BOUND ( 'NONE', #340, .T. ) ;
#2090 = CARTESIAN_POINT ( 'NONE',  ( -0.5507995028997515474, -0.9939223609342917598, 0.9390132375355648708 ) ) ;
#2091 =( NAMED_UNIT ( * ) PLANE_ANGLE_UNIT ( ) SI_UNIT ( $, .RADIAN. ) );
#2092 = FACE_OUTER_BOUND ( 'NONE', #2548, .T. ) ;
#2093 = STYLED_ITEM ( 'NONE', ( #2657 ), #206 ) ;
#2094 = ORIENTED_EDGE ( 'NONE', *, *, #750, .F. ) ;
#2095 = UNCERTAINTY_MEASURE_WITH_UNIT (LENGTH_MEASURE( 1.000000000000000082E-05 ), #1682, 'distance_accuracy_value', 'NONE');
#2096 = CARTESIAN_POINT ( 'NONE',  ( -0.5507995028997515474, -0.5402279655489612420, 1.139013237535566159 ) ) ;
#2097 = FILL_AREA_STYLE ('',( #1512 ) ) ;
#2098 = ORIENTED_EDGE ( 'NONE', *, *, #2984, .T. ) ;
#2099 = ORIENTED_EDGE ( 'NONE', *, *, #3277, .T. ) ;
#2100 = FACE_OUTER_BOUND ( 'NONE', #429, .T. ) ;
#2101 = DIRECTION ( 'NONE',  ( -0.000000000000000000, 0.000000000000000000, 1.000000000000000000 ) ) ;
#2102 = STYLED_ITEM ( 'NONE', ( #1336 ), #299 ) ;
#2103 = VECTOR ( 'NONE', #2497, 1000.000000000000000 ) ;
#2104 =( LENGTH_UNIT ( ) NAMED_UNIT ( * ) SI_UNIT ( .MILLI., .METRE. ) );
#2105 = CARTESIAN_POINT ( 'NONE',  ( 0.6007995028997513698, -0.4887174280381432756, 1.050000000000000044 ) ) ;
#2106 = ADVANCED_FACE ( 'NONE', ( #816 ), #577, .T. ) ;
#2107 = CARTESIAN_POINT ( 'NONE',  ( -0.5507995028997515474, -0.4902636542577149537, 1.090902045940732368 ) ) ;
#2108 = LINE ( 'NONE', #3200, #1082 ) ;
#2109 = SURFACE_SIDE_STYLE ('',( #3497 ) ) ;
#2110 = UNCERTAINTY_MEASURE_WITH_UNIT (LENGTH_MEASURE( 1.000000000000000082E-05 ), #2104, 'distance_accuracy_value', 'NONE');
#2111 = CARTESIAN_POINT ( 'NONE',  ( -0.5757995028997514586, -0.4887174280381432756, 1.050000000000000044 ) ) ;
#2112 = CARTESIAN_POINT ( 'NONE',  ( -1.100000000000000311, -1.250000000000000222, 0.2000000000000000111 ) ) ;
#2113 = ORIENTED_EDGE ( 'NONE', *, *, #339, .F. ) ;
#2114 = STYLED_ITEM ( 'NONE', ( #3320 ), #1827 ) ;
#2115 = SURFACE_STYLE_FILL_AREA ( #2097 ) ;
#2116 = ORIENTED_EDGE ( 'NONE', *, *, #160, .F. ) ;
#2117 = ADVANCED_FACE ( 'NONE', ( #1507 ), #2003, .F. ) ;
#2118 = ORIENTED_EDGE ( 'NONE', *, *, #2970, .T. ) ;
#2119 = ORIENTED_EDGE ( 'NONE', *, *, #161, .T. ) ;
#2120 = STYLED_ITEM ( 'NONE', ( #199 ), #1504 ) ;
#2121 = DIRECTION ( 'NONE',  ( -1.000000000000000000, 0.000000000000000000, -0.000000000000000000 ) ) ;
#2122 = SURFACE_STYLE_FILL_AREA ( #993 ) ;
#2123 = FILL_AREA_STYLE_COLOUR ( '', #3170 ) ;
#2124 = CARTESIAN_POINT ( 'NONE',  ( -0.8500000000000007550, 0.8999999999999990230, 0.9499999999999999556 ) ) ;
#2125 =( BOUNDED_CURVE ( )  B_SPLINE_CURVE ( 3, ( #2655, #1575, #2147, #3239 ),
 .UNSPECIFIED., .F., .F. ) 
 B_SPLINE_CURVE_WITH_KNOTS ( ( 4, 4 ),
 ( 0.000000000000000000, 1.000000000000000000 ),
 .UNSPECIFIED. ) 
 CURVE ( )  GEOMETRIC_REPRESENTATION_ITEM ( )  RATIONAL_B_SPLINE_CURVE ( ( 1.000000000000000000, 0.8047378541243631611, 0.8047378541243631611, 1.000000000000000000 ) ) 
 REPRESENTATION_ITEM ( '' )  );
#2126 = COLOUR_RGB ( '',0.007843137254901960675, 0.2392156862745097867, 0.8235294117647058432 ) ;
#2127 =( NAMED_UNIT ( * ) SI_UNIT ( $, .STERADIAN. ) SOLID_ANGLE_UNIT ( ) );
#2128 = PLANE ( 'NONE',  #516 ) ;
#2129 =( LENGTH_UNIT ( ) NAMED_UNIT ( * ) SI_UNIT ( .MILLI., .METRE. ) );
#2130 =( GEOMETRIC_REPRESENTATION_CONTEXT ( 3 ) GLOBAL_UNCERTAINTY_ASSIGNED_CONTEXT ( ( #96 ) ) GLOBAL_UNIT_ASSIGNED_CONTEXT ( ( #3590, #1101, #1886 ) ) REPRESENTATION_CONTEXT ( 'NONE', 'WORKASPACE' ) );
#2131 = SURFACE_SIDE_STYLE ('',( #1578 ) ) ;
#2132 = EDGE_CURVE ( 'NONE', #1534, #1664, #1525, .T. ) ;
#2133 = VECTOR ( 'NONE', #2983, 1000.000000000000000 ) ;
#2134 = FACE_OUTER_BOUND ( 'NONE', #3119, .T. ) ;
#2135 = ORIENTED_EDGE ( 'NONE', *, *, #56, .F. ) ;
#2136 = ORIENTED_EDGE ( 'NONE', *, *, #284, .T. ) ;
#2137 = COLOUR_RGB ( '',1.000000000000000000, 1.000000000000000000, 1.000000000000000000 ) ;
#2138 = ORIENTED_EDGE ( 'NONE', *, *, #1923, .F. ) ;
#2139 =( GEOMETRIC_REPRESENTATION_CONTEXT ( 3 ) GLOBAL_UNCERTAINTY_ASSIGNED_CONTEXT ( ( #1722 ) ) GLOBAL_UNIT_ASSIGNED_CONTEXT ( ( #1940, #727, #554 ) ) REPRESENTATION_CONTEXT ( 'NONE', 'WORKASPACE' ) );
#2140 = FILL_AREA_STYLE ('',( #691 ) ) ;
#2141 =( GEOMETRIC_REPRESENTATION_CONTEXT ( 3 ) GLOBAL_UNCERTAINTY_ASSIGNED_CONTEXT ( ( #2560 ) ) GLOBAL_UNIT_ASSIGNED_CONTEXT ( ( #2289, #2870, #1176 ) ) REPRESENTATION_CONTEXT ( 'NONE', 'WORKASPACE' ) );
#2142 = CARTESIAN_POINT ( 'NONE',  ( -0.6007995028997513698, -0.5383391571437956546, 1.188977548826812836 ) ) ;
#2143 = PRESENTATION_LAYER_ASSIGNMENT (  '', '', ( #674 ) ) ;
#2144 =( NAMED_UNIT ( * ) SI_UNIT ( $, .STERADIAN. ) SOLID_ANGLE_UNIT ( ) );
#2145 = MECHANICAL_DESIGN_GEOMETRIC_PRESENTATION_REPRESENTATION (  '', ( #2203 ), #1780 ) ;
#2146 = LINE ( 'NONE', #2124, #2081 ) ;
#2147 = CARTESIAN_POINT ( 'NONE',  ( 0.5507995028997515474, -0.9110796484596735967, 1.139013237535566159 ) ) ;
#2148 = STYLED_ITEM ( 'NONE', ( #1760 ), #1012 ) ;
#2149 = LINE ( 'NONE', #3569, #2819 ) ;
#2150 = PRESENTATION_STYLE_ASSIGNMENT (( #441 ) ) ;
#2151 = CARTESIAN_POINT ( 'NONE',  ( -0.5507995028997515474, -0.7939223609342919152, 1.139013237535566603 ) ) ;
#2152 = SURFACE_STYLE_FILL_AREA ( #2659 ) ;
#2153 = SURFACE_STYLE_USAGE ( .BOTH. , #3466 ) ;
#2154 =( LENGTH_UNIT ( ) NAMED_UNIT ( * ) SI_UNIT ( .MILLI., .METRE. ) );
#2155 = SURFACE_STYLE_FILL_AREA ( #3505 ) ;
#2156 = ORIENTED_EDGE ( 'NONE', *, *, #327, .T. ) ;
#2157 = ORIENTED_EDGE ( 'NONE', *, *, #3222, .F. ) ;
#2158 = ADVANCED_FACE ( 'NONE', ( #2616 ), #3202, .F. ) ;
#2159 = ORIENTED_EDGE ( 'NONE', *, *, #2557, .F. ) ;
#2160 = CARTESIAN_POINT ( 'NONE',  ( -0.5757995028997514586, -0.4887174280381432756, 1.050000000000000044 ) ) ;
#2161 = CARTESIAN_POINT ( 'NONE',  ( -0.5757995028997514586, -0.4887174280381432756, 0.9499999999999999556 ) ) ;
#2162 = APPLICATION_PROTOCOL_DEFINITION ( 'draft international standard', 'automotive_design', 1998, #3601 ) ;
#2163 = CARTESIAN_POINT ( 'NONE',  ( 0.5507995028997515474, -0.4387174280381433422, 1.049999999999999822 ) ) ;
#2164 = COLOUR_RGB ( '',0.6470588235294117974, 0.6196078431372549211, 0.5882352941176470784 ) ;
#2165 = SURFACE_STYLE_FILL_AREA ( #2440 ) ;
#2166 = CARTESIAN_POINT ( 'NONE',  ( 0.6007995028997513698, -0.7939223609342919152, 1.139013237535566603 ) ) ;
#2167 = CARTESIAN_POINT ( 'NONE',  ( 0.000000000000000000, 0.000000000000000000, -0.05000000000000000278 ) ) ;
#2168 = EDGE_CURVE ( 'NONE', #356, #664, #3099, .T. ) ;
#2169 = UNCERTAINTY_MEASURE_WITH_UNIT (LENGTH_MEASURE( 1.000000000000000082E-05 ), #980, 'distance_accuracy_value', 'NONE');
#2170 = FACE_OUTER_BOUND ( 'NONE', #3080, .T. ) ;
#2171 =( NAMED_UNIT ( * ) SI_UNIT ( $, .STERADIAN. ) SOLID_ANGLE_UNIT ( ) );
#2172 = VERTEX_POINT ( 'NONE', #2285 ) ;
#2173 = ORIENTED_EDGE ( 'NONE', *, *, #1290, .F. ) ;
#2174 = FILL_AREA_STYLE_COLOUR ( '', #66 ) ;
#2175 = DIRECTION ( 'NONE',  ( 0.000000000000000000, 0.03777616810331912295, 0.9992862258249284313 ) ) ;
#2176 = EDGE_LOOP ( 'NONE', ( #1337, #977, #1459, #62, #2116, #2920, #2644, #3416, #2884, #2322, #668, #468 ) ) ;
#2177 = COLOUR_RGB ( '',0.2980392156862745057, 0.2980392156862745057, 0.2980392156862745057 ) ;
#2178 = EDGE_CURVE ( 'NONE', #2640, #1721, #3462, .T. ) ;
#2179 =( GEOMETRIC_REPRESENTATION_CONTEXT ( 3 ) GLOBAL_UNCERTAINTY_ASSIGNED_CONTEXT ( ( #1025 ) ) GLOBAL_UNIT_ASSIGNED_CONTEXT ( ( #247, #3561, #287 ) ) REPRESENTATION_CONTEXT ( 'NONE', 'WORKASPACE' ) );
#2180 = MECHANICAL_DESIGN_GEOMETRIC_PRESENTATION_REPRESENTATION (  '', ( #366 ), #1576 ) ;
#2181 =( LENGTH_UNIT ( ) NAMED_UNIT ( * ) SI_UNIT ( .MILLI., .METRE. ) );
#2182 = CARTESIAN_POINT ( 'NONE',  ( -0.6007995028997513698, -0.9939223609342915378, 0.9390132375355650929 ) ) ;
#2183 = DIRECTION ( 'NONE',  ( -0.000000000000000000, 1.000000000000000000, -0.000000000000000000 ) ) ;
#2184 = UNCERTAINTY_MEASURE_WITH_UNIT (LENGTH_MEASURE( 1.000000000000000082E-05 ), #2762, 'distance_accuracy_value', 'NONE');
#2185 =( NAMED_UNIT ( * ) SI_UNIT ( $, .STERADIAN. ) SOLID_ANGLE_UNIT ( ) );
#2186 = ORIENTED_EDGE ( 'NONE', *, *, #483, .T. ) ;
#2187 = AXIS2_PLACEMENT_3D ( 'NONE', #1903, #279, #3004 ) ;
#2188 = FILL_AREA_STYLE ('',( #3044 ) ) ;
#2189 = CARTESIAN_POINT ( 'NONE',  ( -0.6007995028997513698, -0.4902636542577147316, 1.090902045940727927 ) ) ;
#2190 = DIRECTION ( 'NONE',  ( -1.000000000000000000, 0.000000000000000000, 0.000000000000000000 ) ) ;
#2191 = ORIENTED_EDGE ( 'NONE', *, *, #1283, .F. ) ;
#2192 = CARTESIAN_POINT ( 'NONE',  ( -0.6007995028997513698, -0.5413372246352307071, 1.090881761013778428 ) ) ;
#2193 = CARTESIAN_POINT ( 'NONE',  ( 0.6007995028997513698, -0.7939223609342919152, 1.139013237535566603 ) ) ;
#2194 = FILL_AREA_STYLE ('',( #3252 ) ) ;
#2195 = STYLED_ITEM ( 'NONE', ( #2455 ), #2222 ) ;
#2196 = VECTOR ( 'NONE', #2294, 1000.000000000000000 ) ;
#2197 = CARTESIAN_POINT ( 'NONE',  ( 1.099999999999999423, 1.249999999999999778, 0.000000000000000000 ) ) ;
#2198 = DIRECTION ( 'NONE',  ( 0.000000000000000000, 0.000000000000000000, 1.000000000000000000 ) ) ;
#2199 = MECHANICAL_DESIGN_GEOMETRIC_PRESENTATION_REPRESENTATION (  '', ( #1479 ), #3525 ) ;
#2200 = MECHANICAL_DESIGN_GEOMETRIC_PRESENTATION_REPRESENTATION (  '', ( #148 ), #2648 ) ;
#2201 = CARTESIAN_POINT ( 'NONE',  ( 0.000000000000000000, 0.000000000000000000, 0.1500000000000000222 ) ) ;
#2202 = DIRECTION ( 'NONE',  ( 6.532538464707945869E-16, -1.000000000000000000, 0.000000000000000000 ) ) ;
#2203 = STYLED_ITEM ( 'NONE', ( #821 ), #2571 ) ;
#2204 = CARTESIAN_POINT ( 'NONE',  ( -0.5507995028997515474, -0.4402636542577145207, 1.090902045940731924 ) ) ;
#2205 = PLANE ( 'NONE',  #2012 ) ;
#2206 = CARTESIAN_POINT ( 'NONE',  ( 1.050000000000000044, 1.199999999999999956, -0.05000000000000000278 ) ) ;
#2207 = DIRECTION ( 'NONE',  ( -1.000000000000000000, -3.469446951953614189E-16, 0.000000000000000000 ) ) ;
#2208 = ORIENTED_EDGE ( 'NONE', *, *, #1020, .F. ) ;
#2209 = CARTESIAN_POINT ( 'NONE',  ( 1.100000000000000311, -1.250000000000000222, 0.6000000000000000888 ) ) ;
#2210 = CARTESIAN_POINT ( 'NONE',  ( 0.5507995028997515474, -0.4902636542577149537, 1.090902045940732368 ) ) ;
#2211 =( NAMED_UNIT ( * ) PLANE_ANGLE_UNIT ( ) SI_UNIT ( $, .RADIAN. ) );
#2212 = SURFACE_STYLE_USAGE ( .BOTH. , #3101 ) ;
#2213 = SURFACE_SIDE_STYLE ('',( #2478 ) ) ;
#2214 = CARTESIAN_POINT ( 'NONE',  ( 0.4248788666902801325, -0.1719179331619905549, 0.9499999999999999556 ) ) ;
#2215 = DIRECTION ( 'NONE',  ( 0.000000000000000000, 0.000000000000000000, -1.000000000000000000 ) ) ;
#2216 =( NAMED_UNIT ( * ) PLANE_ANGLE_UNIT ( ) SI_UNIT ( $, .RADIAN. ) );
#2217 = EDGE_CURVE ( 'NONE', #373, #1046, #2930, .T. ) ;
#2218 = CARTESIAN_POINT ( 'NONE',  ( -0.7257995028997513698, -1.250000000000000222, 0.2000000000000000111 ) ) ;
#2219 =( NAMED_UNIT ( * ) SI_UNIT ( $, .STERADIAN. ) SOLID_ANGLE_UNIT ( ) );
#2220 = FILL_AREA_STYLE ('',( #2772 ) ) ;
#2221 = AXIS2_PLACEMENT_3D ( 'NONE', #33, #544, #3047 ) ;
#2222 = ADVANCED_FACE ( 'NONE', ( #2467 ), #2717, .F. ) ;
#2223 = EDGE_CURVE ( 'NONE', #1721, #2640, #3224, .T. ) ;
#2224 =( BOUNDED_SURFACE ( )  B_SPLINE_SURFACE ( 3, 1, ( 
 ( #712, #162 ),
 ( #2086, #736 ),
 ( #2045, #2873 ),
 ( #944, #1843 ),
 ( #1202, #437 ),
 ( #416, #2064 ),
 ( #3183, #3475 ) ),
 .UNSPECIFIED., .T., .F., .F. ) 
 B_SPLINE_SURFACE_WITH_KNOTS ( ( 4, 3, 4 ),
 ( 2, 2 ),
 ( 0.000000000000000000, 0.5000000000000000000, 1.000000000000000000 ),
 ( 0.000000000000000000, 1.000000000000000000 ),
 .UNSPECIFIED. ) 
 GEOMETRIC_REPRESENTATION_ITEM ( )  RATIONAL_B_SPLINE_SURFACE ( (
 ( 1.000000000000000000, 1.000000000000000000),
 ( 0.3333333333333333703, 0.3333333333333333703),
 ( 0.3333333333333333703, 0.3333333333333333703),
 ( 1.000000000000000000, 1.000000000000000000),
 ( 0.3333333333333333703, 0.3333333333333333703),
 ( 0.3333333333333333703, 0.3333333333333333703),
 ( 1.000000000000000000, 1.000000000000000000) ) ) 
 REPRESENTATION_ITEM ( '' )  SURFACE ( )  );
#2225 = DIRECTION ( 'NONE',  ( -1.000000000000000000, 0.000000000000000000, 0.000000000000000000 ) ) ;
#2226 = DIRECTION ( 'NONE',  ( 1.000000000000000000, 0.000000000000000000, 0.000000000000000000 ) ) ;
#2227 = DIRECTION ( 'NONE',  ( 0.000000000000000000, -1.000000000000000000, -0.000000000000000000 ) ) ;
#2228 = ORIENTED_EDGE ( 'NONE', *, *, #2444, .T. ) ;
#2229 = PRESENTATION_STYLE_ASSIGNMENT (( #3028 ) ) ;
#2230 = SURFACE_STYLE_USAGE ( .BOTH. , #3029 ) ;
#2231 = CARTESIAN_POINT ( 'NONE',  ( 1.099999999999999423, 1.249999999999999778, 0.2000000000000000111 ) ) ;
#2232 = ORIENTED_EDGE ( 'NONE', *, *, #636, .T. ) ;
#2233 = FILL_AREA_STYLE_COLOUR ( '', #3284 ) ;
#2234 = EDGE_CURVE ( 'NONE', #3192, #482, #2696, .T. ) ;
#2235 = CARTESIAN_POINT ( 'NONE',  ( -0.6007995028997513698, -1.043886672225537993, 0.9409020459407303472 ) ) ;
#2236 =( NAMED_UNIT ( * ) SI_UNIT ( $, .STERADIAN. ) SOLID_ANGLE_UNIT ( ) );
#2237 = MECHANICAL_DESIGN_GEOMETRIC_PRESENTATION_REPRESENTATION (  '', ( #2299 ), #8 ) ;
#2238 = DIRECTION ( 'NONE',  ( -0.000000000000000000, -0.000000000000000000, -1.000000000000000000 ) ) ;
#2239 = CARTESIAN_POINT ( 'NONE',  ( 0.5507995028997515474, -0.9939223609342915378, 0.2000000000000000944 ) ) ;
#2240 = FILL_AREA_STYLE ('',( #2751 ) ) ;
#2241 = SURFACE_SIDE_STYLE ('',( #3382 ) ) ;
#2242 = MECHANICAL_DESIGN_GEOMETRIC_PRESENTATION_REPRESENTATION (  '', ( #832 ), #2415 ) ;
#2243 = FACE_OUTER_BOUND ( 'NONE', #729, .T. ) ;
#2244 = VECTOR ( 'NONE', #1951, 1000.000000000000000 ) ;
#2245 =( BOUNDED_SURFACE ( )  B_SPLINE_SURFACE ( 3, 3, ( 
 ( #2784, #1449, #3379, #3398 ),
 ( #2815, #914, #3131, #862 ),
 ( #331, #1148, #2513, #2276 ),
 ( #2543, #1978, #3072, #1471 ),
 ( #1162, #585, #3603, #1958 ),
 ( #1274, #2577, #2397, #675 ),
 ( #123, #2599, #1218, #3163 ) ),
 .UNSPECIFIED., .T., .F., .F. ) 
 B_SPLINE_SURFACE_WITH_KNOTS ( ( 4, 3, 4 ),
 ( 4, 4 ),
 ( 0.000000000000000000, 0.5000000000000000000, 1.000000000000000000 ),
 ( 0.000000000000000000, 1.000000000000000000 ),
 .UNSPECIFIED. ) 
 GEOMETRIC_REPRESENTATION_ITEM ( )  RATIONAL_B_SPLINE_SURFACE ( (
 ( 1.000000000000000000, 0.8135592450094720762, 0.8135592450094720762, 1.000000000000000000),
 ( 0.3333333333333333703, 0.2711864150031573772, 0.2711864150031573772, 0.3333333333333333703),
 ( 0.3333333333333333703, 0.2711864150031573772, 0.2711864150031573772, 0.3333333333333333703),
 ( 1.000000000000000000, 0.8135592450094720762, 0.8135592450094720762, 1.000000000000000000),
 ( 0.3333333333333333703, 0.2711864150031573772, 0.2711864150031573772, 0.3333333333333333703),
 ( 0.3333333333333333703, 0.2711864150031573772, 0.2711864150031573772, 0.3333333333333333703),
 ( 1.000000000000000000, 0.8135592450094720762, 0.8135592450094720762, 1.000000000000000000) ) ) 
 REPRESENTATION_ITEM ( '' )  SURFACE ( )  );
#2246 = PRESENTATION_LAYER_ASSIGNMENT (  '', '', ( #194 ) ) ;
#2247 = CARTESIAN_POINT ( 'NONE',  ( -0.6007995028997513698, -0.4887174280381432756, 1.050000000000000044 ) ) ;
#2248 = EDGE_LOOP ( 'NONE', ( #658, #2537, #3100, #2267 ) ) ;
#2249 = DIRECTION ( 'NONE',  ( 0.000000000000000000, -0.03777616810331912295, -0.9992862258249284313 ) ) ;
#2250 = ORIENTED_EDGE ( 'NONE', *, *, #2626, .T. ) ;
#2251 = CARTESIAN_POINT ( 'NONE',  ( -0.6007995028997513698, -0.9939223609342915378, 0.2000000000000000944 ) ) ;
#2252 = CARTESIAN_POINT ( 'NONE',  ( -0.6007995028997513698, -0.5402279655489612420, 1.139013237535566159 ) ) ;
#2253 = UNCERTAINTY_MEASURE_WITH_UNIT (LENGTH_MEASURE( 1.000000000000000082E-05 ), #716, 'distance_accuracy_value', 'NONE');
#2254 = SURFACE_STYLE_USAGE ( .BOTH. , #876 ) ;
#2255 = MECHANICAL_DESIGN_GEOMETRIC_PRESENTATION_REPRESENTATION (  '', ( #1897 ), #1191 ) ;
#2256 = FILL_AREA_STYLE_COLOUR ( '', #3517 ) ;
#2257 = STYLED_ITEM ( 'NONE', ( #2229 ), #2054 ) ;
#2258 = SURFACE_STYLE_USAGE ( .BOTH. , #1129 ) ;
#2259 =( LENGTH_UNIT ( ) NAMED_UNIT ( * ) SI_UNIT ( .MILLI., .METRE. ) );
#2260 =( LENGTH_UNIT ( ) NAMED_UNIT ( * ) SI_UNIT ( .MILLI., .METRE. ) );
#2261 = AXIS2_PLACEMENT_3D ( 'NONE', #3602, #2668, #1010 ) ;
#2262 = DIRECTION ( 'NONE',  ( -1.000000000000000000, 0.000000000000000000, 0.000000000000000000 ) ) ;
#2263 = PRESENTATION_LAYER_ASSIGNMENT (  '', '', ( #1967 ) ) ;
#2264 = VECTOR ( 'NONE', #82, 1000.000000000000000 ) ;
#2265 = UNCERTAINTY_MEASURE_WITH_UNIT (LENGTH_MEASURE( 1.000000000000000082E-05 ), #3347, 'distance_accuracy_value', 'NONE');
#2266 = VECTOR ( 'NONE', #1930, 1000.000000000000000 ) ;
#2267 = ORIENTED_EDGE ( 'NONE', *, *, #3176, .T. ) ;
#2268 =( NAMED_UNIT ( * ) SI_UNIT ( $, .STERADIAN. ) SOLID_ANGLE_UNIT ( ) );
#2269 = ORIENTED_EDGE ( 'NONE', *, *, #3595, .T. ) ;
#2270 = CARTESIAN_POINT ( 'NONE',  ( -0.5507995028997515474, -0.9939223609342928700, 1.056170525060946552 ) ) ;
#2271 = CARTESIAN_POINT ( 'NONE',  ( -0.7500000000000000000, 0.9999999999999997780, 0.9499999999999999556 ) ) ;
#2272 = LINE ( 'NONE', #237, #2266 ) ;
#2273 = SURFACE_STYLE_USAGE ( .BOTH. , #3086 ) ;
#2274 = SURFACE_STYLE_USAGE ( .BOTH. , #1686 ) ;
#2275 = AXIS2_PLACEMENT_3D ( 'NONE', #1647, #1158, #1400 ) ;
#2276 = CARTESIAN_POINT ( 'NONE',  ( 0.6007995028997513698, -0.4402636542577146872, 1.090902045940731480 ) ) ;
#2277 = CARTESIAN_POINT ( 'NONE',  ( 0.5507995028997515474, -1.043886672225537993, 0.9409020459407312353 ) ) ;
#2278 = SURFACE_STYLE_FILL_AREA ( #826 ) ;
#2279 = CARTESIAN_POINT ( 'NONE',  ( -0.6007995028997513698, -0.7920335525291258838, 1.188977548826812169 ) ) ;
#2280 = EDGE_CURVE ( 'NONE', #1243, #2589, #2929, .T. ) ;
#2281 = DIRECTION ( 'NONE',  ( -1.000000000000000000, 0.000000000000000000, 0.000000000000000000 ) ) ;
#2282 = ORIENTED_EDGE ( 'NONE', *, *, #3329, .T. ) ;
#2283 = EDGE_CURVE ( 'NONE', #2038, #375, #809, .T. ) ;
#2284 = FILL_AREA_STYLE_COLOUR ( '', #2126 ) ;
#2285 = CARTESIAN_POINT ( 'NONE',  ( 1.100000000000000311, 1.250000000000000000, 0.2000000000000000111 ) ) ;
#2286 = ORIENTED_EDGE ( 'NONE', *, *, #1338, .F. ) ;
#2287 = DIRECTION ( 'NONE',  ( -0.000000000000000000, -0.000000000000000000, 1.000000000000000000 ) ) ;
#2288 = UNCERTAINTY_MEASURE_WITH_UNIT (LENGTH_MEASURE( 1.000000000000000082E-05 ), #3558, 'distance_accuracy_value', 'NONE');
#2289 =( LENGTH_UNIT ( ) NAMED_UNIT ( * ) SI_UNIT ( .MILLI., .METRE. ) );
#2290 = FILL_AREA_STYLE ('',( #1798 ) ) ;
#2291 = CARTESIAN_POINT ( 'NONE',  ( -0.6007995028997513698, -0.9439580496430451939, 0.9371244291303990614 ) ) ;
#2292 = EDGE_CURVE ( 'NONE', #2572, #2707, #1906, .T. ) ;
#2293 = SURFACE_STYLE_USAGE ( .BOTH. , #1417 ) ;
#2294 = DIRECTION ( 'NONE',  ( 5.421010862427520198E-16, -1.000000000000000000, -0.000000000000000000 ) ) ;
#2295 = LINE ( 'NONE', #386, #1058 ) ;
#2296 =( LENGTH_UNIT ( ) NAMED_UNIT ( * ) SI_UNIT ( .MILLI., .METRE. ) );
#2297 = ORIENTED_EDGE ( 'NONE', *, *, #497, .F. ) ;
#2298 = CARTESIAN_POINT ( 'NONE',  ( 1.100000000000000311, -1.250000000000000222, 0.2000000000000000111 ) ) ;
#2299 = STYLED_ITEM ( 'NONE', ( #3065 ), #1354 ) ;
#2300 = VECTOR ( 'NONE', #614, 1000.000000000000000 ) ;
#2301 = CARTESIAN_POINT ( 'NONE',  ( -0.8999999999999996891, -0.6096950455675224090, 0.9000000000000000222 ) ) ;
#2302 = VERTEX_POINT ( 'NONE', #2675 ) ;
#2303 = SURFACE_STYLE_FILL_AREA ( #374 ) ;
#2304 = ORIENTED_EDGE ( 'NONE', *, *, #1035, .T. ) ;
#2305 = ORIENTED_EDGE ( 'NONE', *, *, #2694, .T. ) ;
#2306 = AXIS2_PLACEMENT_3D ( 'NONE', #2000, #3407, #2824 ) ;
#2307 = FACE_OUTER_BOUND ( 'NONE', #1812, .T. ) ;
#2308 = COLOUR_RGB ( '',0.6470588235294117974, 0.6196078431372549211, 0.5882352941176470784 ) ;
#2309 = LINE ( 'NONE', #2627, #3463 ) ;
#2310 = CARTESIAN_POINT ( 'NONE',  ( 0.5507995028997514364, -0.5118087152274390927, 1.139013237535566381 ) ) ;
#2311 = CARTESIAN_POINT ( 'NONE',  ( -0.5507995028997515474, -0.4887174280381432756, 1.050000000000000044 ) ) ;
#2312 = FACE_OUTER_BOUND ( 'NONE', #3, .T. ) ;
#2313 = AXIS2_PLACEMENT_3D ( 'NONE', #388, #1493, #1259 ) ;
#2314 = MECHANICAL_DESIGN_GEOMETRIC_PRESENTATION_REPRESENTATION (  '', ( #1426 ), #742 ) ;
#2315 = FILL_AREA_STYLE ('',( #2284 ) ) ;
#2316 = AXIS2_PLACEMENT_3D ( 'NONE', #1069, #10, #2781 ) ;
#2317 = VECTOR ( 'NONE', #2358, 1000.000000000000000 ) ;
#2318 = EDGE_LOOP ( 'NONE', ( #2354, #2808, #411, #301 ) ) ;
#2319 = DIRECTION ( 'NONE',  ( -0.000000000000000000, 0.000000000000000000, -1.000000000000000000 ) ) ;
#2320 = DIRECTION ( 'NONE',  ( 0.000000000000000000, 1.000000000000000000, 0.000000000000000000 ) ) ;
#2321 = ORIENTED_EDGE ( 'NONE', *, *, #1239, .F. ) ;
#2322 = ORIENTED_EDGE ( 'NONE', *, *, #2647, .T. ) ;
#2323 = CARTESIAN_POINT ( 'NONE',  ( 0.6007995028997513698, -0.9939223609342915378, 0.2000000000000000944 ) ) ;
#2324 = ADVANCED_FACE ( 'NONE', ( #1548 ), #1038, .T. ) ;
#2325 = SURFACE_SIDE_STYLE ('',( #139 ) ) ;
#2326 = CARTESIAN_POINT ( 'NONE',  ( -0.8500000000000007550, 0.8999999999999990230, 0.9000000000000000222 ) ) ;
#2327 =( LENGTH_UNIT ( ) NAMED_UNIT ( * ) SI_UNIT ( .MILLI., .METRE. ) );
#2328 = LINE ( 'NONE', #403, #147 ) ;
#2329 = EDGE_CURVE ( 'NONE', #747, #1699, #1057, .T. ) ;
#2330 = DIRECTION ( 'NONE',  ( 0.000000000000000000, 0.000000000000000000, 1.000000000000000000 ) ) ;
#2331 = ORIENTED_EDGE ( 'NONE', *, *, #181, .F. ) ;
#2332 =( NAMED_UNIT ( * ) PLANE_ANGLE_UNIT ( ) SI_UNIT ( $, .RADIAN. ) );
#2333 = UNCERTAINTY_MEASURE_WITH_UNIT (LENGTH_MEASURE( 1.000000000000000082E-05 ), #1931, 'distance_accuracy_value', 'NONE');
#2334 = EDGE_CURVE ( 'NONE', #1717, #2008, #328, .T. ) ;
#2335 = EDGE_LOOP ( 'NONE', ( #3275, #484, #1736, #681 ) ) ;
#2336 = VECTOR ( 'NONE', #2287, 1000.000000000000000 ) ;
#2337 = FACE_OUTER_BOUND ( 'NONE', #43, .T. ) ;
#2338 = ORIENTED_EDGE ( 'NONE', *, *, #535, .F. ) ;
#2339 = ORIENTED_EDGE ( 'NONE', *, *, #2619, .F. ) ;
#2340 = CARTESIAN_POINT ( 'NONE',  ( -0.6007995028997513698, -0.4402636542577145207, 1.090902045940731924 ) ) ;
#2341 =( LENGTH_UNIT ( ) NAMED_UNIT ( * ) SI_UNIT ( .MILLI., .METRE. ) );
#2342 = ADVANCED_FACE ( 'NONE', ( #1099 ), #1346, .F. ) ;
#2343 = DIRECTION ( 'NONE',  ( -0.000000000000000000, 1.000000000000000000, -0.000000000000000000 ) ) ;
#2344 = SURFACE_STYLE_USAGE ( .BOTH. , #1803 ) ;
#2345 = CARTESIAN_POINT ( 'NONE',  ( 0.8499999999999996447, 0.9000000000000000222, 0.9499999999999999556 ) ) ;
#2346 = ORIENTED_EDGE ( 'NONE', *, *, #2635, .T. ) ;
#2347 = CARTESIAN_POINT ( 'NONE',  ( -0.5507995028997515474, -0.8837000409450584959, 1.087942487897297417 ) ) ;
#2348 = VECTOR ( 'NONE', #1921, 1000.000000000000000 ) ;
#2349 = EDGE_CURVE ( 'NONE', #627, #1045, #1980, .T. ) ;
#2350 = VECTOR ( 'NONE', #634, 1000.000000000000000 ) ;
#2351 = ORIENTED_EDGE ( 'NONE', *, *, #2847, .F. ) ;
#2352 = CARTESIAN_POINT ( 'NONE',  ( -0.7500000000000000000, 0.9999999999999997780, 0.9000000000000000222 ) ) ;
#2353 = ORIENTED_EDGE ( 'NONE', *, *, #2566, .F. ) ;
#2354 = ORIENTED_EDGE ( 'NONE', *, *, #65, .T. ) ;
#2355 = CARTESIAN_POINT ( 'NONE',  ( 0.5507995028997515474, -0.9439580496430451939, 0.9371244291303990614 ) ) ;
#2356 = CARTESIAN_POINT ( 'NONE',  ( -0.5507995028997515474, -0.7958111693394581687, 1.089048926244319926 ) ) ;
#2357 = SURFACE_STYLE_FILL_AREA ( #1234 ) ;
#2358 = DIRECTION ( 'NONE',  ( 1.000000000000000000, -0.000000000000000000, -0.000000000000000000 ) ) ;
#2359 = CARTESIAN_POINT ( 'NONE',  ( 0.6007995028997513698, -0.4913372246352309403, 1.119301011335299911 ) ) ;
#2360 = PLANE ( 'NONE',  #1019 ) ;
#2361 =( GEOMETRIC_REPRESENTATION_CONTEXT ( 3 ) GLOBAL_UNCERTAINTY_ASSIGNED_CONTEXT ( ( #2265 ) ) GLOBAL_UNIT_ASSIGNED_CONTEXT ( ( #3347, #574, #1185 ) ) REPRESENTATION_CONTEXT ( 'NONE', 'WORKASPACE' ) );
#2362 = PLANE ( 'NONE',  #1258 ) ;
#2363 = CARTESIAN_POINT ( 'NONE',  ( -0.6007995028997513698, -1.043886672225537993, 0.9409020459407303472 ) ) ;
#2364 = PRESENTATION_LAYER_ASSIGNMENT (  '', '', ( #318 ) ) ;
#2365 = UNCERTAINTY_MEASURE_WITH_UNIT (LENGTH_MEASURE( 1.000000000000000082E-05 ), #2611, 'distance_accuracy_value', 'NONE');
#2366 = FILL_AREA_STYLE_COLOUR ( '', #2021 ) ;
#2367 = CARTESIAN_POINT ( 'NONE',  ( -1.100000000000000089, 1.250000000000000000, 0.6000000000000000888 ) ) ;
#2368 = PRESENTATION_LAYER_ASSIGNMENT (  '', '', ( #2195 ) ) ;
#2369 = EDGE_LOOP ( 'NONE', ( #509, #2135, #1480, #63 ) ) ;
#2370 = CARTESIAN_POINT ( 'NONE',  ( 0.4248788666902801325, -0.1719179331619905549, 0.9499999999999999556 ) ) ;
#2371 =( NAMED_UNIT ( * ) SI_UNIT ( $, .STERADIAN. ) SOLID_ANGLE_UNIT ( ) );
#2372 = EDGE_LOOP ( 'NONE', ( #1855, #2679, #939, #1004 ) ) ;
#2373 =( GEOMETRIC_REPRESENTATION_CONTEXT ( 3 ) GLOBAL_UNCERTAINTY_ASSIGNED_CONTEXT ( ( #3543 ) ) GLOBAL_UNIT_ASSIGNED_CONTEXT ( ( #2889, #399, #1161 ) ) REPRESENTATION_CONTEXT ( 'NONE', 'WORKASPACE' ) );
#2374 = EDGE_LOOP ( 'NONE', ( #2025, #135, #2902, #2702 ) ) ;
#2375 = LINE ( 'NONE', #2083, #2741 ) ;
#2376 = CARTESIAN_POINT ( 'NONE',  ( -1.100000000000000089, -1.250000000000000222, 0.6000000000000000888 ) ) ;
#2377 = CARTESIAN_POINT ( 'NONE',  ( 0.5507995028997515474, -0.4913372246352309958, 1.119301011335299911 ) ) ;
#2378 = EDGE_CURVE ( 'NONE', #172, #3448, #3578, .T. ) ;
#2379 = PRESENTATION_LAYER_ASSIGNMENT (  '', '', ( #1603 ) ) ;
#2380 =( LENGTH_UNIT ( ) NAMED_UNIT ( * ) SI_UNIT ( .MILLI., .METRE. ) );
#2381 = CARTESIAN_POINT ( 'NONE',  ( 0.6007995028997513698, -0.4902636542577147316, 1.090902045940727927 ) ) ;
#2382 = CARTESIAN_POINT ( 'NONE',  ( 0.6007995028997513698, -0.9450644879900680362, 1.025013300735999611 ) ) ;
#2383 =( LENGTH_UNIT ( ) NAMED_UNIT ( * ) SI_UNIT ( .MILLI., .METRE. ) );
#2384 = CARTESIAN_POINT ( 'NONE',  ( -0.6007995028997513698, -0.9439580496430451939, 0.9371244291303991725 ) ) ;
#2385 = ADVANCED_FACE ( 'NONE', ( #2489 ), #3321, .T. ) ;
#2386 = LINE ( 'NONE', #2112, #2068 ) ;
#2387 = ORIENTED_EDGE ( 'NONE', *, *, #3115, .T. ) ;
#2388 = UNCERTAINTY_MEASURE_WITH_UNIT (LENGTH_MEASURE( 1.000000000000000082E-05 ), #3548, 'distance_accuracy_value', 'NONE');
#2389 = CARTESIAN_POINT ( 'NONE',  ( -0.4257995028997514919, -1.250000000000000222, 0.2000000000000000111 ) ) ;
#2390 = ORIENTED_EDGE ( 'NONE', *, *, #220, .T. ) ;
#2391 = ORIENTED_EDGE ( 'NONE', *, *, #361, .F. ) ;
#2392 = ORIENTED_EDGE ( 'NONE', *, *, #428, .T. ) ;
#2393 =( LENGTH_UNIT ( ) NAMED_UNIT ( * ) SI_UNIT ( .MILLI., .METRE. ) );
#2394 = CARTESIAN_POINT ( 'NONE',  ( -0.6007995028997513698, -0.5118087152274390927, 1.139013237535566381 ) ) ;
#2395 = DIRECTION ( 'NONE',  ( 0.000000000000000000, 0.000000000000000000, 1.000000000000000000 ) ) ;
#2396 = SURFACE_SIDE_STYLE ('',( #1914 ) ) ;
#2397 = CARTESIAN_POINT ( 'NONE',  ( 0.5507995028997515474, -0.5413372246352307071, 1.090881761013778428 ) ) ;
#2398 = FACE_OUTER_BOUND ( 'NONE', #3064, .T. ) ;
#2399 = EDGE_CURVE ( 'NONE', #703, #2409, #3528, .T. ) ;
#2400 = DIRECTION ( 'NONE',  ( 1.000000000000000000, 0.000000000000000000, 0.000000000000000000 ) ) ;
#2401 = FILL_AREA_STYLE ('',( #2070 ) ) ;
#2402 = UNCERTAINTY_MEASURE_WITH_UNIT (LENGTH_MEASURE( 1.000000000000000082E-05 ), #2154, 'distance_accuracy_value', 'NONE');
#2403 = CARTESIAN_POINT ( 'NONE',  ( 0.5757995028997514586, -0.9939223609342915378, 0.2000000000000000944 ) ) ;
#2404 = STYLED_ITEM ( 'NONE', ( #2759 ), #1767 ) ;
#2405 =( NAMED_UNIT ( * ) SI_UNIT ( $, .STERADIAN. ) SOLID_ANGLE_UNIT ( ) );
#2406 = LINE ( 'NONE', #1852, #97 ) ;
#2407 = FACE_OUTER_BOUND ( 'NONE', #2248, .T. ) ;
#2408 = ORIENTED_EDGE ( 'NONE', *, *, #3161, .T. ) ;
#2409 = VERTEX_POINT ( 'NONE', #2601 ) ;
#2410 = ORIENTED_EDGE ( 'NONE', *, *, #1962, .F. ) ;
#2411 = CARTESIAN_POINT ( 'NONE',  ( 0.5507995028997515474, -0.5402279655489612420, 1.139013237535566159 ) ) ;
#2412 = FILL_AREA_STYLE_COLOUR ( '', #3174 ) ;
#2413 = FILL_AREA_STYLE_COLOUR ( '', #779 ) ;
#2414 = CARTESIAN_POINT ( 'NONE',  ( -0.5507995028997514364, -0.5118087152274390927, 1.139013237535566381 ) ) ;
#2415 =( GEOMETRIC_REPRESENTATION_CONTEXT ( 3 ) GLOBAL_UNCERTAINTY_ASSIGNED_CONTEXT ( ( #3243 ) ) GLOBAL_UNIT_ASSIGNED_CONTEXT ( ( #180, #526, #1147 ) ) REPRESENTATION_CONTEXT ( 'NONE', 'WORKASPACE' ) );
#2416 = DIRECTION ( 'NONE',  ( -0.000000000000000000, -0.000000000000000000, -1.000000000000000000 ) ) ;
#2417 = CARTESIAN_POINT ( 'NONE',  ( -0.6007995028997513698, -0.4887174280381432756, 1.050000000000000044 ) ) ;
#2418 = MECHANICAL_DESIGN_GEOMETRIC_PRESENTATION_REPRESENTATION (  '', ( #1414 ), #660 ) ;
#2419 = CARTESIAN_POINT ( 'NONE',  ( -0.6007995028997513698, -0.4402636542577146872, 1.090902045940731480 ) ) ;
#2420 = CARTESIAN_POINT ( 'NONE',  ( 0.6007995028997513698, -0.5402279655489612420, 1.139013237535566159 ) ) ;
#2421 = CARTESIAN_POINT ( 'NONE',  ( -0.6007995028997513698, -0.7939223609342919152, 1.139013237535566381 ) ) ;
#2422 = AXIS2_PLACEMENT_3D ( 'NONE', #3242, #2198, #1056 ) ;
#2423 = DIRECTION ( 'NONE',  ( 0.000000000000000000, 0.000000000000000000, 1.000000000000000000 ) ) ;
#2424 = EDGE_CURVE ( 'NONE', #1045, #3247, #2328, .T. ) ;
#2425 = AXIS2_PLACEMENT_3D ( 'NONE', #528, #3585, #3287 ) ;
#2426 = CARTESIAN_POINT ( 'NONE',  ( 0.4248788666902801325, -0.1719179331619905549, 0.9499999999999999556 ) ) ;
#2427 = PRESENTATION_LAYER_ASSIGNMENT (  '', '', ( #1710 ) ) ;
#2428 = ORIENTED_EDGE ( 'NONE', *, *, #1283, .T. ) ;
#2429 = ORIENTED_EDGE ( 'NONE', *, *, #2590, .T. ) ;
#2430 = AXIS2_PLACEMENT_3D ( 'NONE', #1808, #405, #1698 ) ;
#2431 = EDGE_LOOP ( 'NONE', ( #1813, #1533, #2297, #29 ) ) ;
#2432 = SURFACE_STYLE_FILL_AREA ( #2666 ) ;
#2433 = VECTOR ( 'NONE', #126, 1000.000000000000000 ) ;
#2434 = LINE ( 'NONE', #2214, #3041 ) ;
#2435 = EDGE_CURVE ( 'NONE', #1970, #3196, #621, .T. ) ;
#2436 = AXIS2_PLACEMENT_3D ( 'NONE', #344, #2596, #911 ) ;
#2437 = DIRECTION ( 'NONE',  ( -0.000000000000000000, -0.000000000000000000, -1.000000000000000000 ) ) ;
#2438 = FACE_OUTER_BOUND ( 'NONE', #2079, .T. ) ;
#2439 = MECHANICAL_DESIGN_GEOMETRIC_PRESENTATION_REPRESENTATION (  '', ( #2148 ), #1083 ) ;
#2440 = FILL_AREA_STYLE ('',( #1311 ) ) ;
#2441 = DIRECTION ( 'NONE',  ( -1.000000000000000000, 0.000000000000000000, 0.000000000000000000 ) ) ;
#2442 = CARTESIAN_POINT ( 'NONE',  ( 0.5507995028997515474, -0.5402279655489612420, 1.139013237535566159 ) ) ;
#2443 = ADVANCED_FACE ( 'NONE', ( #2047 ), #635, .F. ) ;
#2444 = EDGE_CURVE ( 'NONE', #1398, #315, #1695, .T. ) ;
#2445 = AXIS2_PLACEMENT_3D ( 'NONE', #807, #1918, #3019 ) ;
#2446 = CARTESIAN_POINT ( 'NONE',  ( 0.8499999999999996447, -0.1719179331619905549, 0.9499999999999999556 ) ) ;
#2447 = ORIENTED_EDGE ( 'NONE', *, *, #3288, .T. ) ;
#2448 = ORIENTED_EDGE ( 'NONE', *, *, #3122, .T. ) ;
#2449 = CARTESIAN_POINT ( 'NONE',  ( -0.5507995028997515474, -0.5402279655489612420, 1.139013237535566159 ) ) ;
#2450 = PRESENTATION_STYLE_ASSIGNMENT (( #1008 ) ) ;
#2451 = DIRECTION ( 'NONE',  ( -0.000000000000000000, -0.000000000000000000, -1.000000000000000000 ) ) ;
#2452 = SURFACE_STYLE_USAGE ( .BOTH. , #1328 ) ;
#2453 = PRESENTATION_STYLE_ASSIGNMENT (( #222 ) ) ;
#2454 = DIRECTION ( 'NONE',  ( 1.000000000000000000, 0.000000000000000000, 0.000000000000000000 ) ) ;
#2455 = PRESENTATION_STYLE_ASSIGNMENT (( #1867 ) ) ;
#2456 = EDGE_CURVE ( 'NONE', #1155, #992, #1880, .T. ) ;
#2457 = LINE ( 'NONE', #3544, #546 ) ;
#2458 = EDGE_LOOP ( 'NONE', ( #377, #1166, #2041, #1229 ) ) ;
#2459 = PRESENTATION_STYLE_ASSIGNMENT (( #1321 ) ) ;
#2460 = DIRECTION ( 'NONE',  ( 1.000000000000000000, 0.000000000000000000, 0.000000000000000000 ) ) ;
#2461 = STYLED_ITEM ( 'NONE', ( #2476 ), #1782 ) ;
#2462 = FILL_AREA_STYLE_COLOUR ( '', #1080 ) ;
#2463 = SURFACE_STYLE_FILL_AREA ( #3564 ) ;
#2464 =( GEOMETRIC_REPRESENTATION_CONTEXT ( 3 ) GLOBAL_UNCERTAINTY_ASSIGNED_CONTEXT ( ( #1869 ) ) GLOBAL_UNIT_ASSIGNED_CONTEXT ( ( #15, #2216, #3599 ) ) REPRESENTATION_CONTEXT ( 'NONE', 'WORKASPACE' ) );
#2465 = SURFACE_STYLE_FILL_AREA ( #254 ) ;
#2466 =( NAMED_UNIT ( * ) PLANE_ANGLE_UNIT ( ) SI_UNIT ( $, .RADIAN. ) );
#2467 = FACE_OUTER_BOUND ( 'NONE', #2649, .T. ) ;
#2468 = PRESENTATION_LAYER_ASSIGNMENT (  '', '', ( #1702 ) ) ;
#2469 = DIRECTION ( 'NONE',  ( -0.000000000000000000, -0.000000000000000000, 1.000000000000000000 ) ) ;
#2470 = PRESENTATION_LAYER_ASSIGNMENT (  '', '', ( #430 ) ) ;
#2471 = COLOUR_RGB ( '',0.6470588235294117974, 0.6196078431372549211, 0.5882352941176470784 ) ;
#2472 = VERTEX_POINT ( 'NONE', #2033 ) ;
#2473 = PRESENTATION_LAYER_ASSIGNMENT (  '', '', ( #2812 ) ) ;
#2474 = EDGE_CURVE ( 'NONE', #1006, #1398, #2821, .T. ) ;
#2475 = FILL_AREA_STYLE_COLOUR ( '', #381 ) ;
#2476 = PRESENTATION_STYLE_ASSIGNMENT (( #2726 ) ) ;
#2477 = LINE ( 'NONE', #1988, #2729 ) ;
#2478 = SURFACE_STYLE_FILL_AREA ( #1361 ) ;
#2479 = CIRCLE ( 'NONE', #500, 0.02499999999999995628 ) ;
#2480 =( NAMED_UNIT ( * ) PLANE_ANGLE_UNIT ( ) SI_UNIT ( $, .RADIAN. ) );
#2481 = EDGE_CURVE ( 'NONE', #909, #2572, #3113, .T. ) ;
#2482 = SURFACE_STYLE_USAGE ( .BOTH. , #277 ) ;
#2483 = CARTESIAN_POINT ( 'NONE',  ( -0.6007995028997513698, -0.5402279655489614640, 1.139013237535566159 ) ) ;
#2484 = CYLINDRICAL_SURFACE ( 'NONE', #2187, 0.02499999999999995628 ) ;
#2485 = MECHANICAL_DESIGN_GEOMETRIC_PRESENTATION_REPRESENTATION (  '', ( #2998 ), #3341 ) ;
#2486 = COLOUR_RGB ( '',0.6470588235294117974, 0.6196078431372549211, 0.5882352941176470784 ) ;
#2487 = CARTESIAN_POINT ( 'NONE',  ( -0.5757995028997514586, -0.5402279655489612420, 1.139013237535566159 ) ) ;
#2488 = DIRECTION ( 'NONE',  ( 0.000000000000000000, -0.000000000000000000, -1.000000000000000000 ) ) ;
#2489 = FACE_OUTER_BOUND ( 'NONE', #3261, .T. ) ;
#2490 = VECTOR ( 'NONE', #3016, 1000.000000000000000 ) ;
#2491 =( LENGTH_UNIT ( ) NAMED_UNIT ( * ) SI_UNIT ( .MILLI., .METRE. ) );
#2492 = CARTESIAN_POINT ( 'NONE',  ( 0.6999999999999998446, -1.199999999999999956, -0.05000000000000000278 ) ) ;
#2493 = EDGE_CURVE ( 'NONE', #2082, #2682, #1237, .T. ) ;
#2494 = ORIENTED_EDGE ( 'NONE', *, *, #3071, .T. ) ;
#2495 = CARTESIAN_POINT ( 'NONE',  ( 0.7499999999999995559, 0.9000000000000000222, 0.9499999999999999556 ) ) ;
#2496 =( NAMED_UNIT ( * ) PLANE_ANGLE_UNIT ( ) SI_UNIT ( $, .RADIAN. ) );
#2497 = DIRECTION ( 'NONE',  ( 1.000000000000000000, 0.000000000000000000, 0.000000000000000000 ) ) ;
#2498 = DIRECTION ( 'NONE',  ( -1.000000000000000000, 0.000000000000000000, 0.000000000000000000 ) ) ;
#2499 = COLOUR_RGB ( '',0.007843137254901960675, 0.2392156862745097867, 0.8235294117647058432 ) ;
#2500 = SURFACE_STYLE_USAGE ( .BOTH. , #1095 ) ;
#2501 =( NAMED_UNIT ( * ) SI_UNIT ( $, .STERADIAN. ) SOLID_ANGLE_UNIT ( ) );
#2502 = DIRECTION ( 'NONE',  ( -0.000000000000000000, -0.000000000000000000, 1.000000000000000000 ) ) ;
#2503 = CIRCLE ( 'NONE', #2221, 0.02499999999999995628 ) ;
#2504 = LINE ( 'NONE', #1209, #3038 ) ;
#2505 = ORIENTED_EDGE ( 'NONE', *, *, #114, .F. ) ;
#2506 = CARTESIAN_POINT ( 'NONE',  ( -0.6007995028997513698, -0.5402279655489612420, 1.139013237535566159 ) ) ;
#2507 = DIRECTION ( 'NONE',  ( 0.000000000000000000, -1.000000000000000000, 0.000000000000000000 ) ) ;
#2508 = CARTESIAN_POINT ( 'NONE',  ( -0.8999999999999996891, -0.6096950455675224090, 0.2000000000000000111 ) ) ;
#2509 = CARTESIAN_POINT ( 'NONE',  ( 1.050000000000000044, -1.199999999999999956, 0.000000000000000000 ) ) ;
#2510 = CARTESIAN_POINT ( 'NONE',  ( 0.6007995028997513698, -1.042780233878517260, 1.087327749385893272 ) ) ;
#2511 = CARTESIAN_POINT ( 'NONE',  ( -0.6007995028997514808, -0.9939223609342927590, 1.056170525060946552 ) ) ;
#2512 = VECTOR ( 'NONE', #164, 1000.000000000000000 ) ;
#2513 = CARTESIAN_POINT ( 'NONE',  ( 0.6007995028997513698, -0.4413372246352302852, 1.147720261656822283 ) ) ;
#2514 = FILL_AREA_STYLE_COLOUR ( '', #2995 ) ;
#2515 = FACE_OUTER_BOUND ( 'NONE', #174, .T. ) ;
#2516 = CIRCLE ( 'NONE', #943, 0.02499999999999995628 ) ;
#2517 = ADVANCED_FACE ( 'NONE', ( #1473 ), #2360, .F. ) ;
#2518 = ORIENTED_EDGE ( 'NONE', *, *, #372, .F. ) ;
#2519 = SURFACE_STYLE_FILL_AREA ( #28 ) ;
#2520 = ORIENTED_EDGE ( 'NONE', *, *, #113, .F. ) ;
#2521 = CARTESIAN_POINT ( 'NONE',  ( -0.5507995028997515474, -0.9110796484596735967, 1.139013237535566159 ) ) ;
#2522 = SURFACE_STYLE_FILL_AREA ( #2792 ) ;
#2523 = LINE ( 'NONE', #34, #1718 ) ;
#2524 = STYLED_ITEM ( 'NONE', ( #2966 ), #3388 ) ;
#2525 = PLANE ( 'NONE',  #1542 ) ;
#2526 = STYLED_ITEM ( 'NONE', ( #2912 ), #2117 ) ;
#2527 =( NAMED_UNIT ( * ) PLANE_ANGLE_UNIT ( ) SI_UNIT ( $, .RADIAN. ) );
#2528 = PLANE ( 'NONE',  #2913 ) ;
#2529 = ADVANCED_FACE ( 'NONE', ( #3128 ), #1963, .F. ) ;
#2530 = UNCERTAINTY_MEASURE_WITH_UNIT (LENGTH_MEASURE( 1.000000000000000082E-05 ), #3560, 'distance_accuracy_value', 'NONE');
#2531 = FILL_AREA_STYLE ('',( #1421 ) ) ;
#2532 = EDGE_LOOP ( 'NONE', ( #2791, #2282, #2118, #601 ) ) ;
#2533 = CARTESIAN_POINT ( 'NONE',  ( -0.5507995028997515474, -1.042780233878517260, 1.087327749385893272 ) ) ;
#2534 = PRESENTATION_LAYER_ASSIGNMENT (  '', '', ( #2148 ) ) ;
#2535 = DIRECTION ( 'NONE',  ( 0.000000000000000000, 1.000000000000000000, 0.000000000000000000 ) ) ;
#2536 = ADVANCED_FACE ( 'NONE', ( #360 ), #1434, .F. ) ;
#2537 = ORIENTED_EDGE ( 'NONE', *, *, #636, .F. ) ;
#2538 =( GEOMETRIC_REPRESENTATION_CONTEXT ( 3 ) GLOBAL_UNCERTAINTY_ASSIGNED_CONTEXT ( ( #412 ) ) GLOBAL_UNIT_ASSIGNED_CONTEXT ( ( #408, #1244, #2592 ) ) REPRESENTATION_CONTEXT ( 'NONE', 'WORKASPACE' ) );
#2539 = LINE ( 'NONE', #2271, #3598 ) ;
#2540 = SURFACE_SIDE_STYLE ('',( #595 ) ) ;
#2541 = CARTESIAN_POINT ( 'NONE',  ( 0.5507995028997515474, -0.7958111693394581687, 1.089048926244319926 ) ) ;
#2542 = FILL_AREA_STYLE_COLOUR ( '', #719 ) ;
#2543 = CARTESIAN_POINT ( 'NONE',  ( 0.6007995028997513698, -0.5402279655489614640, 1.139013237535566159 ) ) ;
#2544 = CARTESIAN_POINT ( 'NONE',  ( -0.6007995028997513698, -0.7939223609342919152, 1.139013237535566603 ) ) ;
#2545 = CARTESIAN_POINT ( 'NONE',  ( -1.100000000000000089, -1.250000000000000222, 0.6000000000000000888 ) ) ;
#2546 = CARTESIAN_POINT ( 'NONE',  ( -0.5507995028997515474, -0.5383391571437952106, 1.188977548826812169 ) ) ;
#2547 = FACE_OUTER_BOUND ( 'NONE', #2318, .T. ) ;
#2548 = EDGE_LOOP ( 'NONE', ( #1067, #3468 ) ) ;
#2549 = FACE_OUTER_BOUND ( 'NONE', #193, .T. ) ;
#2550 = PRESENTATION_LAYER_ASSIGNMENT (  '', '', ( #3359 ) ) ;
#2551 = COLOUR_RGB ( '',0.2980392156862745057, 0.2980392156862745057, 0.2980392156862745057 ) ;
#2552 =( NAMED_UNIT ( * ) PLANE_ANGLE_UNIT ( ) SI_UNIT ( $, .RADIAN. ) );
#2553 =( LENGTH_UNIT ( ) NAMED_UNIT ( * ) SI_UNIT ( .MILLI., .METRE. ) );
#2554 = ORIENTED_EDGE ( 'NONE', *, *, #2292, .F. ) ;
#2555 = VERTEX_POINT ( 'NONE', #1466 ) ;
#2556 = ORIENTED_EDGE ( 'NONE', *, *, #1314, .F. ) ;
#2557 = EDGE_CURVE ( 'NONE', #748, #2409, #1085, .T. ) ;
#2558 = FILL_AREA_STYLE ('',( #2256 ) ) ;
#2559 =( NAMED_UNIT ( * ) PLANE_ANGLE_UNIT ( ) SI_UNIT ( $, .RADIAN. ) );
#2560 = UNCERTAINTY_MEASURE_WITH_UNIT (LENGTH_MEASURE( 1.000000000000000082E-05 ), #2289, 'distance_accuracy_value', 'NONE');
#2561 = CARTESIAN_POINT ( 'NONE',  ( -0.5507995028997515474, -0.5387174280381431535, 1.049999999999999822 ) ) ;
#2562 = DIRECTION ( 'NONE',  ( -0.000000000000000000, -0.000000000000000000, -1.000000000000000000 ) ) ;
#2563 = SURFACE_STYLE_USAGE ( .BOTH. , #3097 ) ;
#2564 = UNCERTAINTY_MEASURE_WITH_UNIT (LENGTH_MEASURE( 1.000000000000000082E-05 ), #1167, 'distance_accuracy_value', 'NONE');
#2565 = STYLED_ITEM ( 'NONE', ( #2598 ), #1579 ) ;
#2566 = EDGE_CURVE ( 'NONE', #1046, #1270, #3336, .T. ) ;
#2567 = ORIENTED_EDGE ( 'NONE', *, *, #3071, .F. ) ;
#2568 = AXIS2_PLACEMENT_3D ( 'NONE', #1826, #2676, #685 ) ;
#2569 = SURFACE_STYLE_USAGE ( .BOTH. , #341 ) ;
#2570 = ORIENTED_EDGE ( 'NONE', *, *, #2795, .T. ) ;
#2571 = ADVANCED_FACE ( 'NONE', ( #2728 ), #1684, .T. ) ;
#2572 = VERTEX_POINT ( 'NONE', #2509 ) ;
#2573 = AXIS2_PLACEMENT_3D ( 'NONE', #1941, #1908, #2226 ) ;
#2574 = CARTESIAN_POINT ( 'NONE',  ( 0.5757995028997514586, -0.4887174280381432756, 1.050000000000000044 ) ) ;
#2575 = CARTESIAN_POINT ( 'NONE',  ( 0.5507995028997514364, -0.9939223609342927590, 1.056170525060946552 ) ) ;
#2576 =( NAMED_UNIT ( * ) SI_UNIT ( $, .STERADIAN. ) SOLID_ANGLE_UNIT ( ) );
#2577 = CARTESIAN_POINT ( 'NONE',  ( 0.5507995028997515474, -0.5420964890271725567, 1.090122496621836357 ) ) ;
#2578 = EDGE_CURVE ( 'NONE', #3156, #2583, #565, .T. ) ;
#2579 = CARTESIAN_POINT ( 'NONE',  ( -0.7000000000000000666, 1.199999999999999956, -0.05000000000000000278 ) ) ;
#2580 = SURFACE_STYLE_USAGE ( .BOTH. , #364 ) ;
#2581 = FILL_AREA_STYLE ('',( #947 ) ) ;
#2582 = CARTESIAN_POINT ( 'NONE',  ( 0.6007995028997514808, -0.9939223609342928700, 1.056170525060946552 ) ) ;
#2583 = VERTEX_POINT ( 'NONE', #2193 ) ;
#2584 = VECTOR ( 'NONE', #3079, 1000.000000000000000 ) ;
#2585 = CIRCLE ( 'NONE', #795, 0.02499999999999995628 ) ;
#2586 = COLOUR_RGB ( '',1.000000000000000000, 1.000000000000000000, 1.000000000000000000 ) ;
#2587 = DIRECTION ( 'NONE',  ( -0.000000000000000000, -0.000000000000000000, -1.000000000000000000 ) ) ;
#2588 = PRESENTATION_LAYER_ASSIGNMENT (  '', '', ( #148 ) ) ;
#2589 = VERTEX_POINT ( 'NONE', #523 ) ;
#2590 = EDGE_CURVE ( 'NONE', #2707, #58, #1089, .T. ) ;
#2591 = STYLED_ITEM ( 'NONE', ( #1551 ), #2801 ) ;
#2592 =( NAMED_UNIT ( * ) SI_UNIT ( $, .STERADIAN. ) SOLID_ANGLE_UNIT ( ) );
#2593 = FILL_AREA_STYLE ('',( #2867 ) ) ;
#2594 = ORIENTED_EDGE ( 'NONE', *, *, #2474, .F. ) ;
#2595 = VERTEX_POINT ( 'NONE', #1125 ) ;
#2596 = DIRECTION ( 'NONE',  ( -1.000000000000000000, 0.000000000000000000, -0.000000000000000000 ) ) ;
#2597 = LINE ( 'NONE', #2854, #678 ) ;
#2598 = PRESENTATION_STYLE_ASSIGNMENT (( #380 ) ) ;
#2599 = CARTESIAN_POINT ( 'NONE',  ( 0.5507995028997514364, -0.5118087152274390927, 1.139013237535566381 ) ) ;
#2600 = DIRECTION ( 'NONE',  ( -1.000000000000000000, 0.000000000000000000, 0.000000000000000000 ) ) ;
#2601 = CARTESIAN_POINT ( 'NONE',  ( 0.6007995028997513698, -0.4887174280381432756, 1.050000000000000044 ) ) ;
#2602 = CARTESIAN_POINT ( 'NONE',  ( 0.6007995028997513698, -0.7939223609342919152, 1.139013237535566381 ) ) ;
#2603 = PLANE ( 'NONE',  #1138 ) ;
#2604 = DIRECTION ( 'NONE',  ( 1.000000000000000000, 0.000000000000000000, 0.000000000000000000 ) ) ;
#2605 = STYLED_ITEM ( 'NONE', ( #2453 ), #273 ) ;
#2606 = ORIENTED_EDGE ( 'NONE', *, *, #3493, .F. ) ;
#2607 = COLOUR_RGB ( '',0.7921568627450980005, 0.8196078431372548767, 0.9333333333333333481 ) ;
#2608 = ORIENTED_EDGE ( 'NONE', *, *, #387, .F. ) ;
#2609 = ORIENTED_EDGE ( 'NONE', *, *, #56, .T. ) ;
#2610 = CARTESIAN_POINT ( 'NONE',  ( 0.5507995028997515474, -0.9939223609342917598, 0.9390132375355648708 ) ) ;
#2611 =( LENGTH_UNIT ( ) NAMED_UNIT ( * ) SI_UNIT ( .MILLI., .METRE. ) );
#2612 = CARTESIAN_POINT ( 'NONE',  ( -0.6007995028997513698, -0.9939223609342915378, 0.9390132375355650929 ) ) ;
#2613 =( NAMED_UNIT ( * ) SI_UNIT ( $, .STERADIAN. ) SOLID_ANGLE_UNIT ( ) );
#2614 = DIRECTION ( 'NONE',  ( -0.000000000000000000, -0.000000000000000000, -1.000000000000000000 ) ) ;
#2615 = CARTESIAN_POINT ( 'NONE',  ( -0.5507995028997515474, -0.7920335525291262169, 1.188977548826812836 ) ) ;
#2616 = FACE_OUTER_BOUND ( 'NONE', #3444, .T. ) ;
#2617 = VECTOR ( 'NONE', #1420, 1000.000000000000000 ) ;
#2618 = AXIS2_PLACEMENT_3D ( 'NONE', #2758, #2507, #1950 ) ;
#2619 = EDGE_CURVE ( 'NONE', #688, #505, #2523, .T. ) ;
#2620 = ORIENTED_EDGE ( 'NONE', *, *, #1388, .T. ) ;
#2621 = VERTEX_POINT ( 'NONE', #3298 ) ;
#2622 = ORIENTED_EDGE ( 'NONE', *, *, #2399, .F. ) ;
#2623 = SURFACE_STYLE_FILL_AREA ( #2140 ) ;
#2624 = DIRECTION ( 'NONE',  ( 1.000000000000000000, 0.000000000000000000, 0.000000000000000000 ) ) ;
#2625 = PRESENTATION_STYLE_ASSIGNMENT (( #383 ) ) ;
#2626 = EDGE_CURVE ( 'NONE', #3430, #58, #1343, .T. ) ;
#2627 = CARTESIAN_POINT ( 'NONE',  ( 0.4248788666902801325, -0.1719179331619905549, 0.9499999999999999556 ) ) ;
#2628 = CARTESIAN_POINT ( 'NONE',  ( -0.5507995028997515474, -0.4902636542577147316, 1.090902045940727927 ) ) ;
#2629 = MECHANICAL_DESIGN_GEOMETRIC_PRESENTATION_REPRESENTATION (  '', ( #430 ), #2130 ) ;
#2630 =( LENGTH_UNIT ( ) NAMED_UNIT ( * ) SI_UNIT ( .MILLI., .METRE. ) );
#2631 = SURFACE_STYLE_FILL_AREA ( #1805 ) ;
#2632 = CARTESIAN_POINT ( 'NONE',  ( -0.6007995028997513698, -0.9439580496430451939, 0.1981111915948340907 ) ) ;
#2633 = VECTOR ( 'NONE', #879, 1000.000000000000000 ) ;
#2634 = UNCERTAINTY_MEASURE_WITH_UNIT (LENGTH_MEASURE( 1.000000000000000082E-05 ), #1809, 'distance_accuracy_value', 'NONE');
#2635 = EDGE_CURVE ( 'NONE', #1534, #1267, #1386, .T. ) ;
#2636 =( NAMED_UNIT ( * ) PLANE_ANGLE_UNIT ( ) SI_UNIT ( $, .RADIAN. ) );
#2637 =( NAMED_UNIT ( * ) SI_UNIT ( $, .STERADIAN. ) SOLID_ANGLE_UNIT ( ) );
#2638 = CIRCLE ( 'NONE', #2932, 0.02499999999999995628 ) ;
#2639 = AXIS2_PLACEMENT_3D ( 'NONE', #1985, #590, #886 ) ;
#2640 = VERTEX_POINT ( 'NONE', #250 ) ;
#2641 = AXIS2_PLACEMENT_3D ( 'NONE', #2907, #3455, #1519 ) ;
#2642 = FACE_OUTER_BOUND ( 'NONE', #289, .T. ) ;
#2643 = DIRECTION ( 'NONE',  ( 1.000000000000000000, 7.973862786511596783E-16, -0.000000000000000000 ) ) ;
#2644 = ORIENTED_EDGE ( 'NONE', *, *, #867, .F. ) ;
#2645 = COLOUR_RGB ( '',0.6470588235294117974, 0.6196078431372549211, 0.5882352941176470784 ) ;
#2646 = VERTEX_POINT ( 'NONE', #3313 ) ;
#2647 = EDGE_CURVE ( 'NONE', #1730, #2472, #2272, .T. ) ;
#2648 =( GEOMETRIC_REPRESENTATION_CONTEXT ( 3 ) GLOBAL_UNCERTAINTY_ASSIGNED_CONTEXT ( ( #80 ) ) GLOBAL_UNIT_ASSIGNED_CONTEXT ( ( #3491, #2963, #3001 ) ) REPRESENTATION_CONTEXT ( 'NONE', 'WORKASPACE' ) );
#2649 = EDGE_LOOP ( 'NONE', ( #469, #3043, #455, #3429 ) ) ;
#2650 = PRESENTATION_STYLE_ASSIGNMENT (( #979 ) ) ;
#2651 = CARTESIAN_POINT ( 'NONE',  ( 0.6007995028997513698, -0.4887174280381432756, 1.050000000000000044 ) ) ;
#2652 =( GEOMETRIC_REPRESENTATION_CONTEXT ( 3 ) GLOBAL_UNCERTAINTY_ASSIGNED_CONTEXT ( ( #532 ) ) GLOBAL_UNIT_ASSIGNED_CONTEXT ( ( #1461, #1989, #2886 ) ) REPRESENTATION_CONTEXT ( 'NONE', 'WORKASPACE' ) );
#2653 = LINE ( 'NONE', #1539, #3454 ) ;
#2654 = FILL_AREA_STYLE ('',( #3238 ) ) ;
#2655 = CARTESIAN_POINT ( 'NONE',  ( 0.5507995028997515474, -0.9939223609342915378, 0.9390132375355650929 ) ) ;
#2656 = CARTESIAN_POINT ( 'NONE',  ( -0.5507995028997515474, -0.5383391571437956546, 1.188977548826812836 ) ) ;
#2657 = PRESENTATION_STYLE_ASSIGNMENT (( #1544 ) ) ;
#2658 = CARTESIAN_POINT ( 'NONE',  ( 0.9000000000000006883, 1.049999999999999822, 0.2000000000000000111 ) ) ;
#2659 = FILL_AREA_STYLE ('',( #444 ) ) ;
#2660 =( LENGTH_UNIT ( ) NAMED_UNIT ( * ) SI_UNIT ( .MILLI., .METRE. ) );
#2661 = UNCERTAINTY_MEASURE_WITH_UNIT (LENGTH_MEASURE( 1.000000000000000082E-05 ), #2341, 'distance_accuracy_value', 'NONE');
#2662 = EDGE_LOOP ( 'NONE', ( #1794, #1282, #115, #1210 ) ) ;
#2663 = ORIENTED_EDGE ( 'NONE', *, *, #3595, .F. ) ;
#2664 = ORIENTED_EDGE ( 'NONE', *, *, #1946, .F. ) ;
#2665 = CARTESIAN_POINT ( 'NONE',  ( 0.4257995028997517695, -1.250000000000000222, 0.1500000000000000222 ) ) ;
#2666 = FILL_AREA_STYLE ('',( #2412 ) ) ;
#2667 =( LENGTH_UNIT ( ) NAMED_UNIT ( * ) SI_UNIT ( .MILLI., .METRE. ) );
#2668 = DIRECTION ( 'NONE',  ( 0.000000000000000000, -1.000000000000000000, 0.000000000000000000 ) ) ;
#2669 = CARTESIAN_POINT ( 'NONE',  ( 0.5507995028997515474, -0.5402636542577143874, 1.090902045940731924 ) ) ;
#2670 = PRESENTATION_STYLE_ASSIGNMENT (( #2925 ) ) ;
#2671 = EDGE_CURVE ( 'NONE', #2916, #2302, #510, .T. ) ;
#2672 = CARTESIAN_POINT ( 'NONE',  ( 0.6007995028997513698, -1.043886672225537993, 0.9409020459407303472 ) ) ;
#2673 = CARTESIAN_POINT ( 'NONE',  ( 0.8499999999999996447, -0.1719179331619905549, 0.9499999999999999556 ) ) ;
#2674 = CARTESIAN_POINT ( 'NONE',  ( -0.4257995028997514364, -1.250000000000000222, 0.1500000000000000222 ) ) ;
#2675 = CARTESIAN_POINT ( 'NONE',  ( -0.7257995028997513698, -1.250000000000000222, 0.1500000000000000222 ) ) ;
#2676 = DIRECTION ( 'NONE',  ( 0.000000000000000000, -0.03777616810331912295, -0.9992862258249284313 ) ) ;
#2677 = VECTOR ( 'NONE', #3036, 1000.000000000000000 ) ;
#2678 = SURFACE_STYLE_FILL_AREA ( #451 ) ;
#2679 = ORIENTED_EDGE ( 'NONE', *, *, #603, .T. ) ;
#2680 = EDGE_CURVE ( 'NONE', #505, #978, #1261, .T. ) ;
#2681 = ORIENTED_EDGE ( 'NONE', *, *, #1156, .F. ) ;
#2682 = VERTEX_POINT ( 'NONE', #804 ) ;
#2683 = STYLED_ITEM ( 'NONE', ( #294 ), #1526 ) ;
#2684 = FILL_AREA_STYLE ('',( #157 ) ) ;
#2685 = CARTESIAN_POINT ( 'NONE',  ( -0.9000000000000006883, 1.049999999999999822, 0.2000000000000000111 ) ) ;
#2686 = CARTESIAN_POINT ( 'NONE',  ( -0.6007995028997513698, -0.4815209414277053512, 1.187903978449296849 ) ) ;
#2687 = VECTOR ( 'NONE', #2778, 1000.000000000000000 ) ;
#2688 = LINE ( 'NONE', #3340, #3054 ) ;
#2689 = CARTESIAN_POINT ( 'NONE',  ( 0.5507995028997515474, -0.4887174280381432756, 1.050000000000000044 ) ) ;
#2690 = MECHANICAL_DESIGN_GEOMETRIC_PRESENTATION_REPRESENTATION (  '', ( #194 ), #74 ) ;
#2691 = ADVANCED_FACE ( 'NONE', ( #1915 ), #466, .T. ) ;
#2692 = PLANE ( 'NONE',  #2261 ) ;
#2693 = CARTESIAN_POINT ( 'NONE',  ( -0.7257995028997513698, -1.050000000000000044, 0.1500000000000000222 ) ) ;
#2694 = EDGE_CURVE ( 'NONE', #1776, #1970, #666, .T. ) ;
#2695 = VECTOR ( 'NONE', #1313, 1000.000000000000000 ) ;
#2696 = LINE ( 'NONE', #3554, #324 ) ;
#2697 =( NAMED_UNIT ( * ) SI_UNIT ( $, .STERADIAN. ) SOLID_ANGLE_UNIT ( ) );
#2698 = UNCERTAINTY_MEASURE_WITH_UNIT (LENGTH_MEASURE( 1.000000000000000082E-05 ), #2745, 'distance_accuracy_value', 'NONE');
#2699 = MECHANICAL_DESIGN_GEOMETRIC_PRESENTATION_REPRESENTATION (  '', ( #557 ), #2139 ) ;
#2700 = SURFACE_SIDE_STYLE ('',( #2678 ) ) ;
#2701 = ORIENTED_EDGE ( 'NONE', *, *, #438, .T. ) ;
#2702 = ORIENTED_EDGE ( 'NONE', *, *, #1946, .T. ) ;
#2703 = MECHANICAL_DESIGN_GEOMETRIC_PRESENTATION_REPRESENTATION (  '', ( #674 ), #852 ) ;
#2704 =( NAMED_UNIT ( * ) SI_UNIT ( $, .STERADIAN. ) SOLID_ANGLE_UNIT ( ) );
#2705 = SURFACE_SIDE_STYLE ('',( #1516 ) ) ;
#2706 = SURFACE_SIDE_STYLE ('',( #767 ) ) ;
#2707 = VERTEX_POINT ( 'NONE', #1737 ) ;
#2708 = PRESENTATION_LAYER_ASSIGNMENT (  '', '', ( #3342 ) ) ;
#2709 = PRESENTATION_STYLE_ASSIGNMENT (( #1090 ) ) ;
#2710 = STYLED_ITEM ( 'NONE', ( #924 ), #2716 ) ;
#2711 = PRESENTATION_STYLE_ASSIGNMENT (( #218 ) ) ;
#2712 = PRESENTATION_LAYER_ASSIGNMENT (  '', '', ( #683 ) ) ;
#2713 = CARTESIAN_POINT ( 'NONE',  ( -0.5507995028997515474, -0.4815209414277053512, 1.187903978449296849 ) ) ;
#2714 = DIRECTION ( 'NONE',  ( 0.000000000000000000, 0.03777616810331912295, 0.9992862258249284313 ) ) ;
#2715 = SURFACE_STYLE_USAGE ( .BOTH. , #496 ) ;
#2716 = ADVANCED_FACE ( 'NONE', ( #2337 ), #342, .F. ) ;
#2717 = PLANE ( 'NONE',  #2764 ) ;
#2718 =( BOUNDED_SURFACE ( )  B_SPLINE_SURFACE ( 3, 1, ( 
 ( #1264, #969 ),
 ( #1506, #999 ),
 ( #423, #144 ),
 ( #130, #1523 ),
 ( #2632, #2384 ),
 ( #3201, #3479 ),
 ( #986, #2769 ) ),
 .UNSPECIFIED., .T., .F., .T. ) 
 B_SPLINE_SURFACE_WITH_KNOTS ( ( 4, 3, 4 ),
 ( 2, 2 ),
 ( 0.000000000000000000, 0.5000000000000000000, 1.000000000000000000 ),
 ( 0.000000000000000000, 1.000000000000000000 ),
 .UNSPECIFIED. ) 
 GEOMETRIC_REPRESENTATION_ITEM ( )  RATIONAL_B_SPLINE_SURFACE ( (
 ( 1.000000000000000000, 1.000000000000000000),
 ( 0.3333333333333333703, 0.3333333333333333703),
 ( 0.3333333333333333703, 0.3333333333333333703),
 ( 1.000000000000000000, 1.000000000000000000),
 ( 0.3333333333333333703, 0.3333333333333333703),
 ( 0.3333333333333333703, 0.3333333333333333703),
 ( 1.000000000000000000, 1.000000000000000000) ) ) 
 REPRESENTATION_ITEM ( '' )  SURFACE ( )  );
#2719 = FACE_OUTER_BOUND ( 'NONE', #2176, .T. ) ;
#2720 = AXIS2_PLACEMENT_3D ( 'NONE', #820, #839, #1929 ) ;
#2721 = CARTESIAN_POINT ( 'NONE',  ( 0.6007995028997513698, -0.4387174280381433422, 1.049999999999999822 ) ) ;
#2722 = SURFACE_STYLE_USAGE ( .BOTH. , #1623 ) ;
#2723 = ORIENTED_EDGE ( 'NONE', *, *, #1822, .F. ) ;
#2724 = LINE ( 'NONE', #1971, #2971 ) ;
#2725 = CARTESIAN_POINT ( 'NONE',  ( -1.100000000000000089, -1.250000000000000222, 0.6000000000000000888 ) ) ;
#2726 = SURFACE_STYLE_USAGE ( .BOTH. , #31 ) ;
#2727 =( NAMED_UNIT ( * ) PLANE_ANGLE_UNIT ( ) SI_UNIT ( $, .RADIAN. ) );
#2728 = FACE_OUTER_BOUND ( 'NONE', #956, .T. ) ;
#2729 = VECTOR ( 'NONE', #306, 1000.000000000000000 ) ;
#2730 = CARTESIAN_POINT ( 'NONE',  ( -0.7257995028997513698, -1.250000000000000222, 0.1500000000000000222 ) ) ;
#2731 = DIRECTION ( 'NONE',  ( -0.000000000000000000, 0.000000000000000000, 1.000000000000000000 ) ) ;
#2732 = FILL_AREA_STYLE ('',( #225 ) ) ;
#2733 = FILL_AREA_STYLE ('',( #3589 ) ) ;
#2734 = FACE_BOUND ( 'NONE', #1986, .T. ) ;
#2735 = PRESENTATION_STYLE_ASSIGNMENT (( #1043 ) ) ;
#2736 = ADVANCED_FACE ( 'NONE', ( #3102 ), #323, .F. ) ;
#2737 = EDGE_LOOP ( 'NONE', ( #2958, #1320 ) ) ;
#2738 = DIRECTION ( 'NONE',  ( 1.000000000000000000, 0.000000000000000000, 0.000000000000000000 ) ) ;
#2739 = CARTESIAN_POINT ( 'NONE',  ( -0.5507995028997515474, -0.7939223609342919152, 1.139013237535566603 ) ) ;
#2740 = CARTESIAN_POINT ( 'NONE',  ( -0.5507995028997515474, -0.9939223609342915378, 0.2000000000000000944 ) ) ;
#2741 = VECTOR ( 'NONE', #1555, 1000.000000000000000 ) ;
#2742 = CARTESIAN_POINT ( 'NONE',  ( -0.5507995028997515474, -0.5402279655489614640, 1.139013237535566159 ) ) ;
#2743 = CARTESIAN_POINT ( 'NONE',  ( 0.7000000000000000666, 1.199999999999999956, -0.05000000000000000278 ) ) ;
#2744 = CARTESIAN_POINT ( 'NONE',  ( -0.5507995028997515474, -0.9939223609342915378, 0.9390132375355650929 ) ) ;
#2745 =( LENGTH_UNIT ( ) NAMED_UNIT ( * ) SI_UNIT ( .MILLI., .METRE. ) );
#2746 =( NAMED_UNIT ( * ) SI_UNIT ( $, .STERADIAN. ) SOLID_ANGLE_UNIT ( ) );
#2747 = MECHANICAL_DESIGN_GEOMETRIC_PRESENTATION_REPRESENTATION (  '', ( #1464 ), #12 ) ;
#2748 =( LENGTH_UNIT ( ) NAMED_UNIT ( * ) SI_UNIT ( .MILLI., .METRE. ) );
#2749 = EDGE_CURVE ( 'NONE', #689, #118, #2918, .T. ) ;
#2750 = CARTESIAN_POINT ( 'NONE',  ( 0.5507995028997515474, -0.9939223609342915378, 0.2000000000000000944 ) ) ;
#2751 = FILL_AREA_STYLE_COLOUR ( '', #3084 ) ;
#2752 = CARTESIAN_POINT ( 'NONE',  ( -0.4257995028997514364, -1.250000000000000222, 0.2000000000000000111 ) ) ;
#2753 = CARTESIAN_POINT ( 'NONE',  ( -0.4257995028997514364, -1.050000000000000044, 0.1500000000000000222 ) ) ;
#2754 = CARTESIAN_POINT ( 'NONE',  ( 0.6007995028997513698, -0.7920335525291258838, 1.188977548826812169 ) ) ;
#2755 = ORIENTED_EDGE ( 'NONE', *, *, #586, .F. ) ;
#2756 = ORIENTED_EDGE ( 'NONE', *, *, #1666, .T. ) ;
#2757 = CARTESIAN_POINT ( 'NONE',  ( 0.4248788666902801325, -0.5596950455675224756, 0.9000000000000000222 ) ) ;
#2758 = CARTESIAN_POINT ( 'NONE',  ( -0.9000000000000006883, 1.049999999999999822, 0.9000000000000000222 ) ) ;
#2759 = PRESENTATION_STYLE_ASSIGNMENT (( #304 ) ) ;
#2760 = VERTEX_POINT ( 'NONE', #3504 ) ;
#2761 = FILL_AREA_STYLE ('',( #3335 ) ) ;
#2762 =( LENGTH_UNIT ( ) NAMED_UNIT ( * ) SI_UNIT ( .MILLI., .METRE. ) );
#2763 = EDGE_CURVE ( 'NONE', #1190, #688, #3410, .T. ) ;
#2764 = AXIS2_PLACEMENT_3D ( 'NONE', #1617, #1075, #3521 ) ;
#2765 = PRESENTATION_LAYER_ASSIGNMENT (  '', '', ( #1897 ) ) ;
#2766 = CARTESIAN_POINT ( 'NONE',  ( 0.5507995028997515474, -0.9384592559742888085, 1.190083987173834235 ) ) ;
#2767 = PRESENTATION_LAYER_ASSIGNMENT (  '', '', ( #91 ) ) ;
#2768 = CARTESIAN_POINT ( 'NONE',  ( -0.6007995028997513698, -0.5402636542577144985, 1.090902045940732590 ) ) ;
#2769 = CARTESIAN_POINT ( 'NONE',  ( -0.5507995028997515474, -0.9939223609342915378, 0.9390132375355652039 ) ) ;
#2770 = PRESENTATION_LAYER_ASSIGNMENT (  '', '', ( #1969 ) ) ;
#2771 = DIRECTION ( 'NONE',  ( 0.000000000000000000, -1.000000000000000000, 0.000000000000000000 ) ) ;
#2772 = FILL_AREA_STYLE_COLOUR ( '', #2933 ) ;
#2773 = COLOUR_RGB ( '',0.6470588235294117974, 0.6196078431372549211, 0.5882352941176470784 ) ;
#2774 = CARTESIAN_POINT ( 'NONE',  ( 0.6007995028997513698, -0.5118087152274390927, 1.139013237535566381 ) ) ;
#2775 = CARTESIAN_POINT ( 'NONE',  ( 0.000000000000000000, 0.000000000000000000, 0.2000000000000000111 ) ) ;
#2776 = ORIENTED_EDGE ( 'NONE', *, *, #3553, .T. ) ;
#2777 = CARTESIAN_POINT ( 'NONE',  ( 0.5507995028997515474, -0.5402279655489614640, 1.139013237535566159 ) ) ;
#2778 = DIRECTION ( 'NONE',  ( -1.000000000000000000, -7.228014483236696555E-16, 0.000000000000000000 ) ) ;
#2779 = ORIENTED_EDGE ( 'NONE', *, *, #3351, .F. ) ;
#2780 = LINE ( 'NONE', #2508, #2103 ) ;
#2781 = DIRECTION ( 'NONE',  ( -1.000000000000000000, 0.000000000000000000, 0.000000000000000000 ) ) ;
#2782 = CARTESIAN_POINT ( 'NONE',  ( 0.6007995028997514808, -0.9110796484596737077, 1.139013237535566159 ) ) ;
#2783 = VECTOR ( 'NONE', #1226, 1000.000000000000000 ) ;
#2784 = CARTESIAN_POINT ( 'NONE',  ( 0.5507995028997515474, -0.5402279655489614640, 1.139013237535566159 ) ) ;
#2785 = ADVANCED_FACE ( 'NONE', ( #3482 ), #189, .F. ) ;
#2786 = FACE_BOUND ( 'NONE', #638, .T. ) ;
#2787 = CARTESIAN_POINT ( 'NONE',  ( -0.5507995028997515474, -0.7920335525291258838, 1.188977548826812169 ) ) ;
#2788 = CARTESIAN_POINT ( 'NONE',  ( 0.7257995028997515918, -1.050000000000000044, 0.1500000000000000222 ) ) ;
#2789 = CARTESIAN_POINT ( 'NONE',  ( 0.5507995028997515474, -0.7958111693394577246, 1.089048926244319704 ) ) ;
#2790 = ORIENTED_EDGE ( 'NONE', *, *, #707, .T. ) ;
#2791 = ORIENTED_EDGE ( 'NONE', *, *, #983, .F. ) ;
#2792 = FILL_AREA_STYLE ('',( #580 ) ) ;
#2793 = CARTESIAN_POINT ( 'NONE',  ( -0.4257995028997514364, -1.050000000000000044, 0.1500000000000000222 ) ) ;
#2794 = DIRECTION ( 'NONE',  ( 0.000000000000000000, 0.000000000000000000, -1.000000000000000000 ) ) ;
#2795 = EDGE_CURVE ( 'NONE', #978, #1028, #2406, .T. ) ;
#2796 = FILL_AREA_STYLE_COLOUR ( '', #424 ) ;
#2797 = CARTESIAN_POINT ( 'NONE',  ( 0.6007995028997513698, -1.043886672225537993, 0.2018888084051660148 ) ) ;
#2798 = LINE ( 'NONE', #2545, #2617 ) ;
#2799 = SURFACE_STYLE_USAGE ( .BOTH. , #2241 ) ;
#2800 = CIRCLE ( 'NONE', #3502, 0.02499999999999995628 ) ;
#2801 = ADVANCED_FACE ( 'NONE', ( #2973 ), #598, .T. ) ;
#2802 =( LENGTH_UNIT ( ) NAMED_UNIT ( * ) SI_UNIT ( .MILLI., .METRE. ) );
#2803 = ADVANCED_FACE ( 'NONE', ( #2170 ), #285, .F. ) ;
#2804 = COLOUR_RGB ( '',0.7921568627450980005, 0.8196078431372548767, 0.9333333333333333481 ) ;
#2805 = SURFACE_STYLE_FILL_AREA ( #1478 ) ;
#2807 = SURFACE_STYLE_FILL_AREA ( #720 ) ;
#2806 = STYLED_ITEM ( 'NONE', ( #3168 ), #3227 ) ;
#2808 = ORIENTED_EDGE ( 'NONE', *, *, #1081, .F. ) ;
#2809 = CARTESIAN_POINT ( 'NONE',  ( 0.5507995028997515474, -0.4815209414277053512, 1.187903978449296849 ) ) ;
#2810 = DIRECTION ( 'NONE',  ( -0.000000000000000000, -0.000000000000000000, -1.000000000000000000 ) ) ;
#2811 = SURFACE_STYLE_USAGE ( .BOTH. , #1771 ) ;
#2812 = STYLED_ITEM ( 'NONE', ( #2625 ), #3555 ) ;
#2813 = DIRECTION ( 'NONE',  ( -0.000000000000000000, -0.000000000000000000, -1.000000000000000000 ) ) ;
#2814 = CARTESIAN_POINT ( 'NONE',  ( -0.5507995028997515474, -0.9939223609342917598, 0.9390132375355648708 ) ) ;
#2815 = CARTESIAN_POINT ( 'NONE',  ( 0.5507995028997515474, -0.5383391571437956546, 1.188977548826812836 ) ) ;
#2816 = PRESENTATION_LAYER_ASSIGNMENT (  '', '', ( #3169 ) ) ;
#2817 = CARTESIAN_POINT ( 'NONE',  ( -0.7499999999999995559, -0.4596950455675224423, 0.9499999999999999556 ) ) ;
#2818 =( LENGTH_UNIT ( ) NAMED_UNIT ( * ) SI_UNIT ( .MILLI., .METRE. ) );
#2819 = VECTOR ( 'NONE', #2988, 1000.000000000000000 ) ;
#2820 = UNCERTAINTY_MEASURE_WITH_UNIT (LENGTH_MEASURE( 1.000000000000000082E-05 ), #2260, 'distance_accuracy_value', 'NONE');
#2821 = CIRCLE ( 'NONE', #2313, 0.02499999999999995628 ) ;
#2822 = CARTESIAN_POINT ( 'NONE',  ( -0.5507995028997515474, -0.5402636542577143874, 1.090902045940731924 ) ) ;
#2823 = CARTESIAN_POINT ( 'NONE',  ( -1.100000000000000089, 1.250000000000000000, 0.2000000000000000111 ) ) ;
#2824 = DIRECTION ( 'NONE',  ( 1.000000000000000000, 0.000000000000000000, 0.000000000000000000 ) ) ;
#2825 = STYLED_ITEM ( 'NONE', ( #2150 ), #169 ) ;
#2826 = UNCERTAINTY_MEASURE_WITH_UNIT (LENGTH_MEASURE( 1.000000000000000082E-05 ), #3326, 'distance_accuracy_value', 'NONE');
#2827 = PRESENTATION_LAYER_ASSIGNMENT (  '', '', ( #3231 ) ) ;
#2828 = SURFACE_STYLE_USAGE ( .BOTH. , #2023 ) ;
#2829 = EDGE_CURVE ( 'NONE', #482, #2916, #2457, .T. ) ;
#2830 = ORIENTED_EDGE ( 'NONE', *, *, #971, .T. ) ;
#2831 = FILL_AREA_STYLE ('',( #3427 ) ) ;
#2832 = CARTESIAN_POINT ( 'NONE',  ( -1.050000000000000044, 1.199999999999999956, 0.000000000000000000 ) ) ;
#2833 =( BOUNDED_CURVE ( )  B_SPLINE_CURVE ( 3, ( #637, #2582, #847, #3058 ),
 .UNSPECIFIED., .F., .F. ) 
 B_SPLINE_CURVE_WITH_KNOTS ( ( 4, 4 ),
 ( 0.000000000000000000, 1.000000000000000000 ),
 .UNSPECIFIED. ) 
 CURVE ( )  GEOMETRIC_REPRESENTATION_ITEM ( )  RATIONAL_B_SPLINE_CURVE ( ( 1.000000000000000000, 0.8047378541243631611, 0.8047378541243631611, 1.000000000000000000 ) ) 
 REPRESENTATION_ITEM ( '' )  );
#2834 = EDGE_LOOP ( 'NONE', ( #1746, #1568, #3011, #2681 ) ) ;
#2835 = CARTESIAN_POINT ( 'NONE',  ( -0.5507995028997515474, -0.4402636542577145207, 1.090902045940731924 ) ) ;
#2836 = CARTESIAN_POINT ( 'NONE',  ( 0.5507995028997515474, -0.8837000409450584959, 1.087942487897297417 ) ) ;
#2837 = LINE ( 'NONE', #1216, #3150 ) ;
#2838 = LINE ( 'NONE', #1742, #75 ) ;
#2839 = FACE_OUTER_BOUND ( 'NONE', #1207, .T. ) ;
#2840 = DIRECTION ( 'NONE',  ( 9.035018104045870694E-17, -1.000000000000000000, 0.000000000000000000 ) ) ;
#2841 = CARTESIAN_POINT ( 'NONE',  ( 0.7499999999999995559, 1.000000000000000000, 0.9000000000000000222 ) ) ;
#2842 = CARTESIAN_POINT ( 'NONE',  ( -0.8500000000000007550, 0.8999999999999990230, 0.9499999999999999556 ) ) ;
#2843 = EDGE_CURVE ( 'NONE', #1006, #1225, #109, .T. ) ;
#2844 = LINE ( 'NONE', #355, #723 ) ;
#2845 = ORIENTED_EDGE ( 'NONE', *, *, #1405, .T. ) ;
#2846 = MANIFOLD_SOLID_BREP ( 'Sweep1', #1659 ) ;
#2847 = EDGE_CURVE ( 'NONE', #7, #2555, #1188, .T. ) ;
#2848 =( NAMED_UNIT ( * ) SI_UNIT ( $, .STERADIAN. ) SOLID_ANGLE_UNIT ( ) );
#2849 = ADVANCED_BREP_SHAPE_REPRESENTATION ( 'SFH 2705', ( #439, #2846, #1604, #1526, #1579, #1828 ), #3162 ) ;
#2850 = ORIENTED_EDGE ( 'NONE', *, *, #2694, .F. ) ;
#2851 = EDGE_LOOP ( 'NONE', ( #854, #2567, #1422, #2554 ) ) ;
#2852 = UNCERTAINTY_MEASURE_WITH_UNIT (LENGTH_MEASURE( 1.000000000000000082E-05 ), #2380, 'distance_accuracy_value', 'NONE');
#2853 = CARTESIAN_POINT ( 'NONE',  ( -0.5507995028997515474, -0.4902636542577143985, 1.090902045940732146 ) ) ;
#2854 = CARTESIAN_POINT ( 'NONE',  ( -1.100000000000000755, 1.249999999999999778, 0.000000000000000000 ) ) ;
#2855 = CARTESIAN_POINT ( 'NONE',  ( -0.7257995028997513698, -1.250000000000000222, 0.2000000000000000111 ) ) ;
#2856 = COLOUR_RGB ( '',0.2980392156862745057, 0.2980392156862745057, 0.2980392156862745057 ) ;
#2857 = CARTESIAN_POINT ( 'NONE',  ( -0.5757995028997514586, -0.9939223609342915378, 0.2000000000000000944 ) ) ;
#2858 = CARTESIAN_POINT ( 'NONE',  ( 0.4248788666902801325, -0.5596950455675224756, 0.9499999999999999556 ) ) ;
#2859 = CARTESIAN_POINT ( 'NONE',  ( 1.100000000000000311, 1.250000000000000000, 0.6000000000000000888 ) ) ;
#2860 =( NAMED_UNIT ( * ) SI_UNIT ( $, .STERADIAN. ) SOLID_ANGLE_UNIT ( ) );
#2861 = ORIENTED_EDGE ( 'NONE', *, *, #1785, .F. ) ;
#2862 = EDGE_CURVE ( 'NONE', #627, #2621, #2504, .T. ) ;
#2863 = AXIS2_PLACEMENT_3D ( 'NONE', #3537, #3267, #3477 ) ;
#2864 = CARTESIAN_POINT ( 'NONE',  ( -0.5507995028997515474, -0.4887174280381432756, 1.050000000000000044 ) ) ;
#2865 = ORIENTED_EDGE ( 'NONE', *, *, #3380, .T. ) ;
#2866 =( GEOMETRIC_REPRESENTATION_CONTEXT ( 3 ) GLOBAL_UNCERTAINTY_ASSIGNED_CONTEXT ( ( #1732 ) ) GLOBAL_UNIT_ASSIGNED_CONTEXT ( ( #45, #1984, #319 ) ) REPRESENTATION_CONTEXT ( 'NONE', 'WORKASPACE' ) );
#2867 = FILL_AREA_STYLE_COLOUR ( '', #332 ) ;
#2868 = ORIENTED_EDGE ( 'NONE', *, *, #2349, .T. ) ;
#2869 = ORIENTED_EDGE ( 'NONE', *, *, #2970, .F. ) ;
#2870 =( NAMED_UNIT ( * ) PLANE_ANGLE_UNIT ( ) SI_UNIT ( $, .RADIAN. ) );
#2871 = CARTESIAN_POINT ( 'NONE',  ( 1.050000000000000044, -1.199999999999999956, -0.05000000000000000278 ) ) ;
#2872 =( GEOMETRIC_REPRESENTATION_CONTEXT ( 3 ) GLOBAL_UNCERTAINTY_ASSIGNED_CONTEXT ( ( #718 ) ) GLOBAL_UNIT_ASSIGNED_CONTEXT ( ( #617, #347, #3360 ) ) REPRESENTATION_CONTEXT ( 'NONE', 'WORKASPACE' ) );
#2873 = CARTESIAN_POINT ( 'NONE',  ( 0.6007995028997513698, -1.043886672225537993, 0.9409020459407312353 ) ) ;
#2874 = PRESENTATION_STYLE_ASSIGNMENT (( #2258 ) ) ;
#2875 = FILL_AREA_STYLE ('',( #655 ) ) ;
#2876 =( GEOMETRIC_REPRESENTATION_CONTEXT ( 3 ) GLOBAL_UNCERTAINTY_ASSIGNED_CONTEXT ( ( #2253 ) ) GLOBAL_UNIT_ASSIGNED_CONTEXT ( ( #716, #998, #2127 ) ) REPRESENTATION_CONTEXT ( 'NONE', 'WORKASPACE' ) );
#2877 = FILL_AREA_STYLE_COLOUR ( '', #85 ) ;
#2878 = EDGE_LOOP ( 'NONE', ( #3211, #2094, #1590, #725 ) ) ;
#2879 = STYLED_ITEM ( 'NONE', ( #2459 ), #2106 ) ;
#2880 = COLOUR_RGB ( '',0.6470588235294117974, 0.6196078431372549211, 0.5882352941176470784 ) ;
#2881 = VECTOR ( 'NONE', #129, 1000.000000000000000 ) ;
#2882 = VECTOR ( 'NONE', #104, 1000.000000000000000 ) ;
#2883 = SURFACE_STYLE_FILL_AREA ( #2315 ) ;
#2884 = ORIENTED_EDGE ( 'NONE', *, *, #1024, .T. ) ;
#2885 =( NAMED_UNIT ( * ) PLANE_ANGLE_UNIT ( ) SI_UNIT ( $, .RADIAN. ) );
#2886 =( NAMED_UNIT ( * ) SI_UNIT ( $, .STERADIAN. ) SOLID_ANGLE_UNIT ( ) );
#2887 = ORIENTED_EDGE ( 'NONE', *, *, #2557, .T. ) ;
#2888 = EDGE_LOOP ( 'NONE', ( #1552, #781 ) ) ;
#2889 =( LENGTH_UNIT ( ) NAMED_UNIT ( * ) SI_UNIT ( .MILLI., .METRE. ) );
#2890 = CARTESIAN_POINT ( 'NONE',  ( -0.7499999999999988898, -0.5596950455675224756, 0.9000000000000000222 ) ) ;
#2891 = DIRECTION ( 'NONE',  ( 0.000000000000000000, 0.000000000000000000, 1.000000000000000000 ) ) ;
#2892 = CARTESIAN_POINT ( 'NONE',  ( -0.5507995028997515474, -0.4902636542577147316, 1.090902045940727927 ) ) ;
#2893 = CIRCLE ( 'NONE', #3008, 0.02499999999999995628 ) ;
#2894 = CARTESIAN_POINT ( 'NONE',  ( 0.6007995028997513698, -0.9439580496430451939, 0.9371244291303990614 ) ) ;
#2895 = DIRECTION ( 'NONE',  ( 0.000000000000000000, 0.000000000000000000, 1.000000000000000000 ) ) ;
#2896 = DIRECTION ( 'NONE',  ( 0.000000000000000000, 0.000000000000000000, 1.000000000000000000 ) ) ;
#2897 = ORIENTED_EDGE ( 'NONE', *, *, #535, .T. ) ;
#2898 = CARTESIAN_POINT ( 'NONE',  ( -0.5507995028997515474, -0.4913372246352309958, 1.119301011335299911 ) ) ;
#2899 = CARTESIAN_POINT ( 'NONE',  ( 0.9000000000000006883, 1.049999999999999822, 0.9000000000000000222 ) ) ;
#2900 = EDGE_CURVE ( 'NONE', #373, #3209, #1733, .T. ) ;
#2901 = ORIENTED_EDGE ( 'NONE', *, *, #3329, .F. ) ;
#2902 = ORIENTED_EDGE ( 'NONE', *, *, #2749, .T. ) ;
#2903 = SURFACE_STYLE_USAGE ( .BOTH. , #2010 ) ;
#2904 = CARTESIAN_POINT ( 'NONE',  ( 0.5507995028997515474, -0.5402279655489612420, 1.139013237535566159 ) ) ;
#2905 = EDGE_CURVE ( 'NONE', #118, #486, #3348, .T. ) ;
#2906 = PLANE ( 'NONE',  #3218 ) ;
#2907 = CARTESIAN_POINT ( 'NONE',  ( 0.7499999999999995559, 0.9000000000000000222, 0.9499999999999999556 ) ) ;
#2908 = PRESENTATION_STYLE_ASSIGNMENT (( #3146 ) ) ;
#2909 = CARTESIAN_POINT ( 'NONE',  ( -0.5507995028997514364, -0.4913372246352309403, 1.119301011335299911 ) ) ;
#2910 = SURFACE_SIDE_STYLE ('',( #2631 ) ) ;
#2911 =( NAMED_UNIT ( * ) PLANE_ANGLE_UNIT ( ) SI_UNIT ( $, .RADIAN. ) );
#2912 = PRESENTATION_STYLE_ASSIGNMENT (( #3464 ) ) ;
#2913 = AXIS2_PLACEMENT_3D ( 'NONE', #3605, #2771, #2488 ) ;
#2914 = EDGE_CURVE ( 'NONE', #230, #2589, #98, .T. ) ;
#2915 = PLANE ( 'NONE',  #369 ) ;
#2916 = VERTEX_POINT ( 'NONE', #903 ) ;
#2917 = STYLED_ITEM ( 'NONE', ( #3087 ), #1550 ) ;
#2918 = LINE ( 'NONE', #2899, #1378 ) ;
#2919 = ORIENTED_EDGE ( 'NONE', *, *, #1661, .T. ) ;
#2920 = ORIENTED_EDGE ( 'NONE', *, *, #2329, .F. ) ;
#2921 = FACE_OUTER_BOUND ( 'NONE', #2335, .T. ) ;
#2922 = CARTESIAN_POINT ( 'NONE',  ( -0.7499999999999988898, -0.5596950455675224756, 0.9000000000000000222 ) ) ;
#2923 =( GEOMETRIC_REPRESENTATION_CONTEXT ( 3 ) GLOBAL_UNCERTAINTY_ASSIGNED_CONTEXT ( ( #1440 ) ) GLOBAL_UNIT_ASSIGNED_CONTEXT ( ( #2129, #2911, #1764 ) ) REPRESENTATION_CONTEXT ( 'NONE', 'WORKASPACE' ) );
#2924 =( NAMED_UNIT ( * ) PLANE_ANGLE_UNIT ( ) SI_UNIT ( $, .RADIAN. ) );
#2925 = SURFACE_STYLE_USAGE ( .BOTH. , #1817 ) ;
#2926 = CARTESIAN_POINT ( 'NONE',  ( 0.6007995028997513698, -0.7920335525291262169, 1.188977548826812836 ) ) ;
#2927 =( NAMED_UNIT ( * ) SI_UNIT ( $, .STERADIAN. ) SOLID_ANGLE_UNIT ( ) );
#2928 = CARTESIAN_POINT ( 'NONE',  ( -1.050000000000000044, 1.199999999999999956, -0.05000000000000000278 ) ) ;
#2929 = LINE ( 'NONE', #204, #84 ) ;
#2930 = CIRCLE ( 'NONE', #1370, 0.02499999999999995628 ) ;
#2931 =( NAMED_UNIT ( * ) PLANE_ANGLE_UNIT ( ) SI_UNIT ( $, .RADIAN. ) );
#2932 = AXIS2_PLACEMENT_3D ( 'NONE', #335, #1453, #1437 ) ;
#2933 = COLOUR_RGB ( '',0.6470588235294117974, 0.6196078431372549211, 0.5882352941176470784 ) ;
#2934 = ORIENTED_EDGE ( 'NONE', *, *, #3273, .F. ) ;
#2935 =( GEOMETRIC_REPRESENTATION_CONTEXT ( 3 ) GLOBAL_UNCERTAINTY_ASSIGNED_CONTEXT ( ( #860 ) ) GLOBAL_UNIT_ASSIGNED_CONTEXT ( ( #3551, #513, #2236 ) ) REPRESENTATION_CONTEXT ( 'NONE', 'WORKASPACE' ) );
#2936 = SURFACE_SIDE_STYLE ('',( #829 ) ) ;
#2937 = FILL_AREA_STYLE_COLOUR ( '', #2773 ) ;
#2938 = ORIENTED_EDGE ( 'NONE', *, *, #11, .T. ) ;
#2939 = ORIENTED_EDGE ( 'NONE', *, *, #3327, .F. ) ;
#2940 = PRESENTATION_LAYER_ASSIGNMENT (  '', '', ( #1601 ) ) ;
#2941 = ORIENTED_EDGE ( 'NONE', *, *, #2217, .F. ) ;
#2942 =( NAMED_UNIT ( * ) PLANE_ANGLE_UNIT ( ) SI_UNIT ( $, .RADIAN. ) );
#2943 = DIRECTION ( 'NONE',  ( 1.000000000000000000, 0.000000000000000000, 0.000000000000000000 ) ) ;
#2944 =( GEOMETRIC_REPRESENTATION_CONTEXT ( 3 ) GLOBAL_UNCERTAINTY_ASSIGNED_CONTEXT ( ( #24 ) ) GLOBAL_UNIT_ASSIGNED_CONTEXT ( ( #409, #1532, #2371 ) ) REPRESENTATION_CONTEXT ( 'NONE', 'WORKASPACE' ) );
#2945 = CARTESIAN_POINT ( 'NONE',  ( -0.5507995028997515474, -0.4902636542577149537, 1.090902045940732368 ) ) ;
#2946 = SURFACE_STYLE_USAGE ( .BOTH. , #2325 ) ;
#2947 = CARTESIAN_POINT ( 'NONE',  ( 0.6007995028997514808, -0.9110796484596737077, 1.139013237535566159 ) ) ;
#2948 = FACE_OUTER_BOUND ( 'NONE', #2374, .T. ) ;
#2949 = DIRECTION ( 'NONE',  ( -0.000000000000000000, 1.000000000000000000, -0.000000000000000000 ) ) ;
#2950 =( BOUNDED_SURFACE ( )  B_SPLINE_SURFACE ( 3, 3, ( 
 ( #3300, #1364, #1403, #1916 ),
 ( #3583, #1092, #548, #1107 ),
 ( #2235, #3317, #1956, #570 ),
 ( #1672, #2511, #83, #346 ),
 ( #2291, #51, #3377, #122 ),
 ( #894, #651, #105, #2356 ),
 ( #2814, #929, #672, #3107 ) ),
 .UNSPECIFIED., .T., .F., .F. ) 
 B_SPLINE_SURFACE_WITH_KNOTS ( ( 4, 3, 4 ),
 ( 4, 4 ),
 ( 0.000000000000000000, 0.5000000000000000000, 1.000000000000000000 ),
 ( 0.000000000000000000, 1.000000000000000000 ),
 .UNSPECIFIED. ) 
 GEOMETRIC_REPRESENTATION_ITEM ( )  RATIONAL_B_SPLINE_SURFACE ( (
 ( 1.000000000000000000, 0.8047378541243631611, 0.8047378541243631611, 1.000000000000000000),
 ( 0.3333333333333333703, 0.2682459513747877389, 0.2682459513747877389, 0.3333333333333333703),
 ( 0.3333333333333333703, 0.2682459513747877389, 0.2682459513747877389, 0.3333333333333333703),
 ( 1.000000000000000000, 0.8047378541243631611, 0.8047378541243631611, 1.000000000000000000),
 ( 0.3333333333333333703, 0.2682459513747877389, 0.2682459513747877389, 0.3333333333333333703),
 ( 0.3333333333333333703, 0.2682459513747877389, 0.2682459513747877389, 0.3333333333333333703),
 ( 1.000000000000000000, 0.8047378541243631611, 0.8047378541243631611, 1.000000000000000000) ) ) 
 REPRESENTATION_ITEM ( '' )  SURFACE ( )  );
#2951 = ADVANCED_FACE ( 'NONE', ( #1427 ), #2037, .F. ) ;
#2952 =( NAMED_UNIT ( * ) PLANE_ANGLE_UNIT ( ) SI_UNIT ( $, .RADIAN. ) );
#2953 = ADVANCED_FACE ( 'NONE', ( #1154 ), #2052, .T. ) ;
#2954 = UNCERTAINTY_MEASURE_WITH_UNIT (LENGTH_MEASURE( 1.000000000000000082E-05 ), #2818, 'distance_accuracy_value', 'NONE');
#2955 = DIRECTION ( 'NONE',  ( 1.000000000000000000, 0.000000000000000000, 0.000000000000000000 ) ) ;
#2956 = EDGE_LOOP ( 'NONE', ( #1300, #1497, #2664, #578 ) ) ;
#2957 = ORIENTED_EDGE ( 'NONE', *, *, #372, .T. ) ;
#2958 = ORIENTED_EDGE ( 'NONE', *, *, #1962, .T. ) ;
#2959 =( LENGTH_UNIT ( ) NAMED_UNIT ( * ) SI_UNIT ( .MILLI., .METRE. ) );
#2960 = DIRECTION ( 'NONE',  ( -0.000000000000000000, -0.000000000000000000, -1.000000000000000000 ) ) ;
#2961 = EDGE_CURVE ( 'NONE', #396, #1299, #2844, .T. ) ;
#2962 = PRESENTATION_STYLE_ASSIGNMENT (( #489 ) ) ;
#2963 =( NAMED_UNIT ( * ) PLANE_ANGLE_UNIT ( ) SI_UNIT ( $, .RADIAN. ) );
#2964 = PRESENTATION_STYLE_ASSIGNMENT (( #2452 ) ) ;
#2965 =( LENGTH_UNIT ( ) NAMED_UNIT ( * ) SI_UNIT ( .MILLI., .METRE. ) );
#2966 = PRESENTATION_STYLE_ASSIGNMENT (( #2500 ) ) ;
#2967 =( NAMED_UNIT ( * ) SI_UNIT ( $, .STERADIAN. ) SOLID_ANGLE_UNIT ( ) );
#2968 = UNCERTAINTY_MEASURE_WITH_UNIT (LENGTH_MEASURE( 1.000000000000000082E-05 ), #1723, 'distance_accuracy_value', 'NONE');
#2969 = PLANE ( 'NONE',  #726 ) ;
#2970 = EDGE_CURVE ( 'NONE', #99, #628, #3567, .T. ) ;
#2971 = VECTOR ( 'NONE', #1645, 1000.000000000000000 ) ;
#2972 = PRESENTATION_LAYER_ASSIGNMENT (  '', '', ( #2120 ) ) ;
#2973 = FACE_OUTER_BOUND ( 'NONE', #101, .T. ) ;
#2974 = SURFACE_STYLE_FILL_AREA ( #800 ) ;
#2975 = ORIENTED_EDGE ( 'NONE', *, *, #2058, .F. ) ;
#2976 = ORIENTED_EDGE ( 'NONE', *, *, #2329, .T. ) ;
#2977 = ORIENTED_EDGE ( 'NONE', *, *, #161, .F. ) ;
#2978 = CIRCLE ( 'NONE', #1883, 0.02499999999999995628 ) ;
#2979 = PLANE ( 'NONE',  #537 ) ;
#2980 = FILL_AREA_STYLE ('',( #2413 ) ) ;
#2981 = B_SPLINE_CURVE_WITH_KNOTS ( 'NONE', 1,
 ( #1291, #2744 ),
 .UNSPECIFIED., .F., .F.,
 ( 2, 2 ),
 ( 0.000000000000000000, 1.000000000000000000 ),
 .UNSPECIFIED. ) ;
#2982 = CARTESIAN_POINT ( 'NONE',  ( -0.5507995028997515474, -0.5402636542577144985, 1.090902045940732590 ) ) ;
#2983 = DIRECTION ( 'NONE',  ( -0.000000000000000000, -0.000000000000000000, 1.000000000000000000 ) ) ;
#2984 = EDGE_CURVE ( 'NONE', #1487, #1243, #3500, .T. ) ;
#2985 = LINE ( 'NONE', #3476, #1716 ) ;
#2986 = SURFACE_STYLE_USAGE ( .BOTH. , #773 ) ;
#2987 = VECTOR ( 'NONE', #2587, 1000.000000000000000 ) ;
#2988 = DIRECTION ( 'NONE',  ( -0.000000000000000000, -0.000000000000000000, 1.000000000000000000 ) ) ;
#2989 = CARTESIAN_POINT ( 'NONE',  ( -0.8999999999999996891, -0.6096950455675224090, 0.9000000000000000222 ) ) ;
#2990 = SURFACE_STYLE_FILL_AREA ( #1616 ) ;
#2991 = MECHANICAL_DESIGN_GEOMETRIC_PRESENTATION_REPRESENTATION (  '', ( #953 ), #1416 ) ;
#2992 = SURFACE_SIDE_STYLE ('',( #3272 ) ) ;
#2993 = CARTESIAN_POINT ( 'NONE',  ( 0.5507995028997515474, -0.4902636542577143985, 1.090902045940732146 ) ) ;
#2994 = ORIENTED_EDGE ( 'NONE', *, *, #2905, .F. ) ;
#2995 = COLOUR_RGB ( '',0.007843137254901960675, 0.2392156862745097867, 0.8235294117647058432 ) ;
#2996 = CARTESIAN_POINT ( 'NONE',  ( -0.6007995028997513698, -1.043886672225537993, 0.9409020459407312353 ) ) ;
#2997 = VERTEX_POINT ( 'NONE', #2426 ) ;
#2998 = STYLED_ITEM ( 'NONE', ( #2908 ), #2443 ) ;
#2999 = CARTESIAN_POINT ( 'NONE',  ( 0.6007995028997513698, -0.4402636542577146872, 1.090902045940731480 ) ) ;
#3000 = AXIS2_PLACEMENT_3D ( 'NONE', #874, #1610, #2498 ) ;
#3001 =( NAMED_UNIT ( * ) SI_UNIT ( $, .STERADIAN. ) SOLID_ANGLE_UNIT ( ) );
#3002 = CARTESIAN_POINT ( 'NONE',  ( 0.8499999999999996447, -0.1719179331619905549, 0.9499999999999999556 ) ) ;
#3003 = CARTESIAN_POINT ( 'NONE',  ( 0.5757995028997514586, -0.9939223609342915378, 0.2000000000000000944 ) ) ;
#3004 = DIRECTION ( 'NONE',  ( -1.000000000000000000, 0.000000000000000000, 0.000000000000000000 ) ) ;
#3005 = EDGE_CURVE ( 'NONE', #2555, #3392, #427, .T. ) ;
#3006 = DIRECTION ( 'NONE',  ( -0.000000000000000000, -0.000000000000000000, -1.000000000000000000 ) ) ;
#3007 = CARTESIAN_POINT ( 'NONE',  ( 0.5507995028997515474, -0.5383391571437952106, 1.188977548826812169 ) ) ;
#3008 = AXIS2_PLACEMENT_3D ( 'NONE', #1367, #1884, #775 ) ;
#3009 = CARTESIAN_POINT ( 'NONE',  ( 0.6007995028997513698, -0.4902636542577143985, 1.090902045940732146 ) ) ;
#3010 =( NAMED_UNIT ( * ) PLANE_ANGLE_UNIT ( ) SI_UNIT ( $, .RADIAN. ) );
#3011 = ORIENTED_EDGE ( 'NONE', *, *, #1388, .F. ) ;
#3012 = FACE_OUTER_BOUND ( 'NONE', #2059, .T. ) ;
#3013 = CARTESIAN_POINT ( 'NONE',  ( -0.7257995028997513698, -1.250000000000000222, 0.1500000000000000222 ) ) ;
#3014 = ADVANCED_FACE ( 'NONE', ( #2092 ), #2915, .T. ) ;
#3015 =( NAMED_UNIT ( * ) PLANE_ANGLE_UNIT ( ) SI_UNIT ( $, .RADIAN. ) );
#3016 = DIRECTION ( 'NONE',  ( -0.000000000000000000, -0.000000000000000000, 1.000000000000000000 ) ) ;
#3017 = CARTESIAN_POINT ( 'NONE',  ( 0.6007995028997513698, -0.9384592559742888085, 1.190083987173834235 ) ) ;
#3018 =( LENGTH_UNIT ( ) NAMED_UNIT ( * ) SI_UNIT ( .MILLI., .METRE. ) );
#3019 = DIRECTION ( 'NONE',  ( 1.000000000000000000, 0.000000000000000000, 0.000000000000000000 ) ) ;
#3020 = FILL_AREA_STYLE ('',( #2514 ) ) ;
#3021 = CARTESIAN_POINT ( 'NONE',  ( 1.050000000000000044, -1.199999999999999956, -0.05000000000000000278 ) ) ;
#3022 = CARTESIAN_POINT ( 'NONE',  ( 0.6007995028997513698, -0.4902636542577147316, 1.090902045940727927 ) ) ;
#3023 = ADVANCED_FACE ( 'NONE', ( #2134 ), #2969, .F. ) ;
#3024 =( NAMED_UNIT ( * ) SI_UNIT ( $, .STERADIAN. ) SOLID_ANGLE_UNIT ( ) );
#3025 = DIRECTION ( 'NONE',  ( 1.000000000000000000, 0.000000000000000000, 0.000000000000000000 ) ) ;
#3026 = VERTEX_POINT ( 'NONE', #1265 ) ;
#3027 = PRODUCT_RELATED_PRODUCT_CATEGORY ( 'part', '', ( #1332 ) ) ;
#3028 = SURFACE_STYLE_USAGE ( .BOTH. , #3593 ) ;
#3029 = SURFACE_SIDE_STYLE ('',( #507 ) ) ;
#3030 = DIRECTION ( 'NONE',  ( 0.000000000000000000, -1.000000000000000000, 0.000000000000000000 ) ) ;
#3031 = SURFACE_STYLE_USAGE ( .BOTH. , #307 ) ;
#3032 = CARTESIAN_POINT ( 'NONE',  ( 0.6007995028997513698, -0.7939223609342919152, 1.139013237535566381 ) ) ;
#3033 = CARTESIAN_POINT ( 'NONE',  ( -0.6007995028997513698, -0.5420964890271725567, 1.090122496621836357 ) ) ;
#3034 = DIRECTION ( 'NONE',  ( 0.000000000000000000, 0.000000000000000000, 1.000000000000000000 ) ) ;
#3035 =( NAMED_UNIT ( * ) SI_UNIT ( $, .STERADIAN. ) SOLID_ANGLE_UNIT ( ) );
#3036 = DIRECTION ( 'NONE',  ( 1.000000000000000000, 0.000000000000000000, 0.000000000000000000 ) ) ;
#3037 = CARTESIAN_POINT ( 'NONE',  ( -0.6007995028997513698, -0.7958111693394577246, 1.089048926244319704 ) ) ;
#3038 = VECTOR ( 'NONE', #3387, 1000.000000000000000 ) ;
#3039 = PRESENTATION_STYLE_ASSIGNMENT (( #1391 ) ) ;
#3040 = PRESENTATION_STYLE_ASSIGNMENT (( #534 ) ) ;
#3041 = VECTOR ( 'NONE', #2416, 1000.000000000000000 ) ;
#3042 = FILL_AREA_STYLE ('',( #1356 ) ) ;
#3043 = ORIENTED_EDGE ( 'NONE', *, *, #2961, .F. ) ;
#3044 = FILL_AREA_STYLE_COLOUR ( '', #261 ) ;
#3045 = FILL_AREA_STYLE_COLOUR ( '', #362 ) ;
#3046 = CARTESIAN_POINT ( 'NONE',  ( -0.6007995028997513698, -0.9939223609342915378, 0.9390132375355652039 ) ) ;
#3047 = DIRECTION ( 'NONE',  ( -1.000000000000000000, 0.000000000000000000, 0.000000000000000000 ) ) ;
#3048 = FILL_AREA_STYLE_COLOUR ( '', #1315 ) ;
#3049 = EDGE_CURVE ( 'NONE', #2595, #607, #3158, .T. ) ;
#3050 = FILL_AREA_STYLE ('',( #293 ) ) ;
#3051 = CARTESIAN_POINT ( 'NONE',  ( -1.100000000000000089, 1.250000000000000000, 0.6000000000000000888 ) ) ;
#3052 = VECTOR ( 'NONE', #1505, 1000.000000000000000 ) ;
#3053 = AXIS2_PLACEMENT_3D ( 'NONE', #1628, #2794, #1670 ) ;
#3054 = VECTOR ( 'NONE', #2813, 1000.000000000000000 ) ;
#3055 = PRESENTATION_STYLE_ASSIGNMENT (( #256 ) ) ;
#3056 = LINE ( 'NONE', #1635, #2348 ) ;
#3057 = CARTESIAN_POINT ( 'NONE',  ( -0.5757995028997514586, -0.9939223609342915378, 0.2000000000000000944 ) ) ;
#3058 = CARTESIAN_POINT ( 'NONE',  ( 0.6007995028997513698, -0.7939223609342919152, 1.139013237535566603 ) ) ;
#3059 = DIRECTION ( 'NONE',  ( -0.000000000000000000, -0.000000000000000000, -1.000000000000000000 ) ) ;
#3060 = EDGE_CURVE ( 'NONE', #1913, #1829, #2386, .T. ) ;
#3061 = DIRECTION ( 'NONE',  ( 0.000000000000000000, 0.000000000000000000, -1.000000000000000000 ) ) ;
#3062 = ORIENTED_EDGE ( 'NONE', *, *, #1613, .T. ) ;
#3063 = CARTESIAN_POINT ( 'NONE',  ( -0.5507995028997515474, -0.7939223609342918042, 1.139013237535566159 ) ) ;
#3064 = EDGE_LOOP ( 'NONE', ( #2887, #2790 ) ) ;
#3065 = PRESENTATION_STYLE_ASSIGNMENT (( #1065 ) ) ;
#3066 = CARTESIAN_POINT ( 'NONE',  ( 0.8499999999999996447, -0.1719179331619905549, 0.9000000000000000222 ) ) ;
#3067 = CIRCLE ( 'NONE', #1503, 0.02499999999999995628 ) ;
#3068 = CARTESIAN_POINT ( 'NONE',  ( -1.100000000000000311, -1.250000000000000222, 0.000000000000000000 ) ) ;
#3069 = EDGE_CURVE ( 'NONE', #1569, #2707, #722, .T. ) ;
#3070 = CARTESIAN_POINT ( 'NONE',  ( 0.5757995028997514586, -0.4887174280381432756, 1.050000000000000044 ) ) ;
#3071 = EDGE_CURVE ( 'NONE', #58, #909, #242, .T. ) ;
#3072 = CARTESIAN_POINT ( 'NONE',  ( 0.6007995028997513698, -0.4913372246352309403, 1.119301011335299911 ) ) ;
#3073 =( GEOMETRIC_REPRESENTATION_CONTEXT ( 3 ) GLOBAL_UNCERTAINTY_ASSIGNED_CONTEXT ( ( #3105 ) ) GLOBAL_UNIT_ASSIGNED_CONTEXT ( ( #780, #3010, #1357 ) ) REPRESENTATION_CONTEXT ( 'NONE', 'WORKASPACE' ) );
#3074 = DIRECTION ( 'NONE',  ( 0.000000000000000000, -0.000000000000000000, 1.000000000000000000 ) ) ;
#3075 = CARTESIAN_POINT ( 'NONE',  ( -0.5507995028997515474, -0.5402279655489612420, 1.139013237535566159 ) ) ;
#3076 = CARTESIAN_POINT ( 'NONE',  ( 0.5507995028997515474, -0.4887174280381432756, 1.050000000000000044 ) ) ;
#3077 = PRESENTATION_STYLE_ASSIGNMENT (( #3120 ) ) ;
#3078 = DIRECTION ( 'NONE',  ( 0.000000000000000000, -0.000000000000000000, 1.000000000000000000 ) ) ;
#3079 = DIRECTION ( 'NONE',  ( -0.000000000000000000, -0.000000000000000000, -1.000000000000000000 ) ) ;
#3080 = EDGE_LOOP ( 'NONE', ( #2494, #1773, #1431, #2250 ) ) ;
#3081 = CARTESIAN_POINT ( 'NONE',  ( 0.6007995028997513698, -0.4815209414277053512, 1.187903978449296849 ) ) ;
#3082 =( NAMED_UNIT ( * ) SI_UNIT ( $, .STERADIAN. ) SOLID_ANGLE_UNIT ( ) );
#3083 = CARTESIAN_POINT ( 'NONE',  ( -0.7000000000000000666, 1.199999999999999956, -0.05000000000000000278 ) ) ;
#3084 = COLOUR_RGB ( '',1.000000000000000000, 1.000000000000000000, 1.000000000000000000 ) ;
#3085 = CARTESIAN_POINT ( 'NONE',  ( -0.5507995028997515474, -0.4887174280381432756, 1.050000000000000044 ) ) ;
#3086 = SURFACE_SIDE_STYLE ('',( #583 ) ) ;
#3087 = PRESENTATION_STYLE_ASSIGNMENT (( #2482 ) ) ;
#3088 = ADVANCED_FACE ( 'NONE', ( #2719, #2734 ), #2205, .T. ) ;
#3089 = STYLED_ITEM ( 'NONE', ( #3145 ), #1399 ) ;
#3090 = DIRECTION ( 'NONE',  ( -0.000000000000000000, -0.000000000000000000, 1.000000000000000000 ) ) ;
#3091 = CYLINDRICAL_SURFACE ( 'NONE', #1660, 0.1000000000000000472 ) ;
#3092 = DIRECTION ( 'NONE',  ( -0.000000000000000000, 1.000000000000000000, 0.000000000000000000 ) ) ;
#3093 = CARTESIAN_POINT ( 'NONE',  ( -0.5507995028997515474, -0.7958111693394577246, 1.089048926244319704 ) ) ;
#3094 = PRESENTATION_LAYER_ASSIGNMENT (  '', '', ( #2917 ) ) ;
#3095 = PRESENTATION_STYLE_ASSIGNMENT (( #1998 ) ) ;
#3096 = VERTEX_POINT ( 'NONE', #555 ) ;
#3097 = SURFACE_SIDE_STYLE ('',( #921 ) ) ;
#3098 = COLOUR_RGB ( '',0.6470588235294117974, 0.6196078431372549211, 0.5882352941176470784 ) ;
#3099 = LINE ( 'NONE', #1824, #1253 ) ;
#3100 = ORIENTED_EDGE ( 'NONE', *, *, #1024, .F. ) ;
#3101 = SURFACE_SIDE_STYLE ('',( #1683 ) ) ;
#3102 = FACE_OUTER_BOUND ( 'NONE', #1358, .T. ) ;
#3103 = AXIS2_PLACEMENT_3D ( 'NONE', #1726, #896, #363 ) ;
#3104 = EDGE_LOOP ( 'NONE', ( #3577, #60 ) ) ;
#3105 = UNCERTAINTY_MEASURE_WITH_UNIT (LENGTH_MEASURE( 1.000000000000000082E-05 ), #780, 'distance_accuracy_value', 'NONE');
#3106 = CARTESIAN_POINT ( 'NONE',  ( -0.5507995028997515474, -0.4887174280381432756, 1.050000000000000044 ) ) ;
#3107 = CARTESIAN_POINT ( 'NONE',  ( -0.5507995028997515474, -0.7939223609342919152, 1.139013237535566381 ) ) ;
#3108 = VECTOR ( 'NONE', #3006, 1000.000000000000000 ) ;
#3109 = PRESENTATION_STYLE_ASSIGNMENT (( #2293 ) ) ;
#3110 = MECHANICAL_DESIGN_GEOMETRIC_PRESENTATION_REPRESENTATION (  '', ( #2879 ), #1900 ) ;
#3111 = DIRECTION ( 'NONE',  ( 9.035018104045870694E-17, -1.000000000000000000, 0.000000000000000000 ) ) ;
#3112 = PLANE ( 'NONE',  #2001 ) ;
#3113 = LINE ( 'NONE', #3187, #3052 ) ;
#3114 = COLOUR_RGB ( '',0.6470588235294117974, 0.6196078431372549211, 0.5882352941176470784 ) ;
#3115 = EDGE_CURVE ( 'NONE', #2682, #1534, #1078, .T. ) ;
#3116 = UNCERTAINTY_MEASURE_WITH_UNIT (LENGTH_MEASURE( 1.000000000000000082E-05 ), #69, 'distance_accuracy_value', 'NONE');
#3117 = MECHANICAL_DESIGN_GEOMETRIC_PRESENTATION_REPRESENTATION (  '', ( #502 ), #964 ) ;
#3118 = CARTESIAN_POINT ( 'NONE',  ( -0.6007995028997513698, -0.5402636542577143874, 1.090902045940731924 ) ) ;
#3119 = EDGE_LOOP ( 'NONE', ( #2938, #47, #3534, #641 ) ) ;
#3120 = SURFACE_STYLE_USAGE ( .BOTH. , #1731 ) ;
#3121 = UNCERTAINTY_MEASURE_WITH_UNIT (LENGTH_MEASURE( 1.000000000000000082E-05 ), #3570, 'distance_accuracy_value', 'NONE');
#3122 = EDGE_CURVE ( 'NONE', #3245, #834, #549, .T. ) ;
#3123 = ADVANCED_FACE ( 'NONE', ( #2243 ), #749, .T. ) ;
#3124 = ORIENTED_EDGE ( 'NONE', *, *, #3380, .F. ) ;
#3125 = CARTESIAN_POINT ( 'NONE',  ( 0.6007995028997513698, -0.7920335525291258838, 1.188977548826812169 ) ) ;
#3126 = ORIENTED_EDGE ( 'NONE', *, *, #1446, .T. ) ;
#3127 = VERTEX_POINT ( 'NONE', #2036 ) ;
#3128 = FACE_OUTER_BOUND ( 'NONE', #1462, .T. ) ;
#3129 = SURFACE_SIDE_STYLE ('',( #1724 ) ) ;
#3130 = ADVANCED_FACE ( 'NONE', ( #2549 ), #1709, .T. ) ;
#3131 = CARTESIAN_POINT ( 'NONE',  ( 0.5507995028997515474, -0.4413372246352302852, 1.147720261656822283 ) ) ;
#3132 = FILL_AREA_STYLE_COLOUR ( '', #3282 ) ;
#3133 = CARTESIAN_POINT ( 'NONE',  ( 0.5757995028997514586, -0.4902636542577235024, 1.090902045940727927 ) ) ;
#3134 = PLANE ( 'NONE',  #670 ) ;
#3135 = ORIENTED_EDGE ( 'NONE', *, *, #2292, .T. ) ;
#3136 = CARTESIAN_POINT ( 'NONE',  ( 0.5507995028997515474, -0.5421167739541271624, 1.089048926244319704 ) ) ;
#3137 = ORIENTED_EDGE ( 'NONE', *, *, #2234, .F. ) ;
#3138 = LINE ( 'NONE', #1792, #632 ) ;
#3139 = ORIENTED_EDGE ( 'NONE', *, *, #1035, .F. ) ;
#3140 = ORIENTED_EDGE ( 'NONE', *, *, #2435, .T. ) ;
#3141 = DIRECTION ( 'NONE',  ( -1.000000000000000000, 0.000000000000000000, 0.000000000000000000 ) ) ;
#3142 =( NAMED_UNIT ( * ) PLANE_ANGLE_UNIT ( ) SI_UNIT ( $, .RADIAN. ) );
#3143 = FILL_AREA_STYLE ('',( #2031 ) ) ;
#3144 = AXIS2_PLACEMENT_3D ( 'NONE', #1250, #1570, #2121 ) ;
#3145 = PRESENTATION_STYLE_ASSIGNMENT (( #2046 ) ) ;
#3146 = SURFACE_STYLE_USAGE ( .BOTH. , #1451 ) ;
#3147 = CARTESIAN_POINT ( 'NONE',  ( 0.5507995028997515474, -0.7958111693394581687, 1.089048926244319926 ) ) ;
#3148 = CARTESIAN_POINT ( 'NONE',  ( 0.8499999999999996447, -0.1719179331619905549, 0.9000000000000000222 ) ) ;
#3149 = CARTESIAN_POINT ( 'NONE',  ( -0.5507995028997515474, -0.7958111693394581687, 1.089048926244319926 ) ) ;
#3150 = VECTOR ( 'NONE', #2044, 1000.000000000000000 ) ;
#3151 = COLOUR_RGB ( '',0.6470588235294117974, 0.6196078431372549211, 0.5882352941176470784 ) ;
#3152 = CARTESIAN_POINT ( 'NONE',  ( 0.9000000000000006883, 1.049999999999999822, 0.9000000000000000222 ) ) ;
#3153 = ORIENTED_EDGE ( 'NONE', *, *, #376, .F. ) ;
#3154 = LINE ( 'NONE', #2039, #1982 ) ;
#3155 = CARTESIAN_POINT ( 'NONE',  ( 0.5507995028997515474, -0.7958111693394577246, 1.089048926244319704 ) ) ;
#3156 = VERTEX_POINT ( 'NONE', #72 ) ;
#3157 = EDGE_LOOP ( 'NONE', ( #1171, #1894, #2975, #212 ) ) ;
#3158 = CIRCLE ( 'NONE', #253, 0.02499999999999995628 ) ;
#3159 =( NAMED_UNIT ( * ) PLANE_ANGLE_UNIT ( ) SI_UNIT ( $, .RADIAN. ) );
#3160 = DIRECTION ( 'NONE',  ( -1.000000000000000000, -5.421010862427520198E-16, 0.000000000000000000 ) ) ;
#3161 = EDGE_CURVE ( 'NONE', #2004, #2621, #337, .T. ) ;
#3162 =( GEOMETRIC_REPRESENTATION_CONTEXT ( 3 ) GLOBAL_UNCERTAINTY_ASSIGNED_CONTEXT ( ( #2333 ) ) GLOBAL_UNIT_ASSIGNED_CONTEXT ( ( #1931, #2480, #491 ) ) REPRESENTATION_CONTEXT ( 'NONE', 'WORKASPACE' ) );
#3163 = CARTESIAN_POINT ( 'NONE',  ( 0.5507995028997515474, -0.4902636542577149537, 1.090902045940732368 ) ) ;
#3164 = DIRECTION ( 'NONE',  ( 1.000000000000000000, 0.000000000000000000, 0.000000000000000000 ) ) ;
#3165 = CARTESIAN_POINT ( 'NONE',  ( 0.5507995028997514364, -0.4913372246352309403, 1.119301011335299911 ) ) ;
#3166 = CARTESIAN_POINT ( 'NONE',  ( 0.5507995028997514364, -0.9110796484596737077, 1.139013237535566159 ) ) ;
#3167 = ORIENTED_EDGE ( 'NONE', *, *, #2283, .F. ) ;
#3168 = PRESENTATION_STYLE_ASSIGNMENT (( #184 ) ) ;
#3169 = STYLED_ITEM ( 'NONE', ( #3369 ), #2158 ) ;
#3170 = COLOUR_RGB ( '',0.007843137254901960675, 0.2392156862745097867, 0.8235294117647058432 ) ;
#3171 = PRESENTATION_LAYER_ASSIGNMENT (  '', '', ( #502 ) ) ;
#3172 = COLOUR_RGB ( '',0.6470588235294117974, 0.6196078431372549211, 0.5882352941176470784 ) ;
#3173 = DIRECTION ( 'NONE',  ( -1.000000000000000000, 0.000000000000000000, 0.000000000000000000 ) ) ;
#3174 = COLOUR_RGB ( '',0.6470588235294117974, 0.6196078431372549211, 0.5882352941176470784 ) ;
#3175 = EDGE_LOOP ( 'NONE', ( #2976, #1298, #1832, #1791 ) ) ;
#3176 = EDGE_CURVE ( 'NONE', #2069, #3205, #3367, .T. ) ;
#3177 = EDGE_LOOP ( 'NONE', ( #2173, #648, #2897, #786 ) ) ;
#3178 = ORIENTED_EDGE ( 'NONE', *, *, #700, .T. ) ;
#3179 = UNCERTAINTY_MEASURE_WITH_UNIT (LENGTH_MEASURE( 1.000000000000000082E-05 ), #2965, 'distance_accuracy_value', 'NONE');
#3180 = PLANE ( 'NONE',  #937 ) ;
#3181 = FACE_OUTER_BOUND ( 'NONE', #647, .T. ) ;
#3182 = FACE_BOUND ( 'NONE', #2851, .T. ) ;
#3183 = CARTESIAN_POINT ( 'NONE',  ( 0.5507995028997515474, -0.9939223609342915378, 0.2000000000000000944 ) ) ;
#3184 = CARTESIAN_POINT ( 'NONE',  ( 0.6007995028997513698, -0.9939223609342915378, 0.9390132375355650929 ) ) ;
#3185 = CARTESIAN_POINT ( 'NONE',  ( 0.5507995028997515474, -0.5413372246352307071, 1.090881761013778428 ) ) ;
#3186 = ADVANCED_FACE ( 'NONE', ( #884 ), #1983, .F. ) ;
#3187 = CARTESIAN_POINT ( 'NONE',  ( 1.050000000000000044, 1.199999999999999956, 0.000000000000000000 ) ) ;
#3188 = AXIS2_PLACEMENT_3D ( 'NONE', #2446, #3260, #1026 ) ;
#3189 = CARTESIAN_POINT ( 'NONE',  ( -0.5507995028997515474, -0.9939223609342915378, 0.2000000000000000944 ) ) ;
#3190 = CARTESIAN_POINT ( 'NONE',  ( -0.6999999999999998446, -1.199999999999999956, 0.000000000000000000 ) ) ;
#3191 = VECTOR ( 'NONE', #2810, 1000.000000000000000 ) ;
#3192 = VERTEX_POINT ( 'NONE', #2674 ) ;
#3193 = DIRECTION ( 'NONE',  ( 0.000000000000000000, 0.000000000000000000, 1.000000000000000000 ) ) ;
#3194 = SURFACE_STYLE_USAGE ( .BOTH. , #1581 ) ;
#3195 = ORIENTED_EDGE ( 'NONE', *, *, #2493, .T. ) ;
#3196 = VERTEX_POINT ( 'NONE', #3190 ) ;
#3197 = FACE_OUTER_BOUND ( 'NONE', #3104, .T. ) ;
#3198 = CARTESIAN_POINT ( 'NONE',  ( 0.6007995028997513698, -0.5387174280381431535, 1.049999999999999822 ) ) ;
#3199 = PLANE ( 'NONE',  #1174 ) ;
#3200 = CARTESIAN_POINT ( 'NONE',  ( -0.7499999999999988898, -0.5596950455675224756, 0.9499999999999999556 ) ) ;
#3201 = CARTESIAN_POINT ( 'NONE',  ( -0.5507995028997515474, -0.9439580496430451939, 0.1981111915948340907 ) ) ;
#3202 = PLANE ( 'NONE',  #673 ) ;
#3203 = DIRECTION ( 'NONE',  ( -0.000000000000000000, -0.000000000000000000, -1.000000000000000000 ) ) ;
#3204 = AXIS2_PLACEMENT_3D ( 'NONE', #1492, #1182, #2891 ) ;
#3205 = VERTEX_POINT ( 'NONE', #717 ) ;
#3206 = UNCERTAINTY_MEASURE_WITH_UNIT (LENGTH_MEASURE( 1.000000000000000082E-05 ), #345, 'distance_accuracy_value', 'NONE');
#3207 = CARTESIAN_POINT ( 'NONE',  ( 0.6007995028997513698, -0.5402279655489612420, 1.139013237535566159 ) ) ;
#3208 =( NAMED_UNIT ( * ) SI_UNIT ( $, .STERADIAN. ) SOLID_ANGLE_UNIT ( ) );
#3209 = VERTEX_POINT ( 'NONE', #3520 ) ;
#3210 = ORIENTED_EDGE ( 'NONE', *, *, #3069, .T. ) ;
#3211 = ORIENTED_EDGE ( 'NONE', *, *, #867, .T. ) ;
#3212 =( NAMED_UNIT ( * ) SI_UNIT ( $, .STERADIAN. ) SOLID_ANGLE_UNIT ( ) );
#3213 =( NAMED_UNIT ( * ) SI_UNIT ( $, .STERADIAN. ) SOLID_ANGLE_UNIT ( ) );
#3214 = LINE ( 'NONE', #86, #25 ) ;
#3215 = EDGE_CURVE ( 'NONE', #1608, #486, #950, .T. ) ;
#3216 = DIRECTION ( 'NONE',  ( 1.000000000000000000, -0.000000000000000000, -0.000000000000000000 ) ) ;
#3217 = FILL_AREA_STYLE_COLOUR ( '', #1943 ) ;
#3218 = AXIS2_PLACEMENT_3D ( 'NONE', #1896, #524, #1011 ) ;
#3219 = DIRECTION ( 'NONE',  ( -0.000000000000000000, 1.000000000000000000, 0.000000000000000000 ) ) ;
#3220 = CARTESIAN_POINT ( 'NONE',  ( -0.6007995028997513698, -0.8837000409450584959, 1.087942487897297417 ) ) ;
#3221 =( GEOMETRIC_REPRESENTATION_CONTEXT ( 3 ) GLOBAL_UNCERTAINTY_ASSIGNED_CONTEXT ( ( #970 ) ) GLOBAL_UNIT_ASSIGNED_CONTEXT ( ( #1559, #1325, #3283 ) ) REPRESENTATION_CONTEXT ( 'NONE', 'WORKASPACE' ) );
#3222 = EDGE_CURVE ( 'NONE', #2760, #1584, #1806, .T. ) ;
#3223 =( LENGTH_UNIT ( ) NAMED_UNIT ( * ) SI_UNIT ( .MILLI., .METRE. ) );
#3224 = CIRCLE ( 'NONE', #1651, 0.02499999999999995628 ) ;
#3225 = SURFACE_STYLE_FILL_AREA ( #1527 ) ;
#3226 = PRESENTATION_LAYER_ASSIGNMENT (  '', '', ( #1132 ) ) ;
#3227 = ADVANCED_FACE ( 'NONE', ( #682 ), #2718, .F. ) ;
#3228 = CLOSED_SHELL ( 'NONE', ( #2801, #3489, #2691, #761, #3555, #3014, #1508, #878, #1116, #3123, #1354, #1070 ) ) ;
#3229 =( NAMED_UNIT ( * ) PLANE_ANGLE_UNIT ( ) SI_UNIT ( $, .RADIAN. ) );
#3230 = ORIENTED_EDGE ( 'NONE', *, *, #2283, .T. ) ;
#3231 = STYLED_ITEM ( 'NONE', ( #395 ), #2691 ) ;
#3232 = ORIENTED_EDGE ( 'NONE', *, *, #1452, .F. ) ;
#3233 = VECTOR ( 'NONE', #239, 1000.000000000000000 ) ;
#3234 = ORIENTED_EDGE ( 'NONE', *, *, #3049, .T. ) ;
#3235 = LINE ( 'NONE', #214, #2051 ) ;
#3236 = LINE ( 'NONE', #734, #308 ) ;
#3237 = SURFACE_STYLE_FILL_AREA ( #1051 ) ;
#3238 = FILL_AREA_STYLE_COLOUR ( '', #1379 ) ;
#3239 = CARTESIAN_POINT ( 'NONE',  ( 0.5507995028997515474, -0.7939223609342919152, 1.139013237535566603 ) ) ;
#3240 = EDGE_CURVE ( 'NONE', #1487, #230, #1919, .T. ) ;
#3241 = CARTESIAN_POINT ( 'NONE',  ( -0.5507995028997515474, -0.5402279655489614640, 1.139013237535566159 ) ) ;
#3242 = CARTESIAN_POINT ( 'NONE',  ( 0.5757995028997514586, -0.4887174280381432756, 1.050000000000000044 ) ) ;
#3243 = UNCERTAINTY_MEASURE_WITH_UNIT (LENGTH_MEASURE( 1.000000000000000082E-05 ), #180, 'distance_accuracy_value', 'NONE');
#3244 = STYLED_ITEM ( 'NONE', ( #2076 ), #553 ) ;
#3245 = VERTEX_POINT ( 'NONE', #2151 ) ;
#3246 = ORIENTED_EDGE ( 'NONE', *, *, #3277, .F. ) ;
#3247 = VERTEX_POINT ( 'NONE', #1330 ) ;
#3248 = CARTESIAN_POINT ( 'NONE',  ( -0.5757995028997514586, -0.4887174280381432756, 1.050000000000000044 ) ) ;
#3249 = DIRECTION ( 'NONE',  ( 0.000000000000000000, -0.000000000000000000, 1.000000000000000000 ) ) ;
#3250 = CARTESIAN_POINT ( 'NONE',  ( 0.000000000000000000, 0.000000000000000000, 0.000000000000000000 ) ) ;
#3251 = CARTESIAN_POINT ( 'NONE',  ( -0.6007995028997513698, -0.5420964890271725567, 1.090122496621836357 ) ) ;
#3252 = FILL_AREA_STYLE_COLOUR ( '', #1890 ) ;
#3253 = CARTESIAN_POINT ( 'NONE',  ( 0.6007995028997513698, -0.5402636542577143874, 1.090902045940731924 ) ) ;
#3254 = LINE ( 'NONE', #3550, #477 ) ;
#3255 = SURFACE_SIDE_STYLE ('',( #2165 ) ) ;
#3256 = FACE_OUTER_BOUND ( 'NONE', #1213, .T. ) ;
#3257 = SURFACE_SIDE_STYLE ('',( #2152 ) ) ;
#3258 = PRESENTATION_LAYER_ASSIGNMENT (  '', '', ( #713 ) ) ;
#3259 =( GEOMETRIC_REPRESENTATION_CONTEXT ( 3 ) GLOBAL_UNCERTAINTY_ASSIGNED_CONTEXT ( ( #2388 ) ) GLOBAL_UNIT_ASSIGNED_CONTEXT ( ( #3548, #752, #1588 ) ) REPRESENTATION_CONTEXT ( 'NONE', 'WORKASPACE' ) );
#3260 = DIRECTION ( 'NONE',  ( 0.000000000000000000, 1.000000000000000000, -0.000000000000000000 ) ) ;
#3261 = EDGE_LOOP ( 'NONE', ( #3246, #1606, #1947, #2113 ) ) ;
#3262 = EDGE_LOOP ( 'NONE', ( #2868, #1926, #3137, #76 ) ) ;
#3263 = PRESENTATION_LAYER_ASSIGNMENT (  '', '', ( #1464 ) ) ;
#3264 =( NAMED_UNIT ( * ) SI_UNIT ( $, .STERADIAN. ) SOLID_ANGLE_UNIT ( ) );
#3265 = ORIENTED_EDGE ( 'NONE', *, *, #918, .T. ) ;
#3266 = CARTESIAN_POINT ( 'NONE',  ( 0.5507995028997515474, -0.4902636542577143985, 1.090902045940732146 ) ) ;
#3267 = DIRECTION ( 'NONE',  ( -1.000000000000000000, 6.532538464707945869E-16, 0.000000000000000000 ) ) ;
#3268 = PRESENTATION_LAYER_ASSIGNMENT (  '', '', ( #2005 ) ) ;
#3269 = CARTESIAN_POINT ( 'NONE',  ( -0.6007995028997513698, -0.9939223609342915378, 0.2000000000000000944 ) ) ;
#3270 = COLOUR_RGB ( '',1.000000000000000000, 1.000000000000000000, 1.000000000000000000 ) ;
#3271 = DIRECTION ( 'NONE',  ( -1.000000000000000000, 0.000000000000000000, 0.000000000000000000 ) ) ;
#3272 = SURFACE_STYLE_FILL_AREA ( #813 ) ;
#3273 = EDGE_CURVE ( 'NONE', #3559, #1410, #661, .T. ) ;
#3274 = AXIS2_PLACEMENT_3D ( 'NONE', #57, #3405, #2262 ) ;
#3275 = ORIENTED_EDGE ( 'NONE', *, *, #2671, .T. ) ;
#3276 = MECHANICAL_DESIGN_GEOMETRIC_PRESENTATION_REPRESENTATION (  '', ( #2526 ), #1133 ) ;
#3277 = EDGE_CURVE ( 'NONE', #1410, #3559, #370, .T. ) ;
#3278 = FILL_AREA_STYLE_COLOUR ( '', #1879 ) ;
#3279 = FILL_AREA_STYLE ('',( #288 ) ) ;
#3280 = AXIS2_PLACEMENT_3D ( 'NONE', #41, #1150, #1111 ) ;
#3281 = CARTESIAN_POINT ( 'NONE',  ( -1.100000000000000089, 1.250000000000000000, 0.6000000000000000888 ) ) ;
#3282 = COLOUR_RGB ( '',0.007843137254901960675, 0.2392156862745097867, 0.8235294117647058432 ) ;
#3283 =( NAMED_UNIT ( * ) SI_UNIT ( $, .STERADIAN. ) SOLID_ANGLE_UNIT ( ) );
#3284 = COLOUR_RGB ( '',0.6470588235294117974, 0.6196078431372549211, 0.5882352941176470784 ) ;
#3285 = DIRECTION ( 'NONE',  ( 0.000000000000000000, 0.000000000000000000, 1.000000000000000000 ) ) ;
#3286 = DIRECTION ( 'NONE',  ( -1.000000000000000000, 0.000000000000000000, 0.000000000000000000 ) ) ;
#3287 = DIRECTION ( 'NONE',  ( 1.000000000000000000, 0.000000000000000000, 0.000000000000000000 ) ) ;
#3288 = EDGE_CURVE ( 'NONE', #3247, #3484, #550, .T. ) ;
#3289 = DIRECTION ( 'NONE',  ( 0.000000000000000000, 0.000000000000000000, -1.000000000000000000 ) ) ;
#3290 = CARTESIAN_POINT ( 'NONE',  ( -0.5507995028997515474, -0.9939223609342915378, 0.9390132375355650929 ) ) ;
#3291 = FILL_AREA_STYLE_COLOUR ( '', #1644 ) ;
#3292 =( LENGTH_UNIT ( ) NAMED_UNIT ( * ) SI_UNIT ( .MILLI., .METRE. ) );
#3293 = CARTESIAN_POINT ( 'NONE',  ( 1.099999999999999423, 1.249999999999999778, 0.2000000000000000111 ) ) ;
#3294 = ORIENTED_EDGE ( 'NONE', *, *, #2914, .F. ) ;
#3295 = CARTESIAN_POINT ( 'NONE',  ( -0.5507995028997515474, -0.7920335525291258838, 1.188977548826812169 ) ) ;
#3296 = FILL_AREA_STYLE ('',( #3278 ) ) ;
#3297 = DIRECTION ( 'NONE',  ( 1.000000000000000000, 0.000000000000000000, 0.000000000000000000 ) ) ;
#3298 = CARTESIAN_POINT ( 'NONE',  ( 0.4257995028997517695, -1.250000000000000222, 0.2000000000000000111 ) ) ;
#3299 = CARTESIAN_POINT ( 'NONE',  ( 0.5507995028997515474, -1.043886672225537993, 0.9409020459407303472 ) ) ;
#3300 = CARTESIAN_POINT ( 'NONE',  ( -0.5507995028997515474, -0.9939223609342917598, 0.9390132375355648708 ) ) ;
#3301 = CARTESIAN_POINT ( 'NONE',  ( -0.6007995028997513698, -0.5118087152274390927, 1.139013237535566381 ) ) ;
#3302 = CARTESIAN_POINT ( 'NONE',  ( -0.7499999999999988898, -0.5596950455675224756, 0.9499999999999999556 ) ) ;
#3303 =( LENGTH_UNIT ( ) NAMED_UNIT ( * ) SI_UNIT ( .MILLI., .METRE. ) );
#3304 = LINE ( 'NONE', #3587, #2677 ) ;
#3305 = CARTESIAN_POINT ( 'NONE',  ( -0.5507995028997515474, -0.7939223609342918042, 1.139013237535566159 ) ) ;
#3306 = CARTESIAN_POINT ( 'NONE',  ( -0.6999999999999998446, -1.199999999999999956, -0.05000000000000000278 ) ) ;
#3307 = FILL_AREA_STYLE_COLOUR ( '', #1823 ) ;
#3308 = SURFACE_STYLE_FILL_AREA ( #1393 ) ;
#3309 = ORIENTED_EDGE ( 'NONE', *, *, #2002, .T. ) ;
#3310 = AXIS2_PLACEMENT_3D ( 'NONE', #872, #3092, #3074 ) ;
#3311 =( NAMED_UNIT ( * ) SI_UNIT ( $, .STERADIAN. ) SOLID_ANGLE_UNIT ( ) );
#3312 = CIRCLE ( 'NONE', #649, 0.02499999999999995628 ) ;
#3313 = CARTESIAN_POINT ( 'NONE',  ( 0.4257995028997516584, -1.050000000000000044, 0.1500000000000000222 ) ) ;
#3314 = PRESENTATION_LAYER_ASSIGNMENT (  '', '', ( #2683 ) ) ;
#3315 = UNCERTAINTY_MEASURE_WITH_UNIT (LENGTH_MEASURE( 1.000000000000000082E-05 ), #3018, 'distance_accuracy_value', 'NONE');
#3316 =( NAMED_UNIT ( * ) SI_UNIT ( $, .STERADIAN. ) SOLID_ANGLE_UNIT ( ) );
#3317 = CARTESIAN_POINT ( 'NONE',  ( -0.6007995028997513698, -1.042780233878517260, 1.087327749385893272 ) ) ;
#3318 = EDGE_CURVE ( 'NONE', #543, #1776, #1074, .T. ) ;
#3319 = DIRECTION ( 'NONE',  ( 1.000000000000000000, 0.000000000000000000, 0.000000000000000000 ) ) ;
#3320 = PRESENTATION_STYLE_ASSIGNMENT (( #257 ) ) ;
#3321 = CYLINDRICAL_SURFACE ( 'NONE', #912, 0.02499999999999995628 ) ;
#3322 = VECTOR ( 'NONE', #1749, 1000.000000000000000 ) ;
#3323 =( LENGTH_UNIT ( ) NAMED_UNIT ( * ) SI_UNIT ( .MILLI., .METRE. ) );
#3324 = PRESENTATION_LAYER_ASSIGNMENT (  '', '', ( #3571 ) ) ;
#3325 = COLOUR_RGB ( '',0.2980392156862745057, 0.2980392156862745057, 0.2980392156862745057 ) ;
#3326 =( LENGTH_UNIT ( ) NAMED_UNIT ( * ) SI_UNIT ( .MILLI., .METRE. ) );
#3327 = EDGE_CURVE ( 'NONE', #3392, #1443, #240, .T. ) ;
#3328 = ORIENTED_EDGE ( 'NONE', *, *, #2847, .T. ) ;
#3329 = EDGE_CURVE ( 'NONE', #3448, #99, #629, .T. ) ;
#3330 = CARTESIAN_POINT ( 'NONE',  ( -0.5507995028997515474, -0.5402279655489612420, 1.139013237535566159 ) ) ;
#3331 = ORIENTED_EDGE ( 'NONE', *, *, #3176, .F. ) ;
#3332 =( NAMED_UNIT ( * ) SI_UNIT ( $, .STERADIAN. ) SOLID_ANGLE_UNIT ( ) );
#3333 = CARTESIAN_POINT ( 'NONE',  ( -0.5507995028997515474, -0.9439580496430451939, 0.9371244291303991725 ) ) ;
#3334 = MECHANICAL_DESIGN_GEOMETRIC_PRESENTATION_REPRESENTATION (  '', ( #382 ), #960 ) ;
#3335 = FILL_AREA_STYLE_COLOUR ( '', #2607 ) ;
#3336 = LINE ( 'NONE', #3580, #211 ) ;
#3337 =( BOUNDED_CURVE ( )  B_SPLINE_CURVE ( 3, ( #1928, #2270, #2521, #2739 ),
 .UNSPECIFIED., .F., .F. ) 
 B_SPLINE_CURVE_WITH_KNOTS ( ( 4, 4 ),
 ( 0.000000000000000000, 1.000000000000000000 ),
 .UNSPECIFIED. ) 
 CURVE ( )  GEOMETRIC_REPRESENTATION_ITEM ( )  RATIONAL_B_SPLINE_CURVE ( ( 1.000000000000000000, 0.8047378541243631611, 0.8047378541243631611, 1.000000000000000000 ) ) 
 REPRESENTATION_ITEM ( '' )  );
#3338 = PRESENTATION_LAYER_ASSIGNMENT (  '', '', ( #2257 ) ) ;
#3339 =( GEOMETRIC_REPRESENTATION_CONTEXT ( 3 ) GLOBAL_UNCERTAINTY_ASSIGNED_CONTEXT ( ( #3315 ) ) GLOBAL_UNIT_ASSIGNED_CONTEXT ( ( #3018, #3518, #475 ) ) REPRESENTATION_CONTEXT ( 'NONE', 'WORKASPACE' ) );
#3340 = CARTESIAN_POINT ( 'NONE',  ( 0.8499999999999996447, 0.9000000000000000222, 0.9499999999999999556 ) ) ;
#3341 =( GEOMETRIC_REPRESENTATION_CONTEXT ( 3 ) GLOBAL_UNCERTAINTY_ASSIGNED_CONTEXT ( ( #3116 ) ) GLOBAL_UNIT_ASSIGNED_CONTEXT ( ( #69, #90, #917 ) ) REPRESENTATION_CONTEXT ( 'NONE', 'WORKASPACE' ) );
#3342 = STYLED_ITEM ( 'NONE', ( #1215 ), #1135 ) ;
#3343 =( GEOMETRIC_REPRESENTATION_CONTEXT ( 3 ) GLOBAL_UNCERTAINTY_ASSIGNED_CONTEXT ( ( #3206 ) ) GLOBAL_UNIT_ASSIGNED_CONTEXT ( ( #345, #3142, #2030 ) ) REPRESENTATION_CONTEXT ( 'NONE', 'WORKASPACE' ) );
#3344 = SURFACE_STYLE_FILL_AREA ( #1371 ) ;
#3345 = SURFACE_SIDE_STYLE ('',( #530 ) ) ;
#3346 = SURFACE_STYLE_FILL_AREA ( #1130 ) ;
#3347 =( LENGTH_UNIT ( ) NAMED_UNIT ( * ) SI_UNIT ( .MILLI., .METRE. ) );
#3348 = LINE ( 'NONE', #3152, #600 ) ;
#3349 = ORIENTED_EDGE ( 'NONE', *, *, #3553, .F. ) ;
#3350 = CARTESIAN_POINT ( 'NONE',  ( -0.8999999999999996891, -0.6096950455675224090, 0.9000000000000000222 ) ) ;
#3351 = EDGE_CURVE ( 'NONE', #2302, #3192, #1037, .T. ) ;
#3352 = MECHANICAL_DESIGN_GEOMETRIC_PRESENTATION_REPRESENTATION (  '', ( #2605 ), #1039 ) ;
#3353 =( NAMED_UNIT ( * ) PLANE_ANGLE_UNIT ( ) SI_UNIT ( $, .RADIAN. ) );
#3354 = DIRECTION ( 'NONE',  ( -0.000000000000000000, -1.000000000000000000, -0.000000000000000000 ) ) ;
#3355 = UNCERTAINTY_MEASURE_WITH_UNIT (LENGTH_MEASURE( 1.000000000000000082E-05 ), #3303, 'distance_accuracy_value', 'NONE');
#3356 =( NAMED_UNIT ( * ) SI_UNIT ( $, .STERADIAN. ) SOLID_ANGLE_UNIT ( ) );
#3357 = CARTESIAN_POINT ( 'NONE',  ( 0.5507995028997515474, -0.7939223609342919152, 1.139013237535566381 ) ) ;
#3358 = FACE_OUTER_BOUND ( 'NONE', #1535, .T. ) ;
#3359 = STYLED_ITEM ( 'NONE', ( #857 ), #439 ) ;
#3360 =( NAMED_UNIT ( * ) SI_UNIT ( $, .STERADIAN. ) SOLID_ANGLE_UNIT ( ) );
#3361 = COLOUR_RGB ( '',0.007843137254901960675, 0.2392156862745097867, 0.8235294117647058432 ) ;
#3362 = LINE ( 'NONE', #3021, #1877 ) ;
#3363 = FILL_AREA_STYLE_COLOUR ( '', #2645 ) ;
#3364 = UNCERTAINTY_MEASURE_WITH_UNIT (LENGTH_MEASURE( 1.000000000000000082E-05 ), #2553, 'distance_accuracy_value', 'NONE');
#3365 = SURFACE_STYLE_FILL_AREA ( #2531 ) ;
#3366 = ORIENTED_EDGE ( 'NONE', *, *, #65, .F. ) ;
#3367 = LINE ( 'NONE', #2298, #1761 ) ;
#3368 = PRESENTATION_STYLE_ASSIGNMENT (( #623 ) ) ;
#3369 = PRESENTATION_STYLE_ASSIGNMENT (( #1789 ) ) ;
#3370 = ORIENTED_EDGE ( 'NONE', *, *, #1725, .F. ) ;
#3371 = LINE ( 'NONE', #2006, #1334 ) ;
#3372 = PRESENTATION_STYLE_ASSIGNMENT (( #49 ) ) ;
#3373 = ORIENTED_EDGE ( 'NONE', *, *, #2862, .F. ) ;
#3374 = PRESENTATION_LAYER_ASSIGNMENT (  '', '', ( #1112 ) ) ;
#3375 = CARTESIAN_POINT ( 'NONE',  ( -0.6007995028997513698, -0.5387174280381431535, 1.049999999999999822 ) ) ;
#3376 = CARTESIAN_POINT ( 'NONE',  ( 0.4257995028997517695, -1.250000000000000222, 0.1500000000000000222 ) ) ;
#3377 = CARTESIAN_POINT ( 'NONE',  ( -0.6007995028997513698, -0.8837000409450584959, 1.087942487897297417 ) ) ;
#3378 = VECTOR ( 'NONE', #817, 1000.000000000000000 ) ;
#3379 = CARTESIAN_POINT ( 'NONE',  ( 0.5507995028997514364, -0.4913372246352309403, 1.119301011335299911 ) ) ;
#3380 = EDGE_CURVE ( 'NONE', #3209, #1270, #1242, .T. ) ;
#3381 = FACE_OUTER_BOUND ( 'NONE', #1494, .T. ) ;
#3382 = SURFACE_STYLE_FILL_AREA ( #1653 ) ;
#3383 = CARTESIAN_POINT ( 'NONE',  ( -0.6007995028997513698, -0.4387174280381433422, 1.049999999999999822 ) ) ;
#3384 = ORIENTED_EDGE ( 'NONE', *, *, #1621, .F. ) ;
#3385 = CARTESIAN_POINT ( 'NONE',  ( 0.6007995028997513698, -0.7958111693394577246, 1.089048926244319704 ) ) ;
#3386 = AXIS2_PLACEMENT_3D ( 'NONE', #1936, #3034, #2441 ) ;
#3387 = DIRECTION ( 'NONE',  ( 1.000000000000000000, 0.000000000000000000, 0.000000000000000000 ) ) ;
#3388 = ADVANCED_FACE ( 'NONE', ( #1387 ), #2484, .T. ) ;
#3389 = ORIENTED_EDGE ( 'NONE', *, *, #1847, .F. ) ;
#3390 = CARTESIAN_POINT ( 'NONE',  ( -1.050000000000000044, -1.199999999999999956, 0.000000000000000000 ) ) ;
#3391 =( LENGTH_UNIT ( ) NAMED_UNIT ( * ) SI_UNIT ( .MILLI., .METRE. ) );
#3392 = VERTEX_POINT ( 'NONE', #515 ) ;
#3393 = ORIENTED_EDGE ( 'NONE', *, *, #2178, .T. ) ;
#3394 = CARTESIAN_POINT ( 'NONE',  ( -0.6007995028997513698, -0.4902636542577143985, 1.090902045940732146 ) ) ;
#3395 = CARTESIAN_POINT ( 'NONE',  ( -1.050000000000000044, 1.199999999999999956, -0.05000000000000000278 ) ) ;
#3396 = PRESENTATION_LAYER_ASSIGNMENT (  '', '', ( #2879 ) ) ;
#3397 = PRESENTATION_LAYER_ASSIGNMENT (  '', '', ( #205 ) ) ;
#3398 = CARTESIAN_POINT ( 'NONE',  ( 0.5507995028997515474, -0.4902636542577149537, 1.090902045940732368 ) ) ;
#3399 = STYLED_ITEM ( 'NONE', ( #650 ), #2529 ) ;
#3400 = CARTESIAN_POINT ( 'NONE',  ( 0.5507995028997515474, -0.9939223609342915378, 0.2000000000000000944 ) ) ;
#3401 = CARTESIAN_POINT ( 'NONE',  ( 0.5507995028997515474, -0.5402279655489614640, 1.139013237535566159 ) ) ;
#3402 = CLOSED_SHELL ( 'NONE', ( #2385, #1247, #596, #1192 ) ) ;
#3403 = COLOUR_RGB ( '',0.6470588235294117974, 0.6196078431372549211, 0.5882352941176470784 ) ;
#3404 = AXIS2_PLACEMENT_3D ( 'NONE', #762, #976, #2955 ) ;
#3405 = DIRECTION ( 'NONE',  ( -0.000000000000000000, -0.000000000000000000, -1.000000000000000000 ) ) ;
#3406 = FILL_AREA_STYLE_COLOUR ( '', #1376 ) ;
#3407 = DIRECTION ( 'NONE',  ( -0.000000000000000000, 0.000000000000000000, 1.000000000000000000 ) ) ;
#3408 = ADVANCED_FACE ( 'NONE', ( #3256 ), #1598, .F. ) ;
#3409 = MECHANICAL_DESIGN_GEOMETRIC_PRESENTATION_REPRESENTATION (  '', ( #1601 ), #3343 ) ;
#3410 = CIRCLE ( 'NONE', #3404, 0.1000000000000000472 ) ;
#3411 = CARTESIAN_POINT ( 'NONE',  ( -0.8500000000000007550, 0.8999999999999990230, 0.9499999999999999556 ) ) ;
#3412 = EDGE_LOOP ( 'NONE', ( #2390, #923, #936, #2321 ) ) ;
#3413 = DIRECTION ( 'NONE',  ( -1.000000000000000000, -0.000000000000000000, -0.000000000000000000 ) ) ;
#3414 = FILL_AREA_STYLE_COLOUR ( '', #3531 ) ;
#3415 = ORIENTED_EDGE ( 'NONE', *, *, #707, .F. ) ;
#3416 = ORIENTED_EDGE ( 'NONE', *, *, #334, .T. ) ;
#3417 = CARTESIAN_POINT ( 'NONE',  ( -0.6007995028997513698, -0.4387174280381433422, 1.049999999999999822 ) ) ;
#3418 = CARTESIAN_POINT ( 'NONE',  ( 0.5507995028997515474, -0.7939223609342919152, 1.139013237535566381 ) ) ;
#3419 = FILL_AREA_STYLE ('',( #3132 ) ) ;
#3420 = CARTESIAN_POINT ( 'NONE',  ( 0.5507995028997515474, -0.5421167739541268293, 1.089048926244320148 ) ) ;
#3421 = DIRECTION ( 'NONE',  ( 0.000000000000000000, -0.000000000000000000, 1.000000000000000000 ) ) ;
#3422 = CARTESIAN_POINT ( 'NONE',  ( 0.5507995028997514364, -0.9939223609342927590, 1.056170525060946552 ) ) ;
#3423 = LINE ( 'NONE', #3148, #1428 ) ;
#3424 = PRESENTATION_STYLE_ASSIGNMENT (( #2563 ) ) ;
#3425 = ORIENTED_EDGE ( 'NONE', *, *, #3060, .F. ) ;
#3426 =( BOUNDED_CURVE ( )  B_SPLINE_CURVE ( 3, ( #3207, #2774, #1907, #3022 ),
 .UNSPECIFIED., .F., .F. ) 
 B_SPLINE_CURVE_WITH_KNOTS ( ( 4, 4 ),
 ( 0.000000000000000000, 1.000000000000000000 ),
 .UNSPECIFIED. ) 
 CURVE ( )  GEOMETRIC_REPRESENTATION_ITEM ( )  RATIONAL_B_SPLINE_CURVE ( ( 1.000000000000000000, 0.8135592450094720762, 0.8135592450094720762, 1.000000000000000000 ) ) 
 REPRESENTATION_ITEM ( '' )  );
#3427 = FILL_AREA_STYLE_COLOUR ( '', #1766 ) ;
#3428 = CARTESIAN_POINT ( 'NONE',  ( 0.6007995028997513698, -0.7939223609342918042, 1.139013237535566159 ) ) ;
#3429 = ORIENTED_EDGE ( 'NONE', *, *, #327, .F. ) ;
#3430 = VERTEX_POINT ( 'NONE', #295 ) ;
#3431 = DIRECTION ( 'NONE',  ( 1.000000000000000000, -9.035018104045870694E-17, 0.000000000000000000 ) ) ;
#3432 = LINE ( 'NONE', #1177, #2882 ) ;
#3433 =( NAMED_UNIT ( * ) PLANE_ANGLE_UNIT ( ) SI_UNIT ( $, .RADIAN. ) );
#3434 =( NAMED_UNIT ( * ) PLANE_ANGLE_UNIT ( ) SI_UNIT ( $, .RADIAN. ) );
#3435 = FILL_AREA_STYLE ('',( #915 ) ) ;
#3436 = CARTESIAN_POINT ( 'NONE',  ( 0.6007995028997513698, -0.5402636542577144985, 1.090902045940732590 ) ) ;
#3437 = CARTESIAN_POINT ( 'NONE',  ( -0.7000000000000000666, 1.199999999999999956, 0.000000000000000000 ) ) ;
#3438 = SURFACE_STYLE_FILL_AREA ( #182 ) ;
#3439 = ORIENTED_EDGE ( 'NONE', *, *, #3049, .F. ) ;
#3440 = CARTESIAN_POINT ( 'NONE',  ( -0.5507995028997514364, -0.9939223609342927590, 1.056170525060946552 ) ) ;
#3441 = UNCERTAINTY_MEASURE_WITH_UNIT (LENGTH_MEASURE( 1.000000000000000082E-05 ), #2748, 'distance_accuracy_value', 'NONE');
#3442 = EDGE_CURVE ( 'NONE', #119, #1753, #2838, .T. ) ;
#3443 = DIRECTION ( 'NONE',  ( 1.000000000000000000, 0.000000000000000000, -0.000000000000000000 ) ) ;
#3444 = EDGE_LOOP ( 'NONE', ( #79, #2518 ) ) ;
#3445 = EDGE_CURVE ( 'NONE', #2682, #2172, #1688, .T. ) ;
#3446 = FACE_OUTER_BOUND ( 'NONE', #191, .T. ) ;
#3447 = DIRECTION ( 'NONE',  ( 0.000000000000000000, -0.000000000000000000, 1.000000000000000000 ) ) ;
#3448 = VERTEX_POINT ( 'NONE', #52 ) ;
#3449 = EDGE_CURVE ( 'NONE', #1584, #1776, #17, .T. ) ;
#3450 = EDGE_LOOP ( 'NONE', ( #1499, #2099 ) ) ;
#3451 = VECTOR ( 'NONE', #1693, 1000.000000000000000 ) ;
#3452 = FACE_OUTER_BOUND ( 'NONE', #764, .T. ) ;
#3453 = CARTESIAN_POINT ( 'NONE',  ( 0.5507995028997515474, -0.9450644879900680362, 1.025013300735999611 ) ) ;
#3454 = VECTOR ( 'NONE', #1781, 1000.000000000000000 ) ;
#3455 = DIRECTION ( 'NONE',  ( 0.000000000000000000, 0.000000000000000000, 1.000000000000000000 ) ) ;
#3456 = FILL_AREA_STYLE ('',( #1219 ) ) ;
#3457 = CARTESIAN_POINT ( 'NONE',  ( 0.6007995028997513698, -0.9939223609342915378, 0.9390132375355650929 ) ) ;
#3458 = COLOUR_RGB ( '',0.2980392156862745057, 0.2980392156862745057, 0.2980392156862745057 ) ;
#3459 = FACE_OUTER_BOUND ( 'NONE', #3592, .T. ) ;
#3460 = LINE ( 'NONE', #1820, #1079 ) ;
#3461 = CARTESIAN_POINT ( 'NONE',  ( -0.6007995028997514808, -0.9110796484596737077, 1.139013237535566159 ) ) ;
#3462 = CIRCLE ( 'NONE', #2639, 0.02499999999999995628 ) ;
#3463 = VECTOR ( 'NONE', #2343, 1000.000000000000000 ) ;
#3464 = SURFACE_STYLE_USAGE ( .BOTH. , #684 ) ;
#3465 = PRESENTATION_LAYER_ASSIGNMENT (  '', '', ( #858 ) ) ;
#3466 = SURFACE_SIDE_STYLE ('',( #3225 ) ) ;
#3467 =( GEOMETRIC_REPRESENTATION_CONTEXT ( 3 ) GLOBAL_UNCERTAINTY_ASSIGNED_CONTEXT ( ( #2968 ) ) GLOBAL_UNIT_ASSIGNED_CONTEXT ( ( #1723, #3159, #3356 ) ) REPRESENTATION_CONTEXT ( 'NONE', 'WORKASPACE' ) );
#3468 = ORIENTED_EDGE ( 'NONE', *, *, #227, .F. ) ;
#3469 = UNCERTAINTY_MEASURE_WITH_UNIT (LENGTH_MEASURE( 1.000000000000000082E-05 ), #2327, 'distance_accuracy_value', 'NONE');
#3470 = CARTESIAN_POINT ( 'NONE',  ( 1.050000000000000044, -1.199999999999999956, -0.05000000000000000278 ) ) ;
#3471 = DIRECTION ( 'NONE',  ( -6.532538464707945869E-16, 1.000000000000000000, 0.000000000000000000 ) ) ;
#3472 = ORIENTED_EDGE ( 'NONE', *, *, #3509, .T. ) ;
#3473 = ORIENTED_EDGE ( 'NONE', *, *, #3215, .T. ) ;
#3474 = CARTESIAN_POINT ( 'NONE',  ( 0.5757995028997514586, -0.9939223609342915378, 0.9390132375355650929 ) ) ;
#3475 = CARTESIAN_POINT ( 'NONE',  ( 0.5507995028997515474, -0.9939223609342915378, 0.9390132375355652039 ) ) ;
#3476 = CARTESIAN_POINT ( 'NONE',  ( 1.099999999999999423, 1.249999999999999778, 0.2000000000000000111 ) ) ;
#3477 = DIRECTION ( 'NONE',  ( -6.532538464707945869E-16, -1.000000000000000000, 0.000000000000000000 ) ) ;
#3478 = DIRECTION ( 'NONE',  ( 0.000000000000000000, 0.000000000000000000, -1.000000000000000000 ) ) ;
#3479 = CARTESIAN_POINT ( 'NONE',  ( -0.5507995028997515474, -0.9439580496430451939, 0.9371244291303991725 ) ) ;
#3480 =( NAMED_UNIT ( * ) SI_UNIT ( $, .STERADIAN. ) SOLID_ANGLE_UNIT ( ) );
#3481 = ORIENTED_EDGE ( 'NONE', *, *, #721, .F. ) ;
#3482 = FACE_OUTER_BOUND ( 'NONE', #925, .T. ) ;
#3483 = ORIENTED_EDGE ( 'NONE', *, *, #810, .T. ) ;
#3484 = VERTEX_POINT ( 'NONE', #2855 ) ;
#3485 = ORIENTED_EDGE ( 'NONE', *, *, #2647, .F. ) ;
#3486 = DIRECTION ( 'NONE',  ( 0.000000000000000000, 1.000000000000000000, 0.000000000000000000 ) ) ;
#3487 = CARTESIAN_POINT ( 'NONE',  ( 1.100000000000000311, -1.250000000000000222, 0.6000000000000000888 ) ) ;
#3488 = CARTESIAN_POINT ( 'NONE',  ( -0.5507995028997514364, -0.4913372246352309403, 1.119301011335299911 ) ) ;
#3489 = ADVANCED_FACE ( 'NONE', ( #310 ), #2245, .T. ) ;
#3490 = CARTESIAN_POINT ( 'NONE',  ( -0.5507995028997515474, -0.5402279655489612420, 1.139013237535566159 ) ) ;
#3491 =( LENGTH_UNIT ( ) NAMED_UNIT ( * ) SI_UNIT ( .MILLI., .METRE. ) );
#3492 =( LENGTH_UNIT ( ) NAMED_UNIT ( * ) SI_UNIT ( .MILLI., .METRE. ) );
#3493 = EDGE_CURVE ( 'NONE', #1443, #2038, #2653, .T. ) ;
#3494 = CARTESIAN_POINT ( 'NONE',  ( 0.6007995028997513698, -0.9939223609342917598, 0.9390132375355648708 ) ) ;
#3495 = AXIS2_PLACEMENT_3D ( 'NONE', #2160, #488, #1857 ) ;
#3496 = FILL_AREA_STYLE ('',( #464 ) ) ;
#3497 = SURFACE_STYLE_FILL_AREA ( #2401 ) ;
#3498 =( NAMED_UNIT ( * ) PLANE_ANGLE_UNIT ( ) SI_UNIT ( $, .RADIAN. ) );
#3499 = CIRCLE ( 'NONE', #3495, 0.02499999999999995628 ) ;
#3500 = LINE ( 'NONE', #1241, #1521 ) ;
#3501 = VECTOR ( 'NONE', #1141, 1000.000000000000000 ) ;
#3502 = AXIS2_PLACEMENT_3D ( 'NONE', #2161, #2395, #2943 ) ;
#3503 = UNCERTAINTY_MEASURE_WITH_UNIT (LENGTH_MEASURE( 1.000000000000000082E-05 ), #2667, 'distance_accuracy_value', 'NONE');
#3504 = CARTESIAN_POINT ( 'NONE',  ( -1.050000000000000044, -1.199999999999999956, -0.05000000000000000278 ) ) ;
#3505 = FILL_AREA_STYLE ('',( #1044 ) ) ;
#3506 = ORIENTED_EDGE ( 'NONE', *, *, #339, .T. ) ;
#3507 = ORIENTED_EDGE ( 'NONE', *, *, #1295, .T. ) ;
#3508 = ORIENTED_EDGE ( 'NONE', *, *, #267, .F. ) ;
#3509 = EDGE_CURVE ( 'NONE', #2646, #1699, #3214, .T. ) ;
#3511 = SURFACE_SIDE_STYLE ('',( #195 ) ) ;
#3510 =( GEOMETRIC_REPRESENTATION_CONTEXT ( 3 ) GLOBAL_UNCERTAINTY_ASSIGNED_CONTEXT ( ( #2564 ) ) GLOBAL_UNIT_ASSIGNED_CONTEXT ( ( #1167, #2552, #26 ) ) REPRESENTATION_CONTEXT ( 'NONE', 'WORKASPACE' ) );
#3512 = LINE ( 'NONE', #3487, #213 ) ;
#3513 = SURFACE_STYLE_USAGE ( .BOTH. , #2706 ) ;
#3514 = MECHANICAL_DESIGN_GEOMETRIC_PRESENTATION_REPRESENTATION (  '', ( #3571 ), #604 ) ;
#3515 = CARTESIAN_POINT ( 'NONE',  ( -0.7499999999999988898, -0.5596950455675224756, 0.9499999999999999556 ) ) ;
#3516 = SURFACE_STYLE_FILL_AREA ( #1612 ) ;
#3517 = COLOUR_RGB ( '',0.6470588235294117974, 0.6196078431372549211, 0.5882352941176470784 ) ;
#3518 =( NAMED_UNIT ( * ) PLANE_ANGLE_UNIT ( ) SI_UNIT ( $, .RADIAN. ) );
#3519 = SURFACE_STYLE_FILL_AREA ( #3496 ) ;
#3520 = CARTESIAN_POINT ( 'NONE',  ( -0.5507995028997515474, -0.4887174280381432756, 0.9499999999999999556 ) ) ;
#3521 = DIRECTION ( 'NONE',  ( 1.000000000000000000, 0.000000000000000000, 0.000000000000000000 ) ) ;
#3522 = PRESENTATION_LAYER_ASSIGNMENT (  '', '', ( #1479 ) ) ;
#3523 = CARTESIAN_POINT ( 'NONE',  ( -0.7499999999999995559, -0.4596950455675224423, 0.9499999999999999556 ) ) ;
#3524 = VECTOR ( 'NONE', #2469, 1000.000000000000000 ) ;
#3525 =( GEOMETRIC_REPRESENTATION_CONTEXT ( 3 ) GLOBAL_UNCERTAINTY_ASSIGNED_CONTEXT ( ( #1997 ) ) GLOBAL_UNIT_ASSIGNED_CONTEXT ( ( #3223, #760, #2967 ) ) REPRESENTATION_CONTEXT ( 'NONE', 'WORKASPACE' ) );
#3526 = VECTOR ( 'NONE', #336, 1000.000000000000000 ) ;
#3527 = STYLED_ITEM ( 'NONE', ( #2964 ), #770 ) ;
#3528 = B_SPLINE_CURVE_WITH_KNOTS ( 'NONE', 1,
 ( #2381, #1786 ),
 .UNSPECIFIED., .F., .F.,
 ( 2, 2 ),
 ( 0.000000000000000000, 1.000000000000000000 ),
 .UNSPECIFIED. ) ;
#3529 = PLANE ( 'NONE',  #3188 ) ;
#3530 = EDGE_LOOP ( 'NONE', ( #2305, #2663, #815, #731 ) ) ;
#3531 = COLOUR_RGB ( '',0.6470588235294117974, 0.6196078431372549211, 0.5882352941176470784 ) ;
#3532 = EDGE_LOOP ( 'NONE', ( #2622, #2845, #1212, #3415 ) ) ;
#3533 = STYLED_ITEM ( 'NONE', ( #1991 ), #1096 ) ;
#3534 = ORIENTED_EDGE ( 'NONE', *, *, #2635, .F. ) ;
#3535 = CARTESIAN_POINT ( 'NONE',  ( -0.5507995028997515474, -0.5402279655489614640, 1.139013237535566159 ) ) ;
#3536 = LINE ( 'NONE', #1862, #567 ) ;
#3537 = CARTESIAN_POINT ( 'NONE',  ( 0.9000000000000006883, 1.049999999999999822, 0.9000000000000000222 ) ) ;
#3538 = B_SPLINE_CURVE_WITH_KNOTS ( 'NONE', 1,
 ( #2166, #2420 ),
 .UNSPECIFIED., .F., .F.,
 ( 2, 2 ),
 ( 0.000000000000000000, 1.000000000000000000 ),
 .UNSPECIFIED. ) ;
#3539 = CARTESIAN_POINT ( 'NONE',  ( -0.6007995028997513698, -0.5413372246352307071, 1.090881761013778428 ) ) ;
#3540 = CARTESIAN_POINT ( 'NONE',  ( 0.9000000000000006883, 1.049999999999999822, 0.9000000000000000222 ) ) ;
#3541 = MECHANICAL_DESIGN_GEOMETRIC_PRESENTATION_REPRESENTATION (  '', ( #2102 ), #1800 ) ;
#3542 = DIRECTION ( 'NONE',  ( -0.000000000000000000, 0.000000000000000000, 1.000000000000000000 ) ) ;
#3543 = UNCERTAINTY_MEASURE_WITH_UNIT (LENGTH_MEASURE( 1.000000000000000082E-05 ), #2889, 'distance_accuracy_value', 'NONE');
#3544 = CARTESIAN_POINT ( 'NONE',  ( -0.7257995028997513698, -1.050000000000000044, 0.1500000000000000222 ) ) ;
#3545 = VERTEX_POINT ( 'NONE', #2890 ) ;
#3546 = ORIENTED_EDGE ( 'NONE', *, *, #361, .T. ) ;
#3547 = PRESENTATION_LAYER_ASSIGNMENT (  '', '', ( #2102 ) ) ;
#3548 =( LENGTH_UNIT ( ) NAMED_UNIT ( * ) SI_UNIT ( .MILLI., .METRE. ) );
#3549 = CARTESIAN_POINT ( 'NONE',  ( -0.6007995028997513698, -0.5402279655489614640, 1.139013237535566159 ) ) ;
#3550 = CARTESIAN_POINT ( 'NONE',  ( -0.9000000000000006883, 1.049999999999999822, 0.2000000000000000111 ) ) ;
#3551 =( LENGTH_UNIT ( ) NAMED_UNIT ( * ) SI_UNIT ( .MILLI., .METRE. ) );
#3552 = DIRECTION ( 'NONE',  ( 6.532538464707945869E-16, -1.000000000000000000, 0.000000000000000000 ) ) ;
#3553 = EDGE_CURVE ( 'NONE', #3245, #2008, #1546, .T. ) ;
#3554 = CARTESIAN_POINT ( 'NONE',  ( -0.4257995028997514364, -1.250000000000000222, 0.1500000000000000222 ) ) ;
#3555 = ADVANCED_FACE ( 'NONE', ( #1816 ), #2224, .T. ) ;
#3556 = PRESENTATION_LAYER_ASSIGNMENT (  '', '', ( #3089 ) ) ;
#3557 =( NAMED_UNIT ( * ) PLANE_ANGLE_UNIT ( ) SI_UNIT ( $, .RADIAN. ) );
#3558 =( LENGTH_UNIT ( ) NAMED_UNIT ( * ) SI_UNIT ( .MILLI., .METRE. ) );
#3559 = VERTEX_POINT ( 'NONE', #694 ) ;
#3560 =( LENGTH_UNIT ( ) NAMED_UNIT ( * ) SI_UNIT ( .MILLI., .METRE. ) );
#3561 =( NAMED_UNIT ( * ) PLANE_ANGLE_UNIT ( ) SI_UNIT ( $, .RADIAN. ) );
#3562 = CARTESIAN_POINT ( 'NONE',  ( -0.6007995028997513698, -0.9439580496430451939, 0.9371244291303991725 ) ) ;
#3563 = ORIENTED_EDGE ( 'NONE', *, *, #454, .T. ) ;
#3564 = FILL_AREA_STYLE ('',( #3048 ) ) ;
#3565 = ADVANCED_FACE ( 'NONE', ( #1801 ), #2906, .T. ) ;
#3566 =( NAMED_UNIT ( * ) PLANE_ANGLE_UNIT ( ) SI_UNIT ( $, .RADIAN. ) );
#3567 = CIRCLE ( 'NONE', #2568, 0.02499999999999995628 ) ;
#3568 =( NAMED_UNIT ( * ) PLANE_ANGLE_UNIT ( ) SI_UNIT ( $, .RADIAN. ) );
#3569 = CARTESIAN_POINT ( 'NONE',  ( 1.050000000000000044, 1.199999999999999956, -0.05000000000000000278 ) ) ;
#3570 =( LENGTH_UNIT ( ) NAMED_UNIT ( * ) SI_UNIT ( .MILLI., .METRE. ) );
#3571 = STYLED_ITEM ( 'NONE', ( #3040 ), #3123 ) ;
#3572 = CARTESIAN_POINT ( 'NONE',  ( -0.5507995028997515474, -0.4902636542577143985, 1.090902045940732146 ) ) ;
#3573 = PLANE ( 'NONE',  #1977 ) ;
#3574 = ORIENTED_EDGE ( 'NONE', *, *, #3161, .F. ) ;
#3575 = PRESENTATION_LAYER_ASSIGNMENT (  '', '', ( #1254 ) ) ;
#3576 = CARTESIAN_POINT ( 'NONE',  ( 1.100000000000000311, -1.250000000000000222, 0.2000000000000000111 ) ) ;
#3577 = ORIENTED_EDGE ( 'NONE', *, *, #2178, .F. ) ;
#3578 = CIRCLE ( 'NONE', #37, 0.02499999999999995628 ) ;
#3579 = CARTESIAN_POINT ( 'NONE',  ( 0.5507995028997515474, -0.4887174280381432756, 1.050000000000000044 ) ) ;
#3580 = CARTESIAN_POINT ( 'NONE',  ( -0.6007995028997513698, -0.4887174280381432756, 1.050000000000000044 ) ) ;
#3581 = PRESENTATION_LAYER_ASSIGNMENT (  '', '', ( #1483 ) ) ;
#3582 = CARTESIAN_POINT ( 'NONE',  ( 0.6007995028997513698, -1.043886672225537993, 0.9409020459407303472 ) ) ;
#3583 = CARTESIAN_POINT ( 'NONE',  ( -0.5507995028997515474, -1.043886672225537993, 0.9409020459407303472 ) ) ;
#3584 = CARTESIAN_POINT ( 'NONE',  ( -0.5507995028997515474, -0.5402636542577144985, 1.090902045940732590 ) ) ;
#3585 = DIRECTION ( 'NONE',  ( 0.000000000000000000, 0.000000000000000000, 1.000000000000000000 ) ) ;
#3586 = CARTESIAN_POINT ( 'NONE',  ( 0.5507995028997515474, -0.9939223609342915378, 0.9390132375355652039 ) ) ;
#3587 = CARTESIAN_POINT ( 'NONE',  ( -1.100000000000000311, -1.250000000000000222, 0.2000000000000000111 ) ) ;
#3588 = SURFACE_SIDE_STYLE ('',( #827 ) ) ;
#3589 = FILL_AREA_STYLE_COLOUR ( '', #1249 ) ;
#3590 =( LENGTH_UNIT ( ) NAMED_UNIT ( * ) SI_UNIT ( .MILLI., .METRE. ) );
#3591 = CARTESIAN_POINT ( 'NONE',  ( 0.5507995028997515474, -0.4402636542577145207, 1.090902045940731924 ) ) ;
#3592 = EDGE_LOOP ( 'NONE', ( #27, #539, #110, #2338 ) ) ;
#3593 = SURFACE_SIDE_STYLE ('',( #4 ) ) ;
#3594 = SURFACE_STYLE_FILL_AREA ( #3279 ) ;
#3595 = EDGE_CURVE ( 'NONE', #356, #1970, #198, .T. ) ;
#3596 = DIRECTION ( 'NONE',  ( 9.035018104045870694E-17, 1.000000000000000000, -0.000000000000000000 ) ) ;
#3597 =( BOUNDED_SURFACE ( )  B_SPLINE_SURFACE ( 3, 1, ( 
 ( #3063, #2449 ),
 ( #3295, #836 ),
 ( #1949, #1383 ),
 ( #1103, #2506 ),
 ( #1911, #1607 ),
 ( #232, #1121 ),
 ( #1625, #3330 ) ),
 .UNSPECIFIED., .T., .F., .F. ) 
 B_SPLINE_SURFACE_WITH_KNOTS ( ( 4, 3, 4 ),
 ( 2, 2 ),
 ( 0.000000000000000000, 0.5000000000000000000, 1.000000000000000000 ),
 ( 0.000000000000000000, 1.000000000000000000 ),
 .UNSPECIFIED. ) 
 GEOMETRIC_REPRESENTATION_ITEM ( )  RATIONAL_B_SPLINE_SURFACE ( (
 ( 1.000000000000000000, 1.000000000000000000),
 ( 0.3333333333333333703, 0.3333333333333333703),
 ( 0.3333333333333333703, 0.3333333333333333703),
 ( 1.000000000000000000, 1.000000000000000000),
 ( 0.3333333333333333703, 0.3333333333333333703),
 ( 0.3333333333333333703, 0.3333333333333333703),
 ( 1.000000000000000000, 1.000000000000000000) ) ) 
 REPRESENTATION_ITEM ( '' )  SURFACE ( )  );
#3598 = VECTOR ( 'NONE', #566, 1000.000000000000000 ) ;
#3599 =( NAMED_UNIT ( * ) SI_UNIT ( $, .STERADIAN. ) SOLID_ANGLE_UNIT ( ) );
#3600 = EDGE_CURVE ( 'NONE', #2997, #375, #2434, .T. ) ;
#3601 = APPLICATION_CONTEXT ( 'automotive_design' ) ;
#3602 = CARTESIAN_POINT ( 'NONE',  ( -1.050000000000000044, 1.199999999999999956, -0.05000000000000000278 ) ) ;
#3603 = CARTESIAN_POINT ( 'NONE',  ( 0.6007995028997513698, -0.5413372246352307071, 1.090881761013778428 ) ) ;
#3604 = CARTESIAN_POINT ( 'NONE',  ( 0.6007995028997513698, -0.9939223609342915378, 0.2000000000000000944 ) ) ;
#3605 = CARTESIAN_POINT ( 'NONE',  ( -1.100000000000000089, 1.250000000000000000, 0.6000000000000000888 ) ) ;
#3606 = DIRECTION ( 'NONE',  ( 0.000000000000000000, -0.03777616810331912295, -0.9992862258249284313 ) ) ;
#3607 = EDGE_CURVE ( 'NONE', #172, #628, #2981, .T. ) ;
ENDSEC;
END-ISO-10303-21;
